:020000041000EA
:1000000000400020D5350000C51400003536000042
:1000100000000000000000000000000000000000E0
:10002000000000000000000000000000D1350000CA
:1000300000000000000000005D040000D135000059
:10004000550E0000F103000019060000D135000034
:10005000D1350000D1350000014B0000D135000042
:1000600089010000D1350000D1350000D1350000F4
:10007000D1350000D1350000F50D0000B1130000AE
:10008000D1350000D1350000D1350000D135000058
:10009000D1350000D135000005080000D135000041
:1000A000D1350000D1350000D13500001104000029
:1000B000D1350000D1350000D1350000B516000063
:1000C00000047047D0B502AF72B601200402154992
:1000D0000C60BFF34F8FBFF36F8FC00401F09EFA27
:1000E00011480168114A0A43026011480168FF2261
:1000F000914301600F48C16880221143C1601921FA
:100100000160C3689343C36041610B49C160002132
:10011000416001698068094804600948046062B66A
:10012000D0BDC04680E100E0E8000140212200008F
:1001300008E400E0201800410310000080E200E025
:1001400000E100E0074BDA6059600178064A11606F
:1001500001219960401C18605068022101435160E0
:100160007047C046D80400202018004104490861A7
:100170000448C168016805220A4302607047C0460E
:10018000D804002024180041F8B504AF274A50686D
:100190000E230340022B0ED00A2B0CD0042B27D1A8
:1001A000101F006822490B69D168002B21D0C0B212
:1001B00089B29847F8BD06201840022819D11C4D75
:1001C0006968A868814215D9131F2C6826781E60BB
:1001D000401CA860631C2B6081420AD11068022376
:1001E00098431060EA68002A03D0002408460FE014
:1001F000D068F8BD1168022B0ED10223994311601B
:10020000116840230B431360EA68002AF1D00024F0
:1002100021469047EC60F8BD422399431160EA689B
:10022000002AE6D000219047F8BDC04624180041BE
:10023000D8040020BCB504AF054601A80170222DEA
:1002400001D90120BCBD0C4601A9284600F01AF8CE
:10025000002808D028206843044908184068044949
:100260000C540020BCBD0220BCBDC046147300006D
:10027000EC040020E0B502AF01AA1180114600F0A5
:1002800039F88CBDF8B504AF2822424318488618C7
:10029000307A0024032828D8784400794000874425
:1002A000011C070BB27A087890421ED3F17A19E04C
:1002B00008884442444118E00024085FFFF700FF2B
:1002C0000546F16905F0A0F800280ED4306A2946E9
:1002D00005F09AF8002807D507E0F28908889042CF
:1002E00003D3318A814200D301242046F8BDC046A1
:1002F00014730000B0B502AF222801D90120B0BDAF
:100300000C460546FFF7BEFF00280CD028206843A6
:10031000064909184868064A10184A7A214604F026
:100320006DFC0020B0BD0220B0BDC04614730000BB
:10033000EC040020222801D90120704728224243E2
:10034000034880184068034A105C0870002070471A
:1003500014730000EC04002080B500AF00F002F838
:1003600080BDD4D480B500AF222801D9012080BD42
:1003700028224243054880184268054B9B18427A60
:100380000846194604F03AFC002080BD14730000B2
:10039000EC040020D0B502AF72B6032001F03EF9A4
:1003A0000E4802240460BFF34F8FBFF36F8F0C48D9
:1003B00000210160A320400001F052F9FF2000025B
:1003C00008490A6882430120800310180860064823
:1003D00004600648046062B6D0BDC04680E100E01B
:1003E0000810004000E400E080E200E000E100E0EE
:1003F00080B500AF02480068002800D0804780BD6B
:100400001C050020014908607047C0461C050020FB
:1004100001480121017070472005002080B500AF20
:1004200001F052F880BDD4D404480068002803D0FD
:1004300001200007024908607047C04634050020CB
:1004400004ED00E0FF20000403490A688243032012
:10045000800510180860704720ED00E080B500AFFF
:100460000348006880470120C0060249086080BD3B
:100470003405002004ED00E0014908607047C046E3
:100480003405002001480021017070473805002024
:1004900005490A78024200D0704701224A700A7862
:1004A00002430A707047C0463805002004490A78A4
:1004B000024204D001224A700A7882430A707047CF
:1004C0003805002080B500AF00F058FD00F0CEFFE9
:1004D00000F06CFD80BDD4D480B500AF72B60320AF
:1004E00001F09CF8094904200860BFF34F8FBFF367
:1004F0006F8FFF210904064A13688B431360054977
:1005000008600549086062B680BDC04680E100E031
:1005100000E400E080E200E000E100E0F8B504AFB4
:10052000411E89B2CD087C2D1FD801210902124A33
:10053000116005F077FF114A114B06F017F80024FF
:10054000104B224605F044F805F0E4FD01F090F868
:100550000D4E34700D48016802220A430260307863
:10056000002802D101F09AF8F9E77D2D01D300208F
:10057000F8BD0120F8BDC04618100040FCA9F1D21A
:100580004D6240400000F0BF3A050020F0100040EE
:10059000B0B502AF411E89B2CD087C2D19D801211A
:1005A00009020F4A116005F03DFF0E4A0E4B05F09F
:1005B000DDFF00240D4B224605F00AF805F0AAFDE8
:1005C00001F056F80A4804700A48016802220A43FA
:1005D00002607D2D01D30020B0BD0120B0BDC0461A
:1005E00018100040FCA9F1D24D6240400000F0BF5D
:1005F0003A050020F0100040014800787047C046DE
:100600003A05002080B500AF01F03AF80148012119
:10061000017080BD3A05002001480121017070473A
:100620003A05002080B500AF72B62448022101606F
:1006300001F034F800F0A0FF00242046214600F02D
:10064000C3FF62B6FFF73EFFFFF7FCFEFFF744FF74
:10065000FFF7A0FE1A480168012529430160FFF752
:1006600031FDFFF70FFF284600F0D4FC284600F0CC
:10067000E7FC284600F0FCFC00F0A2FC00F0BCFC0B
:1006800000F00EFD00F058FD28462146224600F0FD
:100690002DFE00F019FE0B49284600F09DFD044692
:1006A00000F03CFE02F02EF8204602F0BDF902F008
:1006B000C1F900F0F3FFFFF7B1FEF8E704300040A6
:1006C000F0100040CD780000F0B503AF8BB00124EE
:1006D00003AD20462946FFF72DFE2878062802D8CC
:1006E00003A8072103E0102802D303A80F210170FB
:1006F000600300F093FF72B6A105029120480160EB
:10070000BFF34F8FBFF36F8F07A80026068102212A
:100710000191C17186804121890041801949018080
:10072000067319490A680A6003A909784900174A3B
:10073000515A418100F0D0FE04AD2C70681C0B2290
:10074000314604F0B1FB284600F0EAFE104D291DA9
:100750000198FFF701FE20202946FFF7EBFDFF205F
:1007600000040C490A688243E005101808600A4832
:10077000029901600948016062B60BB0F0BDC04645
:1007800080E100E0010300006800014004790000FE
:100790003C05002014E400E080E200E000E100E01D
:1007A000024A9060D16010617047C0463C0500204D
:1007B00002480121417040697047C0463C05002055
:1007C00001480021417070473C05002001498861C3
:1007D0007047C0463C05002004480021C180044801
:1007E000016801220A4302607047C0463C050020B0
:1007F00004100042024801680122914301607047E1
:1008000004100042BCB504AF01A80025058069466C
:100810000D801C4A12680F239A4302801A48019ADD
:1008200042400A80194C2078002803D0684600888E
:1008300004F022F82169E08842008918009A0A81B0
:10084000A188491E814202DD401CE080BCBDE580DC
:100850006078012802D10120FFF71AFEA078A16874
:10086000E2680028134600D10B466361002800D1DE
:100870001146216101214840A070A0690028E5D0FF
:100880008047BCBD38100042FF7F00003C050020BF
:10089000FEB506AF00F08AF9264E0020B061F06187
:1008A0003062F060308170713080B070F11C0820CF
:1008B000214CA047311D05200190A047042002AD26
:1008C0002946A047287803281CD8C04678440079D8
:1008D00040008744010E060B194830620121C9020D
:1008E0000BE0174830620321890206E013483062AA
:1008F00009E01348306201994902124A13880B43F8
:10090000138000E0306A00F0B3F931460A31062066
:10091000FFF722FDB11D2020FFF70CFDFFF7DCFDE6
:100920007D20C000FFF7FAFD4B208000FFF7F6FDA9
:10093000FEBDC0465805002035030000790B0000BD
:10094000C90A0000000000200149C8607047C04685
:1009500058050020F0B503AF87B000F071F900F042
:100960009BF900F08BF906AD2C4828801B20000273
:1009700005A9088004A92A4A0A8003A9294A0A80ED
:10098000294E3179F27892010A432121090211435B
:1009900002AA1180F03001A908800124234A2846C8
:1009A000214600F06BF800F083F8284621461F4AE4
:1009B00000F064F800F07CF8B08C462803D10420E5
:1009C000FFF774FD02E00420FFF762FD05A8174A57
:1009D000174D2146A847174EB04704A82146134A91
:1009E000A847B04703A82146104AA847B04702A825
:1009F00021460E4AA847B04701A821460B4AA847FE
:100A0000B0473220FFF78AFD0020074908810C809B
:100A100000F042F900F05CF907B0F0BDFF93000070
:100A2000E02200001025000058050020A50A000063
:100A30007D0A0000B10A000080B500AF0348002124
:100A4000017000F029F900F0FBF880BD5805002086
:100A5000024A1061516190617047C04658050020FC
:100A6000024801218170C0697047C04658050020C6
:100A7000014800218170704758050020F8B504AF87
:100A800000920D460646064C0020607100F074F995
:100A90002434204631462A46009B00F027F9F8BD51
:100AA0005805002001480121417170475805002078
:100AB000D0B502AF034C6079002802D100F0EEFD02
:100AC000F9E7D0BD58050020BCB504AF284D6878C3
:100AD00001282AD100F060F926480221002422468C
:100AE000FFF7CCFF01A8048069460C802421695CD3
:100AF0002A462432D278120289180180A879002867
:100B000003D001A8008803F0B7FE01986946088069
:100B1000A969288942008918009A0A816989491EB1
:100B200081420ADD401C2881BCBD124802210022FE
:100B3000FFF7A4FF01206870BCBD2C81A8780128B4
:100B400002D10120FFF7A4FCE87929696A6900282D
:100B5000134600D10B46EB61002800D11146A96174
:100B600001214840E871E8680028E5D08047BCBD15
:100B70005805002000000020D0B502AF094C607875
:100B8000012807D100F0E4F8074804210022FFF70C
:100B900075FFD0BD044804210022FFF76FFF01203C
:100BA0006070D0BD5805002004000020B0B502AF31
:100BB00072B600F045F80120850318490D60BFF3B7
:100BC0004F8FBFF36F8F0404204600F027FD1448B9
:100BD000016C144A0A43026401682143016000F079
:100BE00027FD114916200860002048600F4ACA609E
:100BF0008860FF2109040E4AD3688B43D3601168D3
:100C000080230B437F218B4313600A4908600A4805
:100C100005600A48056062B6B0BDC04680E100E0EC
:100C20004800014013121112000800410350000057
:100C300000E400E08405002080E200E000E100E044
:100C400072B6084841680322914341600649012277
:100C50000A60BFF34F8FBFF36F8F04490A600260D1
:100C600062B670470401004080E100E080E200E0ED
:100C7000014908607047C0468405002001208003B8
:100C8000034908600348016804220A430260704770
:100C900000E100E00408004172B60A48016804223D
:100CA0009143016001218903074A1160BFF34F8F0F
:100CB000BFF36F8F054A1160C16889B2016162B6E6
:100CC0007047C0460408004180E100E080E200E097
:100CD00080B500AF044901200860002122230A46A4
:100CE00000F0D8FB80BDC04600E100E0F8B504AFDD
:100CF0000446154EF060316100257560E843002C14
:100D000020D000291ED0B360501E032814D88000C4
:100D100001A108588746C046350D0000310D00007E
:100D20002D0D0000290D000000F054F800F052F8DD
:100D300000F050F800F04EF80448016801220A4320
:100D400002602846F8BDC046840500200008004126
:100D50000748C168074A13680B800B460833C36015
:100D600010684880106888801068C8807047C04646
:100D700084050020200800410648016801229143B3
:100D80000160110202680A43026002688A4302603D
:100D90007047C046000800410448C168044A13680F
:100DA0000B800B1DC36010684880704784050020CD
:100DB000200800410548C168054A13680B808B1D57
:100DC000C3601068488010688880704784050020E0
:100DD00020080041054801690A88054B1A60891CF2
:100DE00001614168491C41607047C046840500208C
:100DF0001C080041B0B502AF1448016889B24160D7
:100E0000134D6C68611E032919D8C04679440979CD
:100E100049008F44010D070AE96800690880881CB1
:100E2000E8600CE0FFF7C6FF09E0FFF791FF06E07E
:100E3000E96802690A800A1DEA6000694880AA68B8
:100E4000002A02D0002120469047B0BD1008004182
:100E50008405002080B500AF04480068002800D059
:100E6000804703480121016080BDC0468405002001
:100E700004010040D0B502AF0020084C2146FFF726
:100E800059FA2078002802D0FFF702FD01E0FFF7B1
:100E90001BFC034800F006F8D0BDC04698050020B2
:100EA000C10E000080B500AF04490978002902D0C6
:100EB000FFF74AFD80BDFFF789FC80BD9805002043
:100EC00080B500AFFFF7B0FA80BDD4D480B500AFD5
:100ED000044A1278002A02D0FFF7BAFD80BDFFF75E
:100EE0005FFC80BD9805002080B500AF0448007805
:100EF000002802D0FFF7B4FD80BDFFF759FC80BD8C
:100F00009805002080B500AF04480078002802D082
:100F1000FFF7AEFD80BDFFF753FC80BD98050020B4
:100F200080B500AF04480078002802D0FFF712FD1A
:100F300080BDFFF751FC80BD9805002080B500AF53
:100F400004480078002802D0FFF776FD80BDFFF747
:100F500051FC80BD98050020002804D002680A4397
:100F600002600220704700207047002804D0026809
:100F70008A430260012070470020704780B500AFAF
:100F80000120400203490A6802430A6000F004F8A5
:100F900080BDC0468C00014080B500AF02482021D2
:100FA000FFF7E3FF80BDC0468400014080B500AF7D
:100FB00002482021FFF7D0FF80BDC04684000140D9
:100FC00080B500AF0120400403490A6802430A606B
:100FD00000F004F880BDC0468C00014080B500AF31
:100FE00003484021FFF7C1FF0249087080BDC04699
:100FF000840001400C00002080B500AF0348402170
:10100000FFF7AAFF0249087080BDC0468400014076
:101010000C000020401E414241410901074802687E
:1010200010239A435118016081683F2291438160E7
:10103000816802220A4382607047C046A4000140D2
:10104000401E4142414149010848026820239A4319
:10105000511801603F21090282688A4382600121A0
:10106000490282680A4382607047C046A40001407A
:10107000401E4142414189010848026840239A4389
:10108000511801603F21090482688A43826001216E
:10109000490482680A4382607047C046A400014048
:1010A000B0B502AF72B60124E50316480560BFF380
:1010B0004F8FBFF36F8F600500F0B0FA12484168A0
:1010C000124A0A4342608168114A0A4382600168F9
:1010D00004220A43026000F025F80F21204600F0A8
:1010E00027F90C48002101704170FF2000060A49D1
:1010F0000A6882430A60094805600948056062B6CB
:10110000B0BDC04680E100E0E40001400000022BD9
:101110002B020000990500200CE400E080E200E0D2
:1011200000E100E080B500AF02482021FFF71DFF7D
:1011300080BDC046E4000140F0B503AF85B068460D
:101140001049142203F05AFDFFF7C6F96420FFF797
:10115000E5F900260C4C142E12D2684681197C2029
:101160000222234600F004F90A2E01D0012500E0F6
:10117000C82500F015F82846FFF7D0F9B61CEAE7B5
:1011800005B0F0BD247900008D110000481E4142D9
:1011900041410248417001210170704799050020CA
:1011A000D0B502AF0B4C002020700A20FFF7F0F9F9
:1011B0002078002806D1FFF71FFA002802D100F09E
:1011C0006DFAF5E7FFF718FA002801D1FFF71AFAD0
:1011D000D0BDC04699050020D0B502AF0C4600F046
:1011E0000FF801460020002903D00449497800295E
:1011F00000D0D0BD204600F023F8D0BD99050020D6
:10120000BCB504AF01A900240C80451E1F2D0FD8CA
:10121000102800D93030401E8022024301A94A70B4
:101220007C200222054B00F0A3F8072000F024F8F0
:10123000202D00D201242046BCBDC0468D110000E7
:10124000D0B502AF86B005AA00211170694600F042
:1012500021F80446002809D005A802787C206946B8
:10126000044B00F085F8092000F006F8204606B08F
:10127000D0BDC0468D110000D0B502AF0446FFF7C7
:101280008FFF60000249085AFFF748F9D0BDC046F9
:10129000E4780000F8B504AF16460D46044603F0A6
:1012A0007FFE01463070C2B20020002A0BD0102A07
:1012B00009D8481C3070402028703278681C2146BC
:1012C00003F09CFC0120F8BDDCB504AF0120000256
:1012D00001A908807C200224034B224600F048F834
:1012E0002046FFF7C9FFDCBD8D110000DCB504AF5F
:1012F0000B4601A900240C705B00800018431043CA
:10130000082202434A707C200222034B00F030F88E
:101310000520FFF7B1FFDCBD8D11000080B500AFE7
:1013200002482021FFF718FE80BDC046E4000140BE
:1013300080220243832313400C4802681A43026050
:1013400001614169012291434161110303688B43AB
:101350000360D10203688B430360510202680A43B1
:1013600002600168402291430160704704280041F7
:10137000B0B502AF0C4C002525706160A260E5603D
:1013800023616570A5700121A17008494A68920621
:10139000FCD40A68102313430B608860086820227D
:1013A00002430A600020B0BD9C05002004280041D3
:1013B00080B500AF1F498A781F48032A0ED0012A42
:1013C0002DD1426882239A4342604268D2071ED1DF
:1013D0000A78002A23D103228A700EE04268822311
:1013E0009A4342604268D20711D18A68CB689A4218
:1013F0001DD9026808239A4302604A681278826005
:101400004868401C4860C868401CC86080BD002215
:101410008A7001224A70026820239A430260086998
:10142000002803D00A69C8684978904780BD002227
:101430008A70F0E79C05002004280041D0B502AF77
:1014400002280AD806224243074B00249C549A18CB
:1014500054709170D17011715171032801D3002023
:10146000D0BD0120D0BDC046B0050020D0B502AF30
:101470000648016809220A4302600120002421462F
:10148000FFF7DCFF02480470D0BDC0468C0001406D
:10149000C2050020F0B503AF094C6568FF26B543CF
:1014A000EB186360F3230340880008218843184346
:1014B000D100014320680F22904308432060F0BD13
:1014C000080100407047D4D402480121016030BFB8
:1014D0007047C046440000400F4900224A600A633A
:1014E0000E4ACA6202785200C3791B069A184378E2
:1014F0001B04D21843885BBA1343012292031A4398
:101500000A6042898A60828852BACA61027A407A45
:10151000400010430861704700100042FF0F0000B8
:1015200001214A0413490B68134002789A18437842
:101530005B001343827892001A43C378DB001343A5
:10154000027912011A4343795B01134382799201B4
:101550001A43C379DB011343027A12021A43437A16
:101560005B021343827A92021A43C07AC00210438C
:101570000860704718100042D0B502AF0120010288
:101580000F4C22688A432260616803220A40012AC4
:1015900012D00021616121680A4A0A406332226048
:1015A000010322680A432260410322688A432260C1
:1015B000606001E000F072F8A0684007FAD4D0BD86
:1015C000000300400030FFFFB0B502AF114C2268AD
:1015D000114B13406033236001252A032368934392
:1015E000C007C00C18182060680322688243C8072F
:1015F000800C10182060A802216801432160606AF5
:10160000400402D400F04AF8F9E7280221680143B7
:101610002160B0BD000300400030FFFF03490A68AD
:1016200002430A604A6882434A6070474C000040A7
:10163000D0B502AF09480268036801218B430360FB
:101640000B0204681C43046004689C430460D207D6
:1016500002D002680A430260D0BDC04600080041C3
:10166000024900224A6008607047C04600100040EE
:10167000024900224A6008607047C04610100040CE
:10168000044801680222914301600348002101607F
:101690007047C046F41000401410004004485A211E
:1016A00001600168C907FAD0A52101607047C046F2
:1016B000003000400120C007014908607047C04663
:1016C00080E200E0F8B504AF0D4604460021084A68
:1016D00003F0EAFB68882988EA88AB880125ED02D7
:1016E0008C26A5538C34A381E28121816081F8BDD1
:1016F000A2100000F0B503AF85B004468C26805BD5
:10170000039025468C352889049068890290A88921
:101710000190E88900900021074A204603F0C4FBAD
:101720000398A0530098E8810198A88102986881E5
:101730000498288105B0F0BDA2100000D0B502AF1A
:1017400002468720135C0020002B00D0D0BD13463A
:1017500087335B78002BF9D14129F7D30123DC02D1
:10176000A142F3D88C3211801846D0BDF0B503AF3A
:1017700089B00692049106466048301805904720CB
:1017800080003018029030469C30079034468034F8
:1017900000210698814200D1AEE0207A002800D0D6
:1017A000AAE00891480004990B5EE079002831D046
:1017B00060894100079A5352401C608119B2C913D5
:1017C0001D464B40591A8AB2059B9B889A4201D903
:1017D000059A91800E21615E2B46691ACA17514005
:1017E000891A89B2228A8A4200D22182228B8A42B5
:1017F00043D9A17C002942D1618B00293FD082B21C
:10180000403191423BD800206081E0710599888089
:10181000088034E06088402835D1A079002832D093
:101820000420205E181AC1174840401A80B2A18ACD
:10183000814228D818B2C01319464140081A81B213
:10184000E28A91421FD3009001937F21CA432388EB
:1018500000250394002A21D0079880182C469DB2B9
:101860006D00755F3146802685530E46581C3F2318
:1018700003406519039C921CECE70121A174A18926
:1018800082B28A422BD0304619461D4600F038F805
:101890000120A071A5800899491C7AE7402005998C
:1018A00048800298019B03800098888041206081D5
:1018B0000120E071EA17920EA9188911E18109B29D
:1018C000591ACA175140891A21828AB2218B914232
:1018D00000D900204A424A410243A274D3E7059945
:1018E00008800020E07101252572304619461E4609
:1018F00000F006F8A571A68009B0F0BD9C100000AC
:101900008022835A5B00C152815A491C3F230B40FD
:101910008352803041883F2901D8491C418070475B
:10192000F0B503AF85B006460020002908D00C466C
:10193000334687335978002902D11978002901D01C
:1019400005B0F0BD31468C31039109880029F7D0EC
:1019500000931B48301804903546843502969C3617
:101960000196EB88561E96421FD28B421DD22088CC
:101970005900019A5052591CE98001B2C9134840DC
:10198000401A81B2049B9A88914200D99880002025
:10199000215E0298FFF7B4FF0120A87020882880FC
:1019A000A41C039801883246DBE70020049C608079
:1019B00001208B42C4D10122009B5A702180BFE7D5
:1019C0009C1000008821405C70478821415C002900
:1019D00001D1084670479C307047D4D40449002296
:1019E00042528823C25441188A808830428070470E
:1019F0009C10000080B500AF3321CA00002103F025
:101A000053FA80BDF0B503AF87B019231C01035B07
:101A10000519002908D0FF2262322F32934238D2B2
:101A20005A1C2A80C15440E0002B3ED00192039002
:101A3000401C0690FF22029276320024264604952E
:101A40009C4236D20398005D0590002827D0059867
:101A50002118491ECDB2E1B28D420BD0611C9942D2
:101A60001DD296421BD80698045D36488455761CD4
:101A70000C46F0E7641C0598FF28049DE0D09C42CA
:101A8000DED296420BD800212E4DA955761C049D1E
:101A9000D6E700242C806868401C686006E00020BF
:101AA000049D28806868401C68600024204607B0B8
:101AB000F0BD00242C80152EF4D9224A107841283C
:101AC000E9D150785028E6D190784128E3D1D078F8
:101AD0004E28E0D110790128DDD1107C517C09021B
:101AE0000918029862308142D5D2084616308642E3
:101AF000D1D10391301F06901018164600F024F83B
:101B000005903046069900F02BF805998842C2D11D
:101B10007079019D2870B079F17909020818688000
:101B20003046083000F010F8039A2A8168600124DA
:101B3000002ABBD00A3512362846314603F05EF83B
:101B4000B4E7C046C305002001784278120251185C
:101B5000827812048918C078000608187047D4D417
:101B6000F0B503AF0023DA43094C8B420ED0C55CBD
:101B70006A400025072D07D80126164076422640E8
:101B8000520872406D1CF5E75B1CEEE7D043F0BDD8
:101B90002083B8EDF0B503AF85B01124A501002670
:101BA000FC68AC4276D803967D690495BD680295C1
:101BB0003A4D2C742B732A72A9716871012001901F
:101BC00028714E20E8704120A87050266E70287051
:101BD000200A6874180EE873180CA873180A687342
:101BE000100EE872100CA872100A6872080A0299A6
:101BF000E871002906D0002C04D028481230224673
:101C000002F0FCFF2646123628463146FFF7A8FFB1
:101C1000A855A919020ECA70020C8A70000A4870F1
:101C200004980228039E35D33869039016340020A7
:101C30000290019E3246002C26D0287801230028ED
:101C40000DD03146049EB1421CD20E4603998855F0
:101C5000711C521CD0B2FF2804D00E460DE0019337
:101C6000314602E002200190FF2200930398029B7C
:101C7000C254019886190291009A641E6D1C049842
:101C80008642D8D3002605E0039902980A54002022
:101C90008855761C304605B0F0BDC0463907002097
:101CA000F0B503AF89B00892002400285BD00793F9
:101CB00001252B03C2186D021688AE4253D10C4683
:101CC00011463A690592FA680492BA680692274A60
:101CD0000226D67500269675567516756423D3743C
:101CE00096744B8813761B0A537689882123D65421
:101CF0002023D654D477FF2393775677167791769F
:101D0000090AD176302E10D008998959174A9319AB
:101D1000222419550C0E25229C540A0C24241A55F1
:101D2000090A23229954361DECE710495331002D3E
:101D300008D002884B1E1A70120A0A706D1E891C88
:101D4000801CF4E7112080010849123100910190B4
:101D5000049802900598039022200021079A069B80
:101D6000FFF718FF0446204609B0F0BD39070020F0
:101D7000F0B503AF8BB00024002870D016460122C6
:101D800015030A9045192888002868D008950996F7
:101D90000793D502A84262D8324D4519ADB26D0AFB
:101DA000099EAE425BD22B462F4DA87700246C775C
:101DB0002C7706926422EA76AC766C762B76EC75FC
:101DC000AE75A974020AEA770A0E6A750A0C2A75BA
:101DD000090AE974089949882022A954090A21228C
:101DE000A9547102411A89B206984302994200D35C
:101DF00019463A690592FA680492BA6806920A0A84
:101E0000089B9B882526AA552422A9542222AB543C
:101E10001A0A2323EA54099A5206D20B0A98801808
:101E20002A4627320B46002B08D00688541E2670FF
:101E3000340A14705B1E921C801CF4E712354800B3
:101E4000143080B200950190049802900598039098
:101E500023200021079A069BFFF79CFE044620469C
:101E60000BB0F0BDFF01000039070020F0B503AF53
:101E700085B011486D4629465CC85CC10088088061
:101E800001208007FFF7CAFB00242046294601F005
:101E90003BFF204602F010F92025084E002D08D007
:101EA000301900214023224602F002FA6D1E403410
:101EB000F4E705B0F0BDC046387900004A7900006B
:101EC000014800687047C046900B0020BCB504AFC5
:101ED00004460020002B0CD0BD68002D09D01F2C1B
:101EE00007D80095A72040006043024C201800F05E
:101EF00003F8BCBD4A810000F0B503AF9FB00A9360
:101F000000260B91002900D1D2E01109A32900D2AB
:101F1000CEE0A325E9000B9E71180E91B9680891D7
:101F200005950921039108210D9102910121079145
:101F3000019161490091A724610004915F4A604BBF
:101F40003146604EB0474F20099005900495072018
:101F5000039010200C9002900D9801905A48009028
:101F60005A4A5B4B0B980E9D2946B0472620059098
:101F70000998049005200390202002900C9801906D
:101F800054480090544A554B28460B99B047544842
:101F9000002C04D000210180641E801CF8E700267C
:101FA000504B202E3DD013200C90810100200B9A25
:101FB0000D93002908D0002415571C576C43201896
:101FC000491E521C5B1CF4E704F094F90E96B50010
:101FD0004549495904F06AFE4449495903F05CFAFD
:101FE00006460024214603F00FFA002800D43446A8
:101FF0003F484159204604F059FE3E49495903F0F3
:102000004BFAC103C90F40183B494018000C0E9E03
:102010007100334A50520C9880010D9B1B18761C9E
:10202000BFE7FFF73BFBFFF721FF344804682C496B
:1020300000200E90024602F0D1F8314D02F00AF96C
:1020400046424641002805D0002D31D0FFF726FB3F
:102050006D1EF3E72948026894420E9802D2079950
:1020600009066418A21A27490A600FAC214602F03B
:10207000F9F80E9A0A9D0D92202A16D020880104A4
:102080002960002A0DD00D9880000E9414460A9AFB
:10209000105803F0B9F922460E9C002801D5D0B2A1
:1020A0000D90A41C2D1D521CE6E708980D99017097
:1020B00030461FB0F0BDC04674AB00000AAB000054
:1020C00054AB00002921000054AF000094AB000085
:1020D00014AF000014BA000094AF000094B90000DF
:1020E000940B002094BA0000945201001453010094
:1020F0009453010014540100FF7F000018E000E039
:10210000FEFF0000900B0020BCB504AF0446002089
:10211000002C08D0002B06D0BD68002D03D0009500
:102120002046FFF7E9FEBCBDF0B503AF93B00B92BC
:1021300002AA0BC2F8687C691090604301900022EB
:1021400038690590B8690E90F8690A90B8680090EF
:102150000F940598824260D00A985043039908185A
:10216000099006929000009909180891049908189E
:1021700007900021029A0A98814245D00D910023D0
:102180000C920B9E184610998B4215D01293119207
:102190003346002C08D0002551575D574D43281871
:1021A000641E521C5B1CF4E70E99119A52180F9C86
:1021B0003619129B5B1CE6E704F09CF80799096846
:1021C00004F074FD0899096803F066F905460026D5
:1021D000314603F019F901280FDB2846104903F0B6
:1021E00031F9002808D53F200106284603F054F9AC
:1021F00004F014F8064600E07F2609980D9946542D
:102200000C9A921C491CB6E70B98019940180B9048
:10221000FFF744FA069A521C9BE713B0F0BDC04684
:102220000000FD42F0B503AF87B0154802AD294666
:102230005CC85CC1008808800124A007FFF7EEF9A4
:102240002046294601F060FD204601F035FF01944B
:1022500062030C480025294602F028F820260A4C83
:10226000002E08D06019012118232A4602F020F818
:10227000761E1835F4E705480199017007B0F0BDE6
:1022800094540100A6540100A6740100E20C002041
:10229000F0B503AF8DB000260690002800D1B6E05F
:1022A0000D46002900D1B2E01446002A00D1AEE06C
:1022B00001221003069908180292510202888A42EC
:1022C00000D0A4E04088402800D0A0E05148007829
:1022D000002801D1FFF7A6FF069E803600210846A0
:1022E000802904D0069A525E8018891CF8E701956F
:1022F000009403F0FFFF7921C90504F0D7FC059095
:102300007F20C40507208101304600291ED003919B
:1023100000260490805F03F0EDFF059904F0E8FECD
:102320000546314603F070F8002802D50298C00730
:1023300045402846214603F085F8002800DC254664
:102340000399491E0498801C2C46DEE7324D334821
:10235000049033480390334E8020002824D002900C
:102360003088403080B240000699085E03F0C2FF1A
:10237000059904F0BDFE214603F0C2FC039A02CA8F
:10238000039204F0B5FE049A02CA049203F0B8FC6A
:10239000C103C90F401824494018000C2880029836
:1023A000401EB61CAD1CD8E701201B490026324652
:1023B00001F014FF1D4C01F04DFF002805D0002C4A
:1023C00025D0FFF76BF9641EF5E7012007AD0590F6
:1023D000294601F047FF0026019C06960C2E12D0DC
:1023E000288801042160002E09D006988000019AF7
:1023F000105803F009F8002801D5F0B20690AD1C82
:10240000241D761CEAE7009806990170059E304667
:102410000DB0F0BDE20C0020E40C0020A87A010011
:10242000A8780100A6770100FF7F0000FEFF0000F2
:1024300080B500AF002000F007F8024801210170CC
:1024400080BDC046E40D0020F0B503AF8DB0019013
:10245000174802AD29465CC85CC100880880012687
:10246000B007FFF7DBF83046294601F04DFC304657
:1024700001F022FE03200002019948430D490C1887
:102480000025202D11D00020182804D0215A07AA99
:102490001152801CF8E718231A466A4307A8012145
:1024A00001F006FF18346D1CEBE70DB0F0BDC0461F
:1024B00090860100A2860100F0B503AF89B00D46F9
:1024C00001460020079100297DD0002D7BD01446C5
:1024D000002A78D001231903079A511804935A024D
:1024E0000B8893426FD1498840296CD137480078D6
:1024F000002801D1FFF79CFF079E80360021084687
:10250000802904D0079A525E8018891CF8E702954A
:10251000039403F0EFFE7921C90504F0C7FB069090
:102520007F200190C5050720840130460895002CC6
:102530001CD000260590805F03F0DCFE069904F0B5
:10254000D7FD0546314602F05FFF002802D504980A
:10255000C0074540089E2846314602F073FF002818
:1025600000DC3546641E0598801CDFE70024184D0A
:10257000184EFE2C1ED01848005B403080B2400040
:102580000799085E03F0B6FE069904F0B1FD0899BC
:1025900003F0B6FB02CE04F0ABFD02CD03F0B0FBBE
:1025A000C103C90F40180D494018000C0C490853CD
:1025B000A41CDEE70198C001FE21094A505202988E
:1025C000039900F00FF809B0F0BDC046E40D0020FB
:1025D000A47F0100A87D0100A87C0100FF7F00000E
:1025E000E60D0020F0B503AF8DB001910026264D19
:1025F00005900390304606960528049038D0C0B266
:10260000FFF722FF012000242946224601F0E6FDC3
:102610001E4D01F01FFE002805D0002D2BD0FFF726
:102620003DF86D1EF5E7012007A901F01BFE039D93
:102630000296182C13D007A8005B01042960002E15
:1026400009D006988000059A105802F0DDFE002897
:1026500001D5F0B206902D1D761CA41CE9E7039865
:1026600030300390029E0C360498401C064DC3E7A0
:102670000198069901700498042801D8002000E010
:1026800001200DB0F0BDC046E60D0020FEFF0000A9
:10269000F8B504AF0D4601460020032917D8002DD8
:1026A00015D01446002A12D0080209490E18FFF767
:1026B000BFFE08488021002905D032880280491ECB
:1026C000B61C801CF7E728462146FFF78BFFF8BDB4
:1026D000A0810100E60D0020D0B502AF3C2800D358
:1026E0000020002903D08300054CE35A0B80002A08
:1026F00004D080000249081840881080D0BDC04630
:10270000A0850100F0B503AF85B0224803902248B0
:10271000029000250126214C28463146A04704207E
:1027200000900221A047052001900F21A0477102CF
:102730000620FDF79FFD08203146A04720202946AE
:10274000A047174802A9FEF7BDFF1648009901707F
:102750001548FFF74FF9FFF789FBFFF763FD1348B3
:10276000FDF750FE124813494160856001990160F0
:10277000FEF780FB104911484118FEF7A7FB1048EF
:10278000FDF77AFE0F48FDF7F1FC064845804670DC
:1027900005B0F0BDB80B1000BC02C8003502000047
:1027A000E60E0020F8320020881F0020C927000014
:1027B00010E000E0FFFFFF001406000020210020D1
:1027C000D92700003D2800000248416A491C4162A7
:1027D0007047C046F8320020B0B502AFFEF784FB68
:1027E0000146144D287B01280ED1083101204202F8
:1027F000114C2046FFF794F82046FFF7E3F8002835
:102800000ED0002028730BE02878002802D0401E4C
:10281000287005E00831012042020748FEF7A6FFB4
:10282000FEF770FB0448FFF7CDF8002801D0FEF753
:1028300085FBB0BDF8320020E60E0020F0B503AFF6
:10284000DDB004466F4D687C0028E1B207D1084630
:1028500041383A2801D3022000E0012068740228A0
:1028600023D16E4802AAFFF7CDF8002800D1AEE0D0
:10287000687A002800D0AAE002A80278501E152825
:1028800000D995E01646C046784400794000874458
:10289000980A8F8F8F8F8F8F8F8F8F8F8F8F8F5EF5
:1028A000717360626A7A02268BE00D2901D00A29D1
:1028B00034D100266E74AC7C002C00D18BE0687A99
:1028C000002800D087E028463C3006554E490522B6
:1028D000019002F085F9002831D04C490722019877
:1028E00002F07EF900282CD049490822019802F014
:1028F00077F90321002825D0009146490B22019841
:1029000002F06EF9009900281CD043490B2201986F
:1029100002F066F9002860D00A2113E0A87C0E2896
:1029200008D861391A2900D2203C29183C228C543D
:10293000401C02E00A2068720020A8744BE00121CC
:1029400000E002210020A872A874697243E0042606
:1029500037E0032635E002A90889002800D0887AEC
:10296000687306262DE002A80189012922D00020E3
:10297000C04320E0052624E002A8018902291DD0D9
:102980000020C0431BE002A80089254940184142AD
:102990004141A973A87B0726002812D002A90A3159
:1029A000A720019242001F4802F028F9019A08E08E
:1029B0000A2606E0807AE873082602E04089288328
:1029C00009260120A87203982862EA726E72200616
:1029D00001D1002068745DB0F0BD019A117B3A29E5
:1029E00001D3304601E0084630382F2900D8304660
:1029F000D17A202900D030460C2C00D8304668739C
:102A000006219FE7F8320020C0780000D27800004D
:102A1000C5780000D9780000B4780000881F002035
:102A2000B2FEFFFF482D0020014908717047C046E3
:102A3000F8320020F0B503AFFFB0B0B0F44D6879C4
:102A4000002807D000246C71F248FEF753FE6C702A
:102A5000FEF766FAA87900280CD00020A871ED488E
:102A6000FEF7BCFFA878022804D16878002801D1BD
:102A7000FEF756FAE879012800D0B2E0287A00285B
:102A800000D0AEE00020E871E34830A90F912E4657
:102A90003CC83CC100780870E04873A90E913CC85E
:102AA0003CC100780870708B0B9080B20A900A25A8
:102AB000294602F0D7FB0890294604F03BFB30265C
:102AC00030430F9CA07064210C910A9802F0CAFB5D
:102AD000294604F02FFB30436070CD48C07C401C79
:102AE0000A90C0B2294602F0BDFB09903030E07276
:102AF000C748808B079080B20590294602F0B2FB50
:102B00000446294604F016FB30430F99C871059816
:102B10000C9902F0A7FB294604F00CFB30430F99F7
:102B20008871F622089B53430B9818183043C870DD
:102B300008925443079820180D9630430872B44801
:102B4000806A401D2C46294602F08CFBB44988421D
:102B500000D308462546069406460790214602F013
:102B600081FB0446294604F0E5FA0D9908430E99C5
:102B7000887230460C9D294602F074FB0B90294662
:102B800002F070FB0D9A10430E9B98710920C04310
:102B9000099948430A99401830300F990873089DE5
:102BA0006C43079820181043D8720B98069E314644
:102BB00002F058FB0446314604F0BCFA0D9A10436B
:102BC0000E99C87165430B982818104308720C467B
:102BD00001200F99FEF700FB11202146FEF7FCFAB9
:102BE0008B4D8C48FEF7EEFE002800D139E2287AA2
:102BF000002801D000F02DFCAC788648FEF7E5FEF9
:102C0000002C30D0032C57D1002800D129E2297A9A
:102C1000002900D025E2834E31680D9173A972AA74
:102C2000FFF74AFC0124002868D00E9473987E496F
:102C300004F03CF80146739030680C9004250F9125
:102C4000F02D6CD073AC6059774904F02FF806462C
:102C500060510F9C214602F0F5FB002800DC26465F
:102C60002D1D3146EBE7002800D1FAE1297A002931
:102C700000D0EEE301242103415A6C4A8918490A25
:102C8000EA8A8A4200D3B5E0EB6A591CE962A96B73
:102C90002E4623256D010295FE4D019500250095D8
:102CA000FFF766F8002800D145E101463472F94883
:102CB000F94AFDF747FA49E1002800D1D1E1297A24
:102CC000002900D0CDE1E9780126002900D1AFE04C
:102CD0002B6B297D232252010292EE4A019200249D
:102CE00000942A464C32FEF7DBFF002800D016E1A4
:102CF000EC704848FEF772FE6E7084E030AA042043
:102D0000507024201070E96A481CE8627120022388
:102D100000F0D0FB3F48FEF761FE6C70A1E1002699
:102D20003546F02E0ED073ACA0590F9904F0E0F99F
:102D300002F03EF90146A051284602F0ADFB0546DF
:102D4000361DEEE700242846214602F05DFB0028F0
:102D500001DC7F20C5050E9EF02C08D073AE3059E3
:102D6000294602F0CDFF30510E9E241DF4E72D4878
:102D700000680F9072A8007810AD71AC2946224609
:102D8000FFF7AAFC2248C671248884832988054657
:102D90000991418330060D99089008180F9A9142C5
:102DA0000A9000D308460F99401A183030210B9131
:102DB00002F058FA0646A86264252046294602F029
:102DC00051FA840009982946114D02F04BFA201857
:102DD000E874C0B200F09CFB300E30ACE073300CF5
:102DE000A073300A607326730C9E0F9886424CD3F2
:102DF00030464CE00748FEF7F1FD0020E8826C7099
:102E0000A86B401CA863A848FDF7B0F929E1C046AB
:102E1000F8320020E60E0020189601002C960100E2
:102E20009F86010018E000E00000A041FF010000C3
:102E30000F962E469D4C256873A910AAFFF728FA15
:102E4000002800D184E00E9523683546B07802282A
:102E500000D093E06C6A287C012800D08BE0944875
:102E6000008809300A210D9302F0FCF90D9B696B73
:102E7000611A81427FD28F48FEF7B0FD6878002842
:102E800000D0EEE0FEF74CF8EBE0089830180F9910
:102E9000401A18300B9902F0E5F9010EE172010CAD
:102EA000A172010A617220720D98B0420E9E0A99B9
:102EB00000D301460C98081A18300B9902F0D2F989
:102EC000010EE171010CA171010A6171207166802E
:102ED0003C206070729820700020F0280CD030A93F
:102EE000091873AA12580A74130ECB74130C8B743E
:102EF000120A4A74001DF0E7EA6A501CE8622320B7
:102F000040010390634802903002019030A8009085
:102F1000242000210B46FEF73DFE002806D0014686
:102F20002E725C48644AFDF70DF99AE06148FEF79D
:102F300055FD6E7095E05F48FEF750FDF5827470A8
:102F4000B06B401CB0635848FDF710F9354688E077
:102F500030AA04205070212010703546F16A481CB8
:102F6000F0627120022300F0A5FA5248FEF736FD08
:102F70000F98707075E06C630F9828740F9AEA715F
:102F800010A80478EC74A008642148433230A88368
:102F9000032020404843323068830E99994201D281
:102FA00010060918C81A183030210E9102F05AF98B
:102FB0003546B062204600F0ABFA109C34753046BE
:102FC0004C3073A90E9A01F019FE30A800214180FF
:102FD0004470FF210170F16A481CF0620E91316368
:102FE000B078811E4A1E9141F1702F21C9430029FA
:102FF00012D030AA521873AB5B181B6B3425535593
:103000001D0E372415551C0C3625545535461B0A04
:1030100035241355091DEAE7022816D11D480290F0
:103020003420019030A800902320400103902120FB
:1030300000210E9A0B46FEF7ADFD00280CD001468C
:103040000F98287213481D4A6DE7212030AA3423B7
:103050000E9900F02FFA04E01648FEF7BFFC0F9817
:103060006870287A002800D0F3E1687A002800D13F
:10307000EFE1687AAC7A2A6AEB7A294600254D722C
:10308000401E082800D9BEE00E4604A1085C40009E
:103090008744C046962E0020A135000016662D48B4
:1030A0001E70895AA600C0463D28000018E000E0C6
:1030B0000E000020E60E002049350000813500009A
:1030C000002C00D1EBE001201146F74A1323BEE1AA
:1030D00014461D46FDF732FFE848FEF70BFB0123BF
:1030E00073700020F08230AA15707020AEE1B078C5
:1030F00000280CD1307B002809D1E0480F921D46F2
:10310000FEF760FC2B460F9A002800D1A5E1002CA9
:1031100000D11BE1114630AA0120507013707120BC
:10312000022394E114467078012808D1D3481D4643
:10313000FEF7E0FA00207070FDF7F2FE2B4630AA91
:1031400013707020012381E10E930F92F07B04280D
:1031500063D330AA022353700E981070712041E19E
:10316000002C00D19EE014467078002800D1B0E019
:1031700003203AE10D203546305600280F920E9379
:1031800000D596E06878012800D0AAE0687B71A994
:103190000091BA49BC4A10ABFEF798FE0D90B748B3
:1031A000FEF7A8FA9FE0B07B00280F9211D03146BD
:1031B000707801280DD110A80090B248AF49B24AEA
:1031C0001C4673ABFEF7A0FF0546AC48FEF792FA2B
:1031D00023461C46B078032835D1FFF729F934E09F
:1031E0001146308B01221202F43290420ED835740F
:1031F00030AA1370308BA24B18805070000A907068
:103200007020032323E1002C61D0114630AA184618
:10321000022353701070712019E1FDF78FFE97485B
:10322000FEF768FAB5717571F57035730124747025
:10323000F07BB070002800D1C4E0032800D0BFE0CC
:10324000FFF7F6F8BEE0FEF7EDFF002D20D030AC22
:10325000FE20207010986070FEF732FE302102F0E0
:1032600001F88A49884200D30846A070000AE0703D
:103270000020802864D030A9091873AA12580A7156
:10328000130ECB71130C8B71120A4A71001DF0E7FB
:1032900030AA1470B07B00285BD001205AE083482C
:1032A0000D215FE07548FEF78DFB002854D07D4866
:1032B0004DE07F20C0436C7B44406878012854D1A6
:1032C000E0B273A972AAFFF7E3F905464EE0784829
:1032D00047E06A48FEF776FB002800D184E0022030
:1032E00083E000200D90A878032802D1FFF7A0F812
:1032F00001E0FEF797FF0D9800280E9924D030AC1E
:1033000071986070707B2070FEF7DAFD302101F05B
:10331000A9FF5E49884200D30846A070000AE07009
:10332000002080280CD030A9091810AA12580A7160
:10333000130ECB71130C8B71120A4A71001DF0E74A
:10334000212030AA84234DE0002C2FD150480B219E
:1033500008E0032050702DE0307B012800D089E088
:103360004F480E2100F0C6F873E00025B07803281E
:1033700002D1FFF75DF801E0FEF754FF002D0E9932
:1033800014D030A90C7000204880729A4A70F0283E
:1033900012D030A9091873AA12580A71130ECB71F2
:1033A000130C8B71120A4A71001DF0E730AA03203A
:1033B00050701170712014E0262030AAF42311E01F
:1033C000FEF730FFB078002801D0610200E0E10292
:1033D0002A48FEF7B3F930AA0E981070B0785070F2
:1033E000702002230F9932E0307B30A908703079C9
:1033F0004870B178284A1368DB0603D502231843C6
:1034000030AB587013689B0603D50423184330ABC8
:1034100058701268520603D50822104330AA507023
:1034200030AA0023937091721381537102200029F6
:1034300001D0014600E00821D17019218902D18014
:10344000317B002900D1402313710B23214600F06A
:1034500031F8FE1F053EB546F0BD01203073002057
:103460007070FDF75DFD002C06D030AA157070203D
:103470000123B7E7094813E7064811E7E60E0020E5
:103480000E000020482D0020A2100000FFFF0000C9
:10349000ED950100F9950100A4000140DF950100C0
:1034A000D0950100C4950100A2950100B6950100D8
:1034B00007960100BFB506AF0C460B4923256D01E9
:1034C0000092019302910395002122460B46FEF7DC
:1034D00061FB002807D0014604480122027202481D
:1034E000034AFCF72FFEBFBD962E0020F8320020C5
:1034F000B535000080B500AF034A01231372034ABB
:10350000FCF720FE80BDC046F8320020B535000033
:10351000D0B502AF820010231A400A490C689C43C0
:10352000A2180A60020120231A400C689C43A218CA
:103530000A600A6840239A43C007400E10180860CA
:10354000D0BDC046A4000140D0B502AF094C002058
:10355000E07020720848FEF741FA01206070A07800
:10356000FD210140481E4142414161710348FCF781
:10357000FDFDD0BDF8320020E60E00203D28000001
:1035800080B500AF04480121817100210172034818
:10359000FCF7ECFD80BDC046F83200203D2800005D
:1035A000034800210172C18A491CC1827047C0468C
:1035B000F832002080B500AF0348002101720348B3
:1035C000FCF7D4FD80BDC046F83200203D28000045
:1035D000FEE7D4D480B500AF00F02EF811481249B0
:1035E00088420CD282680023002A06D030C8E458F2
:1035F000EC50521E1B1D0838F6E70C30F0E70B4864
:103600000B4988420BD242680023002A05D0046887
:103610000025E550521E1B1DF7E70830F1E701F0C9
:10362000D7FDC0466896011074960110749601107B
:1036300074960110FEE7D4D40120C003014908604C
:103640007047C04610000020F0B503AF81B02321C1
:103650004C0625680E4EFF2131600E49411820228C
:10366000204601F0CBFA00200090306020688021D5
:10367000014321602068402101432160022028404D
:103680002168014301200843206001B0F0BDC0461D
:103690005400004000000147D0B502AF82B0074C93
:1036A000FF232360064B0B400649591801F0A6FA88
:1036B00000200190206002B0D0BDC0465400004000
:1036C000FFFF0300000001470249088000204880F6
:1036D0007047C04614000020F0B503AFB1B0016AD6
:1036E00006914169059181680491C1881A91818888
:1036F0000E9146881BA91CC81CC13CC83CC13CC8D3
:103700003CC10E9C1A9B002E00D1A7E01BA8028D85
:103710001192C28C0A92828C0392828B1692428BF7
:103720000992028B0292028A1592C28908928089BC
:1037300001900320C003199000200546079604E07D
:10374000A8B2079EB04200D388E0294605468035DE
:10375000B54201D8802600E0761A1BA94E80002CC5
:10376000EED003994143069A89180D91029941437D
:10377000059A89180C9101994843049940180B90B7
:10378000002001460F95129605E0109988B20E9C14
:10379000A0420F9DD4D2024680321092A24201D89C
:1037A000802200E0621A1BA914928A80002BECD0C0
:1037B0000A9941430D9A51181A91099941430C9A5B
:1037C00051181891089948430B99081817901498A4
:1037D000400013900024204604E0ACB23346B442CB
:1037E0002846D2D2254680359D4201D8802100E06E
:1037F000191A1E461BA8C180002C1A9900D01999CD
:10380000239116996143189A511820911599614393
:10381000179A51181D9100F025F8002CDDD026A82C
:1038200002210185C184139A8284818341830283AA
:103830000182C18182810121C18014998180129904
:1038400041800749018019992B9111994C431A998C
:1038500061182E912891FFF73FFFBEE731B0F0BD10
:1038600001030000F0B503AF8EB001780902427881
:10387000120451184288120689180C910179C288E5
:103880001202511889B283681A0451180B91848965
:1038900052490C40032292039D0815402C19C589FA
:1038A0000D401B0913405B191B041B190A93038A63
:1038B0000B4044692504EB180993038B0B40A508C2
:1038C0001540EB18458B0D4024091440641924045D
:1038D000E3180893838B0B40046A2504EB180793C5
:1038E000A3081340858C0D405B1924091440C28C39
:1038F0000A40A2181204D2180692008D08400590C2
:10390000374908884988374BFF2201921A604901DC
:103910000818029082B234490C98505400925618FC
:10392000010EF170010CB170000A70700B983071CB
:103930000A9D3572099A3273089C3474079931755F
:10394000069B03933376059B04933377030EF37141
:10395000030CB371224B000A7071280EF072280C10
:10396000B072280A7072100EF073100CB073100A47
:103970007073200EF074200CB074200A194C70740F
:10398000080EF075080CB075080A70750399080EDA
:10399000F076080CB076080A70760499080EF07775
:1039A000080CB077080A707700200D9020605988C5
:1039B00000290ED0019921600C49009A5218491C27
:1039C0001140029A084D4A554919120A4A700D9041
:1039D00020605888401C58800EB0F0BDFF3F0000AA
:1039E000140000205400004000000147FEFF0300C7
:1039F000F0B503AF8BB00446684600250585022666
:103A0000C6840682C581BD68C580FE688680438005
:103A1000084B03807300838483836B008381089445
:103A200005920291012149040691FFF755FE0BB062
:103A3000F0BDC04603020000B0B502AF8CB0044632
:103A400001A800250585022585840582C380828022
:103A5000BA6842805200C28482838322920002802C
:103A600009940795069106490491F9683A69511835
:103A70000122120489180391FFF72EFE0CB0B0BD8D
:103A800002000200F0B503AF8BB004466846002583
:103A900005850226C684868345830682C380BD6869
:103AA000858042806A0082845A00028383229200C9
:103AB00002800894059106490391F9683A69511802
:103AC0000122120489180291FFF706FE0BB0F0BD27
:103AD00002000200F0B503AF8BB004466846022531
:103AE0000585C584858345830582C5810125C580FB
:103AF000FD688580BE6846800326467004706C00B1
:103B0000848404838481089105930292FFF7E4FD85
:103B10000BB0F0BDF0B503AF8DB001920A4601467F
:103B200002A802260685C684002585830682C681F2
:103B30000126C680FE688680BC68448003244470E9
:103B400001707100818481810A920895079301991F
:103B50000491FFF7C1FD0DB0F0BDC046F0B503AF55
:103B6000A5B003920C910FAA022111820A91D18172
:103B700001210991D1808021019151700B90107029
:103B8000002090831085BD68690091811590189080
:103B9000002B5ED089B2029103210891C9030791DD
:103BA00001460493069504E0059988B2049B984267
:103BB0004FD20A4601468031994205910E9201D8B2
:103BC000019900E0991A0FAA5180002DECD00299BA
:103BD0004843039940180D900020014620E0079DBE
:103BE00017950FA8FFF73EFE1AA80A99018584834E
:103BF000018209994180089941700B990170164A18
:103C000023920C99229120941F95069D1D921C9140
:103C100012491B91FFF760FDB0B2A8423146C3D2F2
:103C200006468036AE4201D8802200E06A1A0FAB09
:103C30009A800024149440000D9A101811900E9848
:103C400001430804CBD10C9817900FA8FFF70AFE88
:103C5000E2E725B0F0BDC04602000200010001000D
:103C600081B0002000900249086001B07047C04652
:103C7000540000400148FF2101607047540000409B
:103C8000D0B502AF82B0074CFF232360064B034040
:103C90000648181800F0B2FF00200190206002B022
:103CA000D0BDC04654000040FFFF030000000147A4
:103CB000B0B502AF82B0074DFF202860012042045A
:103CC00005480024214601F0EFF801942C6002B071
:103CD000B0BDC0465400004000000147232040060C
:103CE000016802220A4302607047232040060168EF
:103CF0000222914301607047232040060168402260
:103D00000A4302607047D4D4F0B503AF9DB011915F
:103D10000446122210466043DE4B1818099000F04A
:103D20006DFF03200F90C002A102081880B20E9010
:103D3000FFF7CAFC12A9002010900880D64EB01ED2
:103D400002252A46FFF79CFF7F20C00112A90880A8
:103D5000301F0D902A46FFF793FFD048B33012A9C9
:103D60000880B01F03902A46FFF78AFF12A9CB48AC
:103D70000880304608382A46FFF782FF12A9C84853
:103D8000088030460A382A46FFF77AFF12A9C5484C
:103D9000088030460C382A46FFF772FFBF20C0016A
:103DA00012A9088008946000301A1A3807902A4631
:103DB0000B95FFF765FF1198808812A90880B64C13
:103DC0000E3C20462A46FFF75BFF01250095019532
:103DD000072021462246109E3346FFF79BFE0095A2
:103DE000019509200C902146069422463346FFF7A0
:103DF00091FE119EB08912A90880A74810380B9C2B
:103E00002246FFF73DFFF08912A90880A248123828
:103E10002246FFF735FF308A12A908809E4E143ED5
:103E200030462246FFF72CFF009501959A49163936
:103E300020460D9A33462E46974DFFF76BFE11989C
:103E4000C08812A9088028462246FFF719FF00966D
:103E500001960C9829462A46109BFFF75BFE0096B8
:103E6000109601960F9829462A462B46FFF752FED8
:103E70000E980546FFF7E8FB8B48232149060968A1
:103E8000490603D4411E00280846F6D109988188C6
:103E90000F9144882846FFF717FC089D284600F03C
:103EA000CFFA0094019405200590410369430B204B
:103EB00000030B910918119103200C900A46764BD0
:103EC000FFF728FE0094109E0196BB204002E901F6
:103ED0000A180E92754811992346FFF789FD009440
:103EE0000194724D803D28460E99119A3346FFF792
:103EF0007FFD009601946E486C492A462346FFF7E1
:103F000077FD009401966A48861E304629460E9A2F
:103F1000109BFFF76DFD109800901098019010987D
:103F2000314632460D9BFFF7D5FD10980090109852
:103F3000019009200025314632462B46FFF7CAFD85
:103F4000009401940C985A490A463346109EFFF794
:103F5000E1FD0094019402200C9011990A46544B03
:103F6000FFF7B8FD00940196504811990E9A0D94F0
:103F70002346FFF73DFD0F990998001D04905D2031
:103F800080020E9000293BD00B98434A1018801CE9
:103F90000B9048000A902DE0A0B2019069001191A9
:103FA0000E980A18424841490D9E3346FFF720FDFE
:103FB00012A80C9A0285C2840A9B8384828342835E
:103FC000610001830282C2818381109AC280848051
:103FD0004680384901800B99119BC91816461A91E1
:103FE000334A17921491FFF777FB4035ADB20F9922
:103FF0008D4205D200964C1B402CCDDB4024CBE7F4
:104000000598C001089D68437103401880B2049967
:104010000C88FFF759FB284600F012FA0998407AFD
:1040200000281AD0009401960325284620490E9AAC
:104030001346FFF74FFD0096304623463446079E51
:1040400031461B4AFFF78AFD009401942846314609
:104050003246039BFFF75EFD11E0009401960420B9
:104060000023134D29460E9AFFF734FD0096304683
:1040700023463446079E31462A46FFF76FFD0094DB
:104080000194032031463246069BFFF743FD1DB0E5
:10409000F0BDC04618000020FE2F00004D3E00007D
:1040A000243C000080BF00001FA1070080770100B2
:1040B0000278010001030000F0B503AF87B00646A7
:1040C000252000020690FFF7FFFA12217143234AD0
:1040D000551868896B88515A0093019105214C034A
:1040E0007443324605961E4EA1190C3152000492BB
:1040F0008018401C82B20C2003903346FFF70AFD63
:1041000068896988009101910B2109036118049A5B
:104110001018801C82B203983346FFF7FBFC6888B6
:10412000012100900191BB2040020599C9010918A5
:10413000083603200A463346FFF7ECFC0698FFF7E3
:1041400083FA0848232149060968490603D4411E19
:1041500000280846F6D107B0F0BDC0461800002080
:10416000F42F00001FA10700B0B502AF15460446AA
:10417000002909D012206043144A105A4004020C4E
:1041800017200003FFF77CFD122060430F49002D2C
:1041900008D0081880884004020C0D482946FFF713
:1041A0006FFD0AE00D18FFF765FDA8884200094879
:1041B000094900F023FDFFF753FD0320C002A102CF
:1041C000081880B2FFF740FAB0BDC04618000020C2
:1041D000027801000278024700700247B0B502AFD2
:1041E00015460446002909D012206043154A105A8A
:1041F0004004020C17200003FFF742FD1220604329
:104200001049002D08D0081880884004020C0E4880
:104210002946FFF735FD0AE00D18FFF72BFDA888AA
:1042200042000A480A4900F0E9FCFFF719FD0520A1
:10423000C001604301214903401880B2FFF704FA2E
:10424000B0BDC04618000020027801000278024785
:10425000007002472320400600688109012088433E
:104260007047C04680B500AF0B4612214143054858
:10427000401880884004020CB92041021846FFF71C
:104280000BFA80BD18000020D0B502AF82B040000C
:104290000549091A01AC02222046FFF7FDF900206A
:1042A000205E02B0D0BDC046E42F000070477047CA
:1042B000D0B502AF0446052040034843101803213F
:1042C0000903401821461A46FFF7DAFCD0BDD0B5E5
:1042D00002AF044605204003484310180B21090390
:1042E000401821461A46FFF7CBFCD0BD80B500AF81
:1042F00017231B03C918FFF7CFF980BDD0B502AF54
:10430000052464034C4311190322120389181A4629
:10431000FFF7C2F9D0BDD0B502AF052464034C430A
:1043200011190B22120389181A46FFF7B5F9D0BDEF
:10433000F0B503AF87B01E4604910590D0017F21F0
:10434000C901081A06A908801B480222FFF798FC39
:1043500017200503700082B2284604990492FFF7E3
:104360008FFC252000020390FFF7AEF90124009690
:1043700001940720002329462A46FFF7ABFB00964D
:104380000194032029462A460B4BFFF7C3FB0398F1
:10439000FFF75AF90948232149060968490603D459
:1043A000411E00280846F6D105982946049AFFF7D1
:1043B00073F907B0F0BDC046E62F00001FA107004B
:1043C000F0B503AF85B002920D460390252004029C
:1043D0002046FFF779F97F20C00104A90880124820
:1043E0000222FFF74DFC01200095019017200603E3
:1043F0000C203146029A0C4BFFF78CFB2046FFF74E
:1044000023F90A48232149060968490603D4411EB5
:1044100000280846F6D16804020C03983146FFF7DD
:104420003BF905B0F0BDC046FA2F00001FA1070000
:10443000004870470070024700487047007202470A
:10444000F0B503AF8DB0BB214A02C1018C18122216
:10445000079042434E498B5A8D18A8880990688866
:104460000C90E8890126F20317210903002808941B
:104470005CD00C9800900B9606460B98019045482E
:104480000593831F03200A90049143490692224614
:10449000FFF740FB6889401D80B2009601900698A6
:1044A00002903E4821460B9A3346FFF7EBFA0096FE
:1044B0000B9801903748831E0A9838490A46FFF73F
:1044C00029FB688935460B9E00950190069802905D
:1044D000204604993246059BFFF7D4FA00950196D1
:1044E0000A98214622462B4BFFF714FB00950196B4
:1044F000304621462246294BFFF7ECFA079D284615
:1045000000F050F80C98009001962248031F0A987A
:1045100021462246FFF7FEFA0C980090019630469D
:10452000214622461C4BFFF7D5FA14E068890C9D02
:1045300000950190029220463246FFF7A3FA0095BB
:104540000196032021462246124BFFF7E3FA079D0E
:10455000284600F027F80C980090099C019405204B
:10456000400368430B490A181232B9204502284615
:1045700008993346FFF73CFA009401965D208102CA
:104580000220074A2B46FFF7A5FA0DB0F0BDC04642
:1045900018000020EE2F0000027A0100027C0100CA
:1045A00002780100F0B503AF83B0122141432C4AD9
:1045B0005218117A5688032936D0022928D00129A9
:1045C0004BD1012400960194BB214902C00145183A
:1045D0002448031F032029462A46FFF79BFA00962A
:1045E00001942048831E204629462A46FFF792FA66
:1045F000009601941B48831C062029462A46FFF793
:1046000089FA00960194052029462A46154B22E096
:10461000012100960191BB214902C00141181148B6
:10462000831C06200A4616E00121029100960191A2
:10463000BB214902C001441805200A4D21462246EB
:104640002B46FFF767FA009602980190083D062076
:10465000214622462B46FFF75DFA03B0F0BDC04667
:1046600018000020FA2F0000014908607047C0467A
:10467000B400002080B500AF00F05CFA02480021D1
:104680004160816080BDC046B4000020BCB504AF6D
:10469000234DE8680A281FD80124810001A251583F
:1046A0008F46C0461F470000D9460000F94600006B
:1046B000D1460000EB460000EF460000D546000062
:1046C000E3460000E7460000F7460000F34600001E
:1046D000022411E005240FE0401E09281DD8002403
:1046E0000AE0062408E0072406E0032404E004248A
:1046F00002E0092400E008242B68002B0DD001A95A
:104700006A4620469847401C07D00098C10F4018C1
:104710004110A21C019800F005F80020E860BCBD23
:10472000B4000020F8B504AF16460D460446104606
:1047300000F0CEF8002800D0F8BDF100024A891838
:1047400008398D800C60F8BD3C00002080B500AFBA
:1047500000F0D0F805480021782200F0A5FB0120E8
:10476000C003034900F00EFA80BDC0463C000020A3
:1047700075470000BCB504AF441E0F2C17D2394852
:1047800000F028FA38484168002901D000228A80C8
:104790000122E100354B591841608260C268002A4D
:1047A00000D0BCBD89880029FBD1C460BCBD0028F5
:1047B00008D02B49884211D12A4800F00BFA00F0AA
:1047C000DDF8BCBD274800F005FA274841680029FC
:1047D000E7D0002282608A804260BCBD224DA8687A
:1047E00002280AD0012823D168688488204600F076
:1047F000F1F9002C26D0022026E068680068002429
:10480000005F1B49884200DB08461A49884200DCE9
:10481000084680B200F0DEF968680168891C016012
:104820008188491E81800804BBD16C60AC60BCBD2E
:1048300001A800F089F8012808D002280BD1094806
:10484000401C05E000206860A860BCBD0548801CD5
:1048500001A9088001E001A8008800F0BBF9BCBDF7
:1048600001800000FF7F0000B40000203C00002019
:10487000FE7F00000280FFFFD0B502AF0C4940244C
:104880000C6000B20B49884200DB08460A498842A6
:1048900000DC084680B2BFF34F8FBFF36F8F00F08C
:1048A00039F806490C60411E48424841D0BDC04617
:1048B00080E100E0FE7F00000280FFFF00E100E0F9
:1048C00080B500AF00F066F8411E4842484180BD07
:1048D00001460220012909DB0F2907D8481EC00024
:1048E000034908188088002800D003207047C0467C
:1048F0003C00002005480649002202700122920275
:104900008A1841608160C2607047C046C4040020BC
:10491000C40000200A490A78002A01D0012070470B
:104920004A681080CB68901C984200D105484860C6
:104930008A68904201D000207047012008707047BB
:10494000C4040020C40000200A490A78002A01D0CB
:10495000012070474B688A68934209D0138803800E
:10496000CB68901C984200D10348886000207047B3
:1049700002207047C4040020C400002003480449FA
:1049800041608160002101707047C046C40400206E
:10499000C4000020014800787047C046C4040020CD
:1049A000FEB506AF534D544EAE606E6000242C70C1
:1049B00001A80480012189027118E9600294FFF7BF
:1049C000C3FF0290022800D092E04C48FFF7A2FFFC
:1049D0000290002800D08BE001A8FFF7B5FF0290FD
:1049E000002800D084E001A8FFF7AEFF0290022863
:1049F0007ED1A0B2FE2806D8FFF78CFF0290641C7F
:104A00000028F6D074E028780290002870D13B4846
:104A1000FFF780FF029000286AD0287802900128D2
:104A200066D13648FFF776FF0290002860D001A8D3
:104A3000FFF78AFF029001285AD101A8FFF784FFEF
:104A40000290012854D16E60AE6000242C70029454
:104A500001A8FFF779FF0290022849D12748FFF704
:104A600059FF0290002843D101A8FFF76DFF029083
:104A700000283DD101A8FFF767FF0290022837D137
:104A8000A0B2FF2806D2FFF745FF0290641C002861
:104A9000F6D02DE00025FF2D0CD201AC2046FFF70B
:104AA00053FF0290002823D1681C2188A9420546A3
:104AB000F1D01DE00024A0B2FF2809D22046FF302B
:104AC00080B2FFF727FF0290641C0028F3D00FE0AC
:104AD000002401A8FFF738FF0290FE2C08D8002818
:104AE00006D1601CFF3401A90988A1420446F0D018
:104AF000FEBDC046C4040020C40000200110000018
:104B000080B500AF094801688AB24260084A12685D
:104B10000369002A05D02320C000014098B29047C5
:104B200080BD0121C903C16080BDC046100900419C
:104B3000D404002080B500AF01204004FCF76EFDD6
:104B40000A4940200860BFF34F8FBFF36F8F0849B9
:104B5000084A0A60FF210904074A13688B4313605F
:104B6000064908600649086080BDC04680E100E053
:104B7000C80001401112111104E400E080E200E0DD
:104B800000E100E0F0B503AF0F4A15681468012397
:104B90009C4314601C021668264316601668A643E0
:104BA0001660ED0702D015681D431560074D1560AE
:104BB0005460D06150681F2404435460044801606D
:104BC000106818431060F0BD000900411406000091
:104BD000D4040020014908607047C0461C09004108
:104BE00030B500240139A24201D1002005E0035D67
:104BF00001340D5DAB42F6D0581B30BDF0B5DE463A
:104C000057464E464546E0B583B00F2A00D87FE0B0
:104C100003252B0007240340E41A052C04D90600C1
:104C20000E43354200D1DAE04D1C0E782D78441C3D
:104C3000067025708C788470CC78C4700C790471FF
:104C4000032B09D04C794471022B05D08C798471E7
:104C5000012B01D0CC79C4710824A446DC1FA41810
:104C600062460325D31ACE18290031408A46C3185C
:104C7000621E2E4200D0B9E00F2A00D80CE1113C90
:104C8000210988460F2C04D919003143490700D166
:104C9000D6E010274546BC46190034002D019C443F
:104CA000AC4465684D60A5688D60E568CD60256899
:104CB00010340D6010316145F3D1474601373C0196
:104CC00031190F271B190C241740144200D1E1E0C1
:104CD0000A683C1F1A60032C09D90D1D1A1D2D6886
:104CE00015603A00083A032A01D98A689A600322BB
:104CF000A4080134A4003A4009191B19551E002AC2
:104D00000AD103B0F0BCBB46B246A946A046F0BDEE
:104D10000300551E002AF4D0052D00D887E00C00B2
:104D20001C43A4073BD00C784E1C1C705D1C941EC9
:104D300036782E70002CE4D08C789C70032AE0D05A
:104D4000CC78DC70042ADCD00C791C71052AD8D010
:104D50004C795C71062AD4D08C799C71072AD0D00A
:104D6000CC79DC71082ACCD00C7A1C72092AC8D004
:104D70004C7A5C720A2AC4D08C7A9C720B2AC0D0FE
:104D8000CC7ADC720C2ABCD00C7B1C730D2AB8D0F8
:104D90004C7B5C730E2AB4D08A7B9A73B1E70C68A3
:104DA0001C609408012C6AD04E685E60032C01D10F
:104DB0008C689C6003241442A3D0A2438C189E18D4
:104DC0002378AA1A3370611C731C551E002A98D0D0
:104DD0000A781A70002D94D0A378B37091E70D680B
:104DE0000560062C44D04C68446035E75446751A7B
:104DF0006146091B8C460421091BC9008846E10055
:104E0000894640CD34004946CC40019540CD0094C0
:104E100031004446A1401F00009C04330C433C6019
:104E20001400043A6245EDD20199651F51440C7893
:104E30001C70002D00D164E74E1C5D1C941E77E7AA
:104E400001244444B44619000027A1466446E5689D
:104E5000A4688C60CD606446656824680C604D6011
:104E60001024A2460137D4441031B945EED824E7C6
:104E70000C7904714C7944718C798471ECE61E1DB7
:104E80000C1D042A00D13CE7951F0A7905311A71DF
:104E900005339DE73A003CE7350017001A00310062
:104EA00040CD053C40C21AE7F0B5CE464746050066
:104EB00080B5830700D16EE0531E002A56D004004F
:104EC0000326CAB202E00135013B4FD301342A70F8
:104ED0003442F8D1032B37D9FF250D402A0252194D
:104EE000150452190F2B59D91F00103F1F2F01D93C
:104EF00066073FD03F093E01B0461026B4464646FD
:104F00002500A44466442A606A60AA60EA601035FD
:104F1000AE42F8D101373D0164190F250C261D4022
:104F20001E402B00002E0FD02B1F2260032B05D913
:104F30002E00083E6260032E00D9A2609B08013358
:104F40009B00E41803232B405A1E002B0ED0C9B23D
:104F50002170002A0AD0023B5D426B4161705B42C6
:104F6000012A03D0A170002B00D0E170C0BCB9466B
:104F7000B046F0BD00263F09B0467E1C2500B44671
:104F80000126B146C8442A606A60AA60EA6010350A
:104F9000E045F5D3BEE7040013009BE71D00C3E71F
:104FA0000023C25C0133002AFBD1581E7047D4D4C1
:104FB000F7B5FF214300041C5B08C9058B4204D9E7
:104FC000011C201C00F068FA0DE0C60F8B4204D1D2
:104FD000002E00D0BAE0201CFEBD5D49884204DDF1
:104FE000002000F0E7F8041CF5E7002806DA594A2B
:104FF000934203D9002000F0CBF8F4E7564A9342DD
:105000006ED9564AB50093424ED8554B201C59597B
:1050100002F06EF8534B071C5B5901257540009355
:10502000AD1B0099381C02F063F8041C211C201CE5
:1050300001F03CFE4C49061C01F038FE4B4902F0E1
:1050400057F8311C01F032FE494900F025FA311CB5
:1050500001F02CFE474902F04BF8311C01F026FE0E
:10506000454900F019FA311C01F020FE011C201CFA
:1050700002F03EF8011C061C201C01F017FE0190F6
:10508000002D40D18021301CC90502F031F8011CEF
:10509000019800F035FE211C02F02AF8011CFE20C8
:1050A000800502F025F89EE73449201C01F0FEFD42
:1050B000334B595900F0F0F901F0B0F8050001F058
:1050C00019F93049061C01F0F1FD011C201C02F009
:1050D0000FF82D49071C301C01F0E8FD0090A0E7F7
:1050E000D022920593420CD22849201C00F0D4F91A
:1050F000FE21890502F004F9051E97D0FE218905DD
:105100005FE7002592E78020311CC00501F0F0FF29
:10511000011C019800F0F4FD011C009801F0E8FF6B
:10512000391C01F0E5FF011CFE20800501F0E0FFC5
:105130002B007D3302DBEC0524184CE7D8216435C5
:10514000ED052818090501F0B1FD4CE7002442E700
:105150001772B142B5F1CF421872B13E9115853F39
:1051600048960100409601004CBB31330EEADD3514
:1051700055B38A38610B363BABAA2A3E3BAAB83FEF
:10518000509601008071313FD1F71737CAF249714B
:1051900010B5002805D080200006222100F004F878
:1051A00010BD0020F9E7D4D4014B19607047C04608
:1051B0007433002010B5002804D004482221FFF7E2
:1051C000F3FF10BDFF20C005F8E7C046000080FFD8
:1051D00010B5084A08490948FFF710FD0021084AA0
:1051E0000848FFF761FE00F00FF800210800FBF708
:1051F00019FAFEE714000000749601100000002068
:10520000643300001400002070B50F4C002C02D055
:105210000E4D002D11D10E4C0E4B9C4210D10E4B59
:10522000002B01D000F000F80C4C0D4B9C4206D036
:1052300008CC9847F9E708CC9847A542FBD170BD48
:1052400008CC9847E8E7C0460000000000000000D6
:1052500014000020140000200000000014000020B2
:1052600014000020012925D300D17047884201D2C3
:1052700000207047024684465FA00130130C8B4229
:1052800001D31A00A038130A8B4201D31A005038F8
:1052900013098B4201D31A00283893088B4201D39B
:1052A0001A00143853088B4200D30A3802006046B3
:1052B00000231047002080B501F0EEFF80BDC046FE
:1052C00000BFCA07904200D3801A5B418A07904210
:1052D00000D3801A5B414A07904200D3801A5B4199
:1052E0000A07904200D3801A5B41CA06904200D35D
:1052F000801A5B418A06904200D3801A5B414A06BD
:10530000904200D3801A5B410A06904200D3801A73
:105310005B41CA05904200D3801A5B418A059042E6
:1053200000D3801A5B414A05904200D3801A5B414A
:105330000A05904200D3801A5B41CA04904200D310
:10534000801A5B418A04904200D3801A5B414A0470
:10535000904200D3801A5B410A04904200D3801A25
:105360005B41CA03904200D3801A5B418A0390429A
:1053700000D3801A5B414A03904200D3801A5B41FC
:105380000A03904200D3801A5B41CA02904200D3C4
:10539000801A5B418A02904200D3801A5B414A0224
:1053A000904200D3801A5B410A02904200D3801AD7
:1053B0005B41CA01904200D3801A5B418A0190424E
:1053C00000D3801A5B414A01904200D3801A5B41AE
:1053D0000A01904200D3801A5B41CA00904200D378
:1053E000801A5B418A00904200D3801A5B414A00D8
:1053F000904200D3801A5B410A00904200D3801A89
:105400005B4118467047D4D440B542004B005E085B
:10541000164301D006004E4000D4D01A04D2012019
:10542000C90F06D1404204E003D90120C90F00D0C2
:105430004042FF263606B24200D8B34200D90120CE
:1054400040BDC04640B542004B005E08164301D047
:1054500006004E4000D4D01A04D20120C90F06D154
:10546000404204E003D90120C90F00D04042FF268A
:105470003606B24200D8B34201D90120404240BDB5
:1054800042004B000020FF2109068A4200D88B42CF
:1054900000D901207047D4D4F0B542004B00520827
:1054A0006FD05B086ED0D60DDF0DFF2E6AD0FF2FB8
:1054B00068D09A4205D20400150008001A002100A5
:1054C0002B004402A4094D02AD090126B606D20DF7
:1054D00000D03443DB0D00D03543D61A0CD0002B5E
:1054E00000D1761E20239B1B2F009F4000D0012758
:1054F000F5403D4300D1012507004F40FF0F21D16A
:1055000064190126F6062700374007D02700012638
:10551000374064083C430132FF2A53D0C00FC00714
:10552000D20510432100A401640A20430722114040
:10553000042906DB01D00130F0BD0100490800D389
:10554000401CF0BD641B1AD02600002AE6D0B60E1F
:10555000E4D10FB4200000F07FFB05000FBC6D1FED
:10556000AC40521BDADC0126B61A002220239B1B1A
:1055700027009F4000D00127F4403C43CEE70020A5
:10558000F0BD5B08FF24E405A24217D8A34214D85B
:10559000A24205D141400126F607B1420ED0F0BD2E
:1055A000A34201D10800F0BDD41802D0002A02D0D5
:1055B000F0BD0840F0BD0800F0BD080001218905DC
:1055C0000843F0BDFF24E4052043C00DC005F0BD35
:1055D00010B584B00391029001930092019B009A50
:1055E0000399029800F002F804B010BD10B5ACB0F9
:1055F00029912890279326922999289800F066FAF5
:10560000259124902799269800F060FA2391229002
:1056100024992598FB4A10402091219022992398A3
:1056200010401E911F902199209A0020521E814106
:105630000120C043801AF44888410AD3FFE71F982D
:105640001E990022491E9041491CEF49884100D211
:105650008FE021982099491EEC4988410CD3FFE73F
:105660002999289800F032FA0122D204114300F05F
:1056700038FA2B912A901CE21F981E99491EE34983
:1056800088410CD3FFE72799269800F01FFA0122E2
:10569000D204114300F025FA2B912A9009E22098B8
:1056A0002199DA4A51400843002823D1FFE729997C
:1056B000289800F00BFA089009912799269800F095
:1056C00005FA034608980A460999584051400122B4
:1056D000D20751400843002807D1FFE70020FA49CC
:1056E00000F0FFF92B912A90E3E1289829992B915A
:1056F0002A90DEE11E981F99F04A51400843002885
:1057000005D1FFE7269827992B912A90D1E121997D
:1057100020980843002820D1FFE71F991E980843CE
:10572000002815D1FFE72999289800F0CFF90690B5
:1057300007912799269800F0C9F9034606980A466A
:1057400007991840114000F0CCF92B912A90B0E154
:10575000269827992B912A90ABE11F991E98084310
:10576000002805D1FFE7289829992B912A90A0E1DC
:10577000FFE71F991E9B2198209AD21A88410DD2CB
:10578000FFE7249825991D911C9022982399259133
:1057900024901C981D9923912290FFE725984000A2
:1057A000400D1B9023984000400D1A902499259895
:1057B000C34A1040189119902299239810401691CD
:1057C00017901B98002805D1FFE718A800F094F95E
:1057D0001B90FFE71A98002805D1FFE716A800F0F4
:1057E0008BF91A90FFE725980122D1070840002184
:1057F00014911590259823994840C00F13A908705B
:10580000199818994B0FC000C018C900D205104351
:1058100018911990179816994B0FC000C018C9001D
:105820001043169117901B981A99401A12901298CB
:10583000002824D0FFE712983F281AD8FFE71698CF
:105840001799129B4022D21A00F0CEF90843411E4C
:10585000884111A90591087016981799129A00F0BD
:105860004DFE059A127801231A40104317911690A5
:1058700004E00020179001201690FFE7FFE713A82F
:105880000078C007002835D0FFE7179A169B1998B3
:105890001899C91A904118911990199918980843A4
:1058A000002807D1FFE70021084600F01AF92B91E4
:1058B0002A90FEE01998C00D00281AD1FFE7199927
:1058C000189800F03FF904900120C105002000F075
:1058D00039F901460498401A1090109A18981999AD
:1058E00000F082F91991189010991B98401A1B909A
:1058F000FFE723E0179A169B19981899C918504189
:105900001891199018A8C079C007002815D0FFE792
:1059100018A80078012318400FAA10701898199938
:10592000CC0740080019490812781A401043199111
:1059300018901B98401C1B90FFE7FFE71B986149DC
:10594000884209DBFFE7149815995C4A114300F07F
:10595000C8F82B912A90ACE01B98002821DCFFE7C7
:105960001B9901200390401A0E90189819990E9BCC
:105970004022D21A00F038F90843411E88410DA98F
:1059800002910870189819990E9A00F0B7FD029AC2
:10599000039B12781A4010431991189000201B9015
:1059A000FFE71898072108400C90189819994A07A2
:1059B000C00880184902090B0B910A901B98020538
:1059C0000A990B9810430A910B90159A149B0B9906
:1059D0000A98184311430B910A9000F08BFD014681
:1059E0000191032857D80198810002A0415840181E
:1059F0008746C0461C000000540000007A000000EA
:105A0000A0000000FFFFFF7FFFFFEF7F0000F07F9F
:105A10000C98052808DBFFE70B980A990022491C1F
:105A200050410A910B90FFE70C9804280BD1FFE737
:105A30000B980A9901220B4613400022C9185041C5
:105A40000A910B90FFE726E0159914980843002867
:105A50000CD0FFE70C98002808D0FFE70B980A99B4
:105A60000022491C50410A910B90FFE713E0159961
:105A70001498084300280CD1FFE70C98002808D0A0
:105A8000FFE70B980A990022491C50410A910B909C
:105A9000FFE700E0FFE70C98002803D0FFE700F0E5
:105AA0002BFDFFE70B990A9800F01BF82B912A9029
:105AB000FFE72A982B992CB010BDC0460000F07F5C
:105AC000FFFF0F00FF0700000000F87F84B0039184
:105AD000029002980399019100900098019904B0F6
:105AE000704784B00391029002980399019100904D
:105AF0000098019904B0704780B586B0059005986C
:105B00004168006800F01EF8009001200290010535
:105B1000002000F017F801460098401A0490049AFB
:105B2000059901910868496800F05EF8019A0346FA
:105B3000029803930B460399536011600499401A2D
:105B400006B080BD84B001910090019800281FD05C
:105B5000FFE7019841080843810808430109084309
:105B6000010A0843010C0843C04341081A4A114086
:105B7000411A1A4A08461040890811404018010984
:105B800041181748014017484843000E03901FE092
:105B90000098410808438108084301090843010AA5
:105BA0000843010C0843C04341080B4A1140411A05
:105BB0000A4A084610408908114040180109411856
:105BC0000748014007484843000E20300390FFE794
:105BD000039804B07047C046555555553333333399
:105BE0000F0F0F0F010101018AB007910690059276
:105BF00020200490069807990391029005A8007848
:105C00008006002808D5FFE700200090029805993B
:105C100020398840019016E00598002805D1FFE75B
:105C2000069807990991089012E002980599884012
:105C300000900398059B984002992022D21AD140E7
:105C400008430190FFE70098019909910890FFE748
:105C5000089809990AB0704786B005900598049095
:105C600004A8418809044A42514109010391039A59
:105C700010218A1A0499D140049103990291407825
:105C8000000241424841C000039003990820411A94
:105C90000498C84004900399029840180290049810
:105CA000F0210840414248418000039003990420BC
:105CB000411A0498C8400490039902984018029031
:105CC00004980C2108404142484140000390039948
:105CD0000220411A0498C840049003990298401881
:105CE0000290029800900499401A801C89070029AC
:105CF000019001D500980190019806B07047D4D466
:105D000080B582B0019000910099019800F002F8EE
:105D100002B080BD80B59EB01C901B911C9800F015
:105D20008FF9C00DC0B21A901B9800F089F9C00D10
:105D3000C0B219901C9800F083F906901B9800F0EF
:105D40007FF90146069848400121C907084018908C
:105D50001C9800F075F9B5490791084017901B98F9
:105D600000F06EF9079908401690002015901A98D7
:105D7000401EFD2805D8FFE71998401EFE2800D2D6
:105D800086E01C9800F05CF9A94905910840149040
:105D90001B9800F055F90599084013901498A549EF
:105DA00088420AD3FFE71C9800F04AF901218905CF
:105DB000084300F04CF91D9035E113989D49884245
:105DC0000AD3FFE71B9800F03BF90121890508433E
:105DD00000F03DF91D9026E11498FF21C905884285
:105DE00012D1FFE71398FF21C905884205D1FFE7CB
:105DF000914800F02CF91D9015E11498189908436A
:105E000000F025F91D900EE11398FF21C905884285
:105E100005D1FFE7189800F01AF91D9003E11498D6
:105E200000280ED1FFE71398002805D1FFE782482C
:105E300000F00DF91D90F6E0189800F008F91D909B
:105E4000F1E01398002808D1FFE71898FF21C90551
:105E5000084300F0FCF81D90E5E01498C00D002800
:105E600008D1FFE717A800F0F9F801461598401887
:105E70001590FFE71398C00D002808D1FFE716A87A
:105E800000F0ECF801461598401A1590FFE7FFE77F
:105E900017980121C90508431790169808431690D2
:105EA0001A981999401A159940187F30129016982F
:105EB00000021190614810901199401A0F900F98AC
:105EC000119A00230393194600F08EFE039B48426B
:105ED0000E900F980E9A194600F086FE039B49001B
:105EE000C00F40180F900F98119A194600F07CFED1
:105EF000039B48420D900F980D9A194600F074FECE
:105F0000039B4900C00F40180F900F98119A194633
:105F100000F06AFE039B48420C900F980C9A1946B9
:105F200000F062FE4900C00F40180F900F98801ECD
:105F30000F900F980A380F900F98179949000BAAE5
:105F400004920AAB00F0A5F80498C07800280ED19E
:105F5000FFE7179800060B9A16995143401A0990CB
:105F60001298401E12901798400017900AE00B9864
:105F700040080B901798C0050B9A16995143401A88
:105F80000990FFE71298FF2808DBFFE71898FF2128
:105F9000C905084300F05BF81D9044E01298012801
:105FA0000DDBFFE70B982149084008901298C105C6
:105FB0000898084308900998400009901AE0129840
:105FC0001730002805D5FFE7189800F040F81D901D
:105FD00029E00B98129A0121891AC8400890179855
:105FE000129917318840089A169951434900401A6E
:105FF0000990FFE70899012001400998401809908D
:106000000999169A08980190401C9142029001D873
:10601000019802900298089008981899084300F097
:1060200016F81D90FFE71D981EB080BDFFFF7F0092
:10603000FFFFFF7F0100807F0000C07F33F3047506
:1060400082B0019001980090009802B0704782B031
:10605000019001980090009802B0704780B584B01C
:1060600003900398006800F02BF800900120019045
:10607000C00500F025F8009902460198891A02919E
:10608000029B039A1168994011600299401A04B06A
:1060900080BD80B586B00590049103920293059867
:1060A000049A0023194600F09FFD01910090019889
:1060B0000399086000980299086006B080BDC04648
:1060C00081B0009000984108084381080843010905
:1060D0000843010A0843010C0843C0434108094A28
:1060E0001140411A084A08461040890811404018DA
:1060F000010941180548014005484843000E01B018
:106100007047C04655555555333333330F0F0F0F76
:106110000101010180B582B00191009001990098C0
:1061200000F002F802B080BD80B594B011911090DB
:10613000314804900F9001200390C0070E901199F0
:10614000109800F05FF8049A0D910C900C990D983E
:1061500010400A910B900D98C10F0020C0430029F8
:10616000059001D103980590039A059809900B9822
:10617000000D2249401808900A990B98204B1840AE
:1061800012058018069107900898002803D5FFE7AC
:10619000002013902CE0089820280DD3FFE70999E0
:1061A0000120C007019014480129029001D00198F4
:1061B0000290029813901BE00898332810DCFFE748
:1061C0000998009006980799089B3422D21A00F08B
:1061D00095F9024600980B4600F006FD139007E083
:1061E00009990698089A343A904048431390FFE77B
:1061F000139814B080BDC046FFFFFF7F01FCFFFF76
:10620000FFFF0F0084B0039102900298039901915F
:1062100000900098019904B07047D4D480B582B042
:106220000190019800F002F802B080BD80B58EB0F8
:106230000C902A4803900B9001200290C0070A900E
:106240000C9800F04FF803990990099808400890BD
:106250000998C10F0020C0430029049001D1029881
:1062600004900299049807900898C00D7F38069012
:1062700008981B4A1040C905401805900698002848
:1062800003D5FFE700200D9025E0069820280DD3C8
:10629000FFE707990120C0070090104801290190ED
:1062A00001D00098019001980D9014E006981628EE
:1062B00009DCFFE707990598069B1722D21AD04000
:1062C00048430D9007E007990598069A173A9040C1
:1062D00048430D90FFE70D980EB080BDFFFFFF7F94
:1062E000FFFF7F0082B0019001980090009802B0FB
:1062F0007047D4D480B58AB00890202007900898C1
:10630000002805D1FFE7002000F084F8099074E030
:1063100000200690089805900898002807D5FFE708
:106320000120C0070690059840420590FFE70598B8
:10633000410808438108084301090843010A08434A
:10634000010C0843C04341082D4A1140411A2D4A0F
:1063500008461040890811404018010941182A4890
:1063600001402A484843010E1F20401A0490049817
:1063700017280CDCFFE704991720401A02900598B3
:10638000029988400121C9054840039026E00498FD
:106390001738019005980199C8400121C905484066
:1063A00003900598019A2021891A8840009000984E
:1063B0001749884204D3FFE70398401C0390FFE786
:1063C00000980121C907884207D1FFE703980122FD
:1063D0000146114040180390FFE7FFE70498C0050D
:1063E000039940187F21C905401803900398069926
:1063F000084300F00FF80990FFE709980AB080BD44
:1064000055555555333333330F0F0F0F010101012C
:106410000100008082B0019001980090009802B0C5
:106420007047D4D480B58AB0079020200690079892
:10643000002807D1FFE70021084600F04FF8099136
:1064400008903DE007984108084381080843010986
:106450000843010A0843010C0843C04341081A4A93
:106460001140411A194A0846104089081140401845
:10647000010941181648014016484843010E1F20E3
:10648000401A059005993420401A01900798019A06
:106490000021FFF7A9FB0122120551400290039150
:1064A000059800050399401802990B4A801802913B
:1064B00003900399029800F011F809910890FFE702
:1064C000089809990AB080BD555555553333333373
:1064D0000F0F0F0F010101010000F03F84B0039185
:1064E000029002980399019100900098019904B0DC
:1064F0007047D4D400207047002070478AB00791BD
:106500000690059220200490069807990391029026
:1065100005A800788006002808D5FFE70020019034
:10652000039805992039C840009016E00598002886
:1065300005D1FFE7069807990991089012E00398A2
:106540000599C84001900398059A2021891A88402E
:106550000299D14008430090FFE700980199099102
:106560000890FFE7089809990AB0704710B584B001
:106570000391029001930092019B009A0399029863
:1065800000F002F804B010BD10B5A2B01F911E902B
:106590001D931C921F991E9800F090F94800400D21
:1065A0001B901D991C9800F089F94800400D1A9025
:1065B0001F991E9800F082F905911D991C9800F012
:1065C0007DF9059848400121C9070840002107913D
:1065D000189119901F991E9800F070F9AF4A069211
:1065E0001140169017911D991C9800F067F9069BB1
:1065F0000246079819401492159113901B98401E5B
:10660000A749884206D8FFE71A98401EA549884244
:1066100000D2ABE01F991E9800F050F9A24A0492F4
:106620001140109011911D991C9800F047F9049A9F
:1066300011400E900F9111981099491E9B49884165
:106640000CD3FFE71F991E9800F038F90122D204FD
:10665000114300F03EF9219120901BE10F980E9913
:10666000491E924988410CD3FFE71D991C9800F000
:1066700025F90122D204114300F02BF92191209039
:1066800008E110981199894A51400843002818D10F
:10669000FFE70F990E98084300280BD0FFE71199E8
:1066A0001098199A189B1843114300F012F9219180
:1066B0002090EFE00020804900F00BF9219120901C
:1066C000E8E00E980F99794A51400843002818D104
:1066D000FFE711991098084300280BD0FFE70F99A6
:1066E0000E98199A189B1843114300F0F2F8219163
:1066F0002090CFE00020704900F0EBF8219120902D
:10670000C8E0119910980843002807D1FFE71999AC
:10671000189800F0DEF821912090BBE00F990E98B8
:106720000843002807D1FFE71999189800F0D1F81D
:1067300021912090AEE01198000D002808D1FFE7CC
:1067400016A800F0D1F80146139840181390FFE7FF
:106750000F98000D002808D1FFE714A800F0C4F836
:106760000146139840181390FFE7FFE7179801219F
:10677000090508431790159808431590179916981E
:10678000159B149A540DDB021B19D2020AAC01941A
:106790000CAC0394009400F0CDF803981B991A9A5E
:1067A0008918139A8918424A891809918079C00674
:1067B000002804D5FFE70998401C099005E00CA8C3
:1067C0000AA9012200F006F9FFE709983949884231
:1067D00009DBFFE718981999344A114300F079F85A
:1067E0002191209056E00998002815DCFFE70999CF
:1067F0000120401A08900898402807D3FFE719990C
:10680000189800F066F82191209043E0089A0CA8AF
:106810000AA900F00CF90BE00D98204908400D90F2
:10682000099802050C990D9810430C910D90FFE703
:10683000199A189B0D990C98184311430D910C90BF
:106840000B980A99491E1849484108D3FFE70D984B
:106850000C990022491C50410C910D90FFE70A98B9
:106860000B990122D2075140084300280BD1FFE7C2
:106870000D980C9901220B4613400022C918504173
:106880000C910D90FFE70D990C9800F022F82191E2
:106890002090FFE72098219922B010BDFFFF0F0044
:1068A000FD070000FE070000FFFFFF7F0000F07FF4
:1068B00001FCFFFFFF0700000000F87F84B0039198
:1068C000029002980399019100900098019904B0F8
:1068D000704784B00391029002980399019100904F
:1068E0000098019904B0704780B586B0059005986E
:1068F0004168006800F026F900900120029001052F
:10690000002000F01FF901460098401A0490049AF4
:106910000599019108684968FFF766F9019A0346ED
:10692000029803930B460399536011600499401A2F
:1069300006B080BD10B592B0159C149C11911090BA
:106940000F930E9210980E9A00230193194600F0AF
:106950004BF9019B0D910C9010980F9A194600F07D
:1069600043F9019B0B910A9011980E9A194600F079
:106970003BF9019B0991089011980F9A194600F074
:1069800033F90A460199079206900C9805910490F4
:106990000D980A9A821808464041089BD21848412F
:1069A00002920390049B0598029A8018159A13602E
:1069B00050600B98099A821808464041039BD218F0
:1069C00048410799069BD218484114990A604860CB
:1069D00012B010BD10B588B00790069105920799C6
:1069E000039108684968059A0092FFF7FDF8009B3B
:1069F000029001910699086849684022D21AFFF76F
:106A00007DFD019A044602980B46039920431A43E0
:106A10004A6008600699049108684968059AFFF77A
:106A2000E3F80A4604994A60086008B010BDB0B5A2
:106A30008EB00D900C910B920B983F283BD8FFE73E
:106A40000C99086849680B9B40220192D21AFFF703
:106A5000CBF8019A0843411E88410AA904910870A5
:106A60000D99086849680B9B0293D21AFFF7BCF88E
:106A7000029A059003910C99069108684968FFF7FE
:106A80003DFD039A049B044605980D4606992A434A
:106A900020431B780124234018434A6008600D9965
:106AA0000791086849680B9AFFF728FD0A4607997D
:106AB0004A60086044E00B987F2828D8FFE70D99CA
:106AC000086849680B9B8022D21AFFF78DF80C9B4F
:106AD0001A685B68194310430843411E884109A99D
:106AE000009108700D99086849680B9A403AFFF7C1
:106AF00005FD0A46009909780123194008430C99BD
:106B00004A6008600D9900204860086017E00D9801
:106B1000016840680C9B1A685B6818431143014385
:106B2000481E814108A801700178012001400C9A9B
:106B30000020506011600D9948600860FFE7FFE792
:106B40000EB0B0BD84B001910090019800281FD014
:106B5000FFE70198410808438108084301090843F9
:106B6000010A0843010C0843C04341081A4A114076
:106B7000411A1A4A08461040890811404018010974
:106B800041181748014017484843000E03901FE082
:106B90000098410808438108084301090843010A95
:106BA0000843010C0843C04341080B4A1140411AF5
:106BB0000A4A084610408908114040180109411846
:106BC0000748014007484843000E20300390FFE784
:106BD000039804B07047C046555555553333333389
:106BE0000F0F0F0F0101010110B58AB00991089034
:106BF00007930692089809990591049006980799B9
:106C0000039102900498029900F010F8019100900D
:106C1000059902984843049A0399514341180198F1
:106C200040180190009801990AB010BD10B588B0C5
:106C300007900691102003901B48029007A8038834
:106C400006A90A885A43049204AB5A8801921A880A
:106C5000049242880C885443019A12190192019AB5
:106C60001404049A1219049201AA548805945C88A9
:106C700001941B8804934B8804885C43019B1B1977
:106C80000193019B1C04049B1B1904935388059AD0
:106C9000D2180592408849884143059840180590CC
:106CA0000498059908B010BDFFFF000080B582B0C0
:106CB000019000910099019800F002F802B080BDA7
:106CC00080B594B012901191129800F035F9C00D72
:106CD000C0B21090119800F02FF9C00DC0B20F9003
:106CE000129800F029F90390119800F025F9014657
:106CF000039848400121C90708400E90129800F0FF
:106D00001BF98849049108400D90119800F014F97E
:106D1000049908400C9000200B901098401EFD280C
:106D200005D8FFE70F98401EFE2800D283E0129896
:106D300000F002F97C49029108400A90119800F095
:106D4000FBF80299084009900A98784988420AD3CA
:106D5000FFE7129800F0F0F801218905084300F0E0
:106D6000F2F81390DAE00998704988420AD3FFE7F5
:106D7000119800F0E1F801218905084300F0E3F8DB
:106D80001390CBE00A98FF21C905884210D1FFE794
:106D90000998002807D0FFE70A980E99084300F0E9
:106DA000D2F81390BAE0634800F0CDF81390B5E044
:106DB0000998FF21C905884210D1FFE70A980028E9
:106DC00007D0FFE709980E99084300F0BCF813902C
:106DD000A4E0584800F0B7F813909FE00A98002804
:106DE00005D1FFE70E9800F0AEF8139096E00998F1
:106DF000002805D1FFE70E9800F0A5F813908DE06C
:106E00000A98C00D002808D1FFE70DA800F0A2F8ED
:106E100001460B9840180B90FFE70998C00D002819
:106E200008D1FFE70CA800F095F801460B98401830
:106E30000B90FFE7FFE70D980121C90508430D906E
:106E40000C9808430C900D980C99090208AA01921D
:106E500007AB00F09AF8019810990F9A89180B9ACD
:106E600089187F39069180780006002804D5FFE74D
:106E70000698401C069005E008A807A9012200F02A
:106E80009AF8FFE70698FF2808DBFFE70E98FF2136
:106E9000C905084300F057F813903FE00698002812
:106EA00013DCFFE706990120401A05900598202879
:106EB00005D3FFE70E9800F046F813902EE0059AF0
:106EC00008A807A900F08EF809E0089815490840BD
:106ED00008900698C105089808430890FFE70E99A6
:106EE00008980843089007981149884204D3FFE79F
:106EF0000898401C0890FFE707980121C9078842BD
:106F000007D1FFE708980122014611404018089078
:106F1000FFE7089800F017F81390FFE7139814B0F4
:106F200080BDC046FFFF7F00FFFFFF7F0100807F25
:106F3000010000800000C07F82B0019001980090A5
:106F4000009802B0704782B00190019800900098BC
:106F500002B0704780B584B003900398006800F0D9
:106F60009DF8009001200190C00500F097F800996D
:106F700002460198891A0291029B039A116899406E
:106F800011600299401A04B080BD80B586B00590AA
:106F90000491039202930598049A00231946FFF77F
:106FA00023FE0191009001980399086000980299CE
:106FB000086006B080BD10B583B0029001910092C8
:106FC00002990868009CA040019A126820231B1BAC
:106FD000DA401043086001990868009A9040086000
:106FE00003B010BD10B586B00590049103920398CC
:106FF0001F281ED8FFE704980068039A20218A1AE8
:107000009040421E904102AA107005980068039CAF
:10701000091B884004990B68E34018431278012348
:107020001A401043086005990868039AD040086028
:1070300032E003983F281CD8FFE705980068039AC0
:107040004021891A8840049909680843411E8841F3
:1070500001A9087005980068039A203AD040097881
:107060000122114008430499086005990020086036
:1070700011E005980168049800680143481E8141A9
:10708000684601700078012108400499086005995C
:1070900000200860FFE7FFE706B010BD81B0009058
:1070A0000098410808438108084301090843010A80
:1070B0000843010C0843C0434108094A1140411AE2
:1070C000084A084610408908114040180109411833
:1070D0000548014005484843000E01B07047C046CE
:1070E00055555555333333330F0F0F0F0101010140
:1070F00080B584B00390029102980399019100F049
:1071000012F80121C907484000F006F8014601982D
:10711000FEF7C2F904B080BD82B0019001980090E2
:10712000009802B0704782B00190019800900098DA
:1071300002B0704780B582B001900091019800992B
:1071400000F002F802B080BD8BB0099008912020B9
:107150000790089800281FD0FFE7089841080843C7
:107160008108084301090843010A0843010C084348
:10717000C0434108444A1140411A444A084610405D
:10718000890811404018010941184148014041480F
:107190004843000E029002E020200290FFE7029890
:1071A0000190099800281FD0FFE70998410808437B
:1071B0008108084301090843010A0843010C0843F8
:1071C000C0434108304A1140411A304A0846104035
:1071D000890811404018010941182D4801402D48E7
:1071E0004843000E009002E020200090FFE7019845
:1071F0000099401A06900698202803D3FFE70998C3
:107200000A903DE006981F2803D1FFE700200A906E
:1072100036E00698401C069009980699C8400590EB
:1072200006992020411A099888400990002004906E
:10723000FFE70698002820D0FFE70598400009994D
:10724000C90F401805900998400004990843099017
:1072500008990598C0434018C0170390039801216E
:10726000084004900899039801400598401A059039
:10727000FFE70698401E0690DBE705980A90FFE7B7
:107280000A980BB07047C0465555555533333333C4
:107290000F0F0F0F0101010181B00090009801B0A4
:1072A000704782B0019100900098019902B0704738
:1072B00010B5FEF7A9F8002801D0002010BD01206C
:1072C00010BDC04610B5FEF79FF8002801DB002076
:1072D00010BD012010BDC04610B5FEF795F800287E
:1072E00001DD002010BD012010BDC04610B5FEF725
:1072F000A9F8002801DA002010BD012010BDC04609
:1073000010B5FEF79FF8002801DC002010BD012019
:1073100010BDD4D4000000000000000000010001F6
:10732000010000000000000000000000000000005C
:10733000000000000000000000000000010000004C
:10734000010000000001070F0D0000000000000018
:10735000000000000000000000000000000000002D
:107360000000000002000000020000000102000016
:107370000000010000020002000000000000000008
:1073800000000000000000000000000003000000FA
:10739000040000000001000F0800000000000000D1
:1073A00000000000000000000000000000000000DD
:1073B00000000000040000000500000000010002C1
:1073C00002000000000000000000000000000000BB
:1073D00000000000000000000000000005000000A8
:1073E000060000000001070F0D0000000000000073
:1073F000000000000000000000000000000000008D
:10740000000000000600000007000000010200006C
:107410000000010000020002000000000000000067
:107420000000000000000000000000000700000055
:10743000090000000001000F0C0000000000000027
:10744000000000000000000000000000000000003C
:1074500000000000080000000A0000000001000118
:10746000010000000000000000000000000000001B
:107470000000000000000000000000000900000003
:107480000B000000000100010000000000000000EF
:1074900000000000000000000000000000000000EC
:1074A000000000000A0000000C00000000010001C4
:1074B00001000000000000000000000000000000CB
:1074C0000000000000000000000000000B000000B1
:1074D0000D000000000100FF00000000000000009F
:1074E000000000000000000000000000000000009C
:1074F000000000000C0000000E0000000001000170
:10750000010000000000000000000000000000007A
:107510000000000000000000000000000D0000005E
:107520000F000000010200000000010040004000C8
:10753000000000000000000000000000000000004B
:10754000000000000E000000110000000302000017
:10755000000000000000000000000000000000002B
:10756000000000000000803F0000803F0F0000008E
:1075700013000000000100020100000000000000F4
:1075800000000000000000000000000000000000FB
:1075900000000000100000001400000000010001C5
:1075A00001000000000000000000000000000000DA
:1075B00000000000000000000000000011000000BA
:1075C000150000000102000000000100FF7F010023
:1075D00000000000000000000000000000000000AB
:1075E0000000000012000000170000000001000170
:1075F000000000000000000000000000000000008B
:107600000000000000000000000000001300000067
:10761000180000000102000000000100FFFF280028
:10762000000000000000000000000000000000005A
:1076300000000000140000001A0000000001000219
:107640000200000000000000000000000000000038
:107650000000000000000000000000001500000015
:107660001B000000030200000000000000000000FA
:107670000000000000000000FFFF7FFFFFFF7F7F92
:1076800000000000160000001D00000000010001C5
:1076900000000000000000000000000000000000EA
:1076A00000000000000000000000000017000000C3
:1076B0001E000000000100020000000000000000A9
:1076C00000000000000000000000000000000000BA
:1076D00000000000180000001F0000000001000171
:1076E000000000000000000000000000000000009A
:1076F0000000000000000000000000001900000071
:1077000020000000000100FF000000000000000059
:107710000000000000000000000000000000000069
:10772000000000001A00000021000000000100011C
:107730000100000000000000000000000000000048
:107740000000000000000000000000001B0000001E
:107750002200000003020000000000000000000002
:107760000000000000000000FFFF7FFFFFFF7F7FA1
:10777000000000001C0000002400000003020000C4
:1077800000000000000000000000000000000000F9
:10779000FFFF7FFFFFFF7F7F000000001D00000054
:1077A00026000000030200000000000000000000AE
:1077B0000000000000000000FFFF7FFFFFFF7F7F51
:1077C0000000803F1E0000002800000000010001B2
:1077D00000000000000000000000000000000000A9
:1077E0000000000000000000000000001F0000007A
:1077F000290000000001000100000000000000005E
:107800000000000000000000000000000000000078
:1078100000000000200000002A000000000100011C
:107820000000000000000000000000000000000058
:107830000000000000000000000000002100000027
:107840002B0000000001000100000000000000000B
:107850000000000000000000000000000000000028
:1078600000000000220000002C00000000010003C6
:107870000000000000000000000000000000000008
:1078800000000000000000000000000023000000D5
:1078900000000000040000000000000000000000E4
:1078A00000000000000000000000000000000000D8
:1078B0000000000041495F53454C46544553540075
:1078C00050494E470043415054555245007465732A
:1078D0007400535441545553004745545F53544129
:1078E000544943006400C800050005000100010080
:1078F0000100010001000100010001000100010080
:1079000001000100FFFFFFFFFFFFFFFFFFFFFFFF81
:10791000FFFF1C75843A381D920E3F079503C10185
:10792000D60061000038003900140073005E006C5E
:10793000000E003800010006A70020002000803F54
:1079400001010100523E0000000087BE72BE4EBE23
:107950007F3D7E3E913EDC3D14BEDB3DE03E2E3D54
:10796000393D9EBF5CBF863F223D47BE4C3FC43E73
:10797000453E383EC0BE083D4B3E593F60BF81BFCB
:10798000A23F983E1DBE82BF5A3D973F8B3E4B3E65
:107990006ABE55BF25BD3B3E4C3DA43E033EAABE3C
:1079A000213E823ED7BD773E103F09BFA0BF3E3F7C
:1079B000BEBD9E3D703C94BA6D3D42BF3A3FE6BEAF
:1079C000993E55BD2ABEA83D3EBF38BF41BFCEBE81
:1079D0005D3F43BFDABEA1BEEC3E033F1BBF673E27
:1079E000CFBD123F0A3E86BE0B3F45BFA83E323F89
:1079F0009D3E863F0BBED83E303D4ABFE73E9E3F90
:107A0000453E98BD07BF57BF57BE12BF66BF773F01
:107A1000AA3FCFBED3BFCCBF523F84BF80BE13BEF0
:107A2000E8BE21BE9C3E7C3E9A3E9DBE823F443EC7
:107A30002C3F5E3F97BE643FDFBE95BFF93FBD3E22
:107A400096BF323F0ABF653F85BE533F103E18BF09
:107A5000283D9ABE203F013FC43E033FAEBEA63E36
:107A6000D63EA3BE6B3EB63E973EE3BEF9BE633F35
:107A7000513E703E19BFD6BE7DBD71BE76BF15BEEC
:107A80002F3E33BF353F61BF8CBE4D3FB33F053DF9
:107A90006ABF13BD873DA53E56BF4DBEBF3D003EEC
:107AA0004BBFA63F813F7D3EA5BF4B3E59BF2A3C01
:107AB0007A3E47BF6E3E03BEF13EC8BD86BF3EBFA5
:107AC0008EBE6BBF0C3F3D3ECB3FAB3F0B3FDE3E20
:107AD000ABBF19BE9F3FAB3F863EDB3EDBBE6A3F7E
:107AE00092BEBC3EB43DFC3E31BF063FBBBF73BF40
:107AF00009BF50BDE93E5ABF4E3F013FDABFF2BF5A
:107B00002E3FB0BF7E3F883E693D44BFDE3E0C3E07
:107B1000D13D713E49BE1CBFBE3D633C93BF713F2A
:107B2000E93C8D3F033EA1BE103FF3BEC73EA6BE5B
:107B30005B3DFD3DAABE4C3F13BF99BF663F873FEB
:107B4000AD3EAC3D17BE3DBFFFBE3439923DB73EA2
:107B5000553EA2BE1DBF3BBF653E99BF743E10BEE1
:107B600043BF603FA03F8CBE5BBF8C3FF0BE123D69
:107B70003FBE45BFCD3E12BF5C3DAB3EED3FACBE10
:107B8000B2BF7EBFEB3EE43F493EBB3D113F6D3F80
:107B900035BF0DBD8BBEC3BE45BD943E74BE703EA9
:107BA0007BBEDA3FCE3FB9BF703F1EBFC6BF223F8C
:107BB000203E4CBF15BED33E143FBFBF0B3F0D4010
:107BC000923EEDBFCCBD69BF9DBE093F6BBEBEBE40
:107BD00097BF24BFB43FAC3D4A3D643FD5BD523F43
:107BE000F23E67BEC9BE71BFBFBE383EC6BF1CBE37
:107BF0008A3DE1BEC23F663ED93EE73E77BF07BF42
:107C00006F3DF1BD933FFB3E2EBF60BFFDBEE0BEAA
:107C10006C3F32BEBBBE4B3E36BF83BE723FD8BE4A
:107C200008BE71BFF23EB73E6EBF203F063F5D3ECD
:107C30001C3EDD3E20BF08BFF0BE463FF7BD12BE72
:107C4000BEBE0E3F203FD93E753FE83A013F28BEF9
:107C5000ADBE353F413FBF3E3FBF3B3F0CBE72BE56
:107C6000D43EA9BD2ABFD4BEC63F43BED93E0EBF37
:107C700060BE9DBDA63E45BEEA3DE6BF2CBF7A3F35
:107C8000D73EBB3F91BF5EBFBDBEC33E123E19BED5
:107C900047BF08BFF23F863F87BF8CBF133FE8BE98
:107CA000D63F97BFAABF54BF233EB53F50BEC2BC0C
:107CB00053BF1EBF973FA5BF1EBEC23FBABE9ABFED
:107CC00053BF8A3F073FDD3E053F44BFB0BEE03CA7
:107CD0006F3F9B3DACBFCEBE223F09BE45BF0EBE2F
:107CE00077BE9C3F1A3F03BFAE3E74BD803FCA3E85
:107CF000F7BE0DBE4BBFF8BDD4BE763EDE3F183F8B
:107D0000C0BF7FBED3BE763F643EBB3F3BBD42BFDC
:107D1000803FB9BE383ECD3E83BD873E0F3FFEBE9D
:107D2000643E8EBF40BF2A3FEEBE7D3F023F13BE82
:107D3000903E563E9ABFEABFEFBEB23F26BEEDBFB1
:107D40009EBF493FC7BC2F3F8E3F08BF32BF1EBFFB
:107D50005B3F473FCEBF78BF913EC03D74BF943E6E
:107D6000ABBF5B3FC63E5D3FC83EB3BFDD3FBCBE61
:107D70008B3E803F0CBF943F95BB4A3EC93E073FB8
:107D8000B4BDED3E65BF3CBF153F343F18BD593F04
:107D900059BF033F99BD7DBDFE3E6ABED33E23BFA2
:107DA000873DA33B93BE2EBE9B3E50BF0A3F28BFDC
:107DB000FEBCE5BE113F023F5E3EC83D8FBD903E1A
:107DC00073BEF43E6BBF823E4FBFAA3E0ABE60BE8A
:107DD000783F12BEAFBE533D243E38BE383E183DFC
:107DE0007BBE4EBF7E3FB13E3E3E83BE11BF2E40A6
:107DF000CBBD0BBF2FBF51BF793DEF3D833FE43D6E
:107E0000DE3DB4BF843FDBBEBBBFE3BF6CBFBB3E48
:107E10008A3F1C3FA9BF98BFCD3ED93E463E7F3E1C
:107E200062BFCDBE0E3FED3DBF3E6FBF8E3F25BE54
:107E300001BDFC3E98BED03FADBED8BE733E3A40B9
:107E40009D3F05BD57BF9ABF4EBF413F9F3FB1BE4B
:107E5000E5BF723FCE3F853F2EBF4FBEA03ED8BE8E
:107E6000903F39BEB1BF09BFB73E4C3F3EBFFEBEDB
:107E70000FBFF8BE283FB4BE893ED63E6FBF96BF47
:107E800086BE833FC8BEDABC153E04BFFCBBCABE7B
:107E9000283EEB3ECF3DEF3EFBBEA43FE03EC63E5C
:107EA000B7BE86BE0FBE723E2CBDA2BF03BCC9BE0C
:107EB000E8BC703EF83ECF3F143D4FBF22BF073FA6
:107EC000943FAABE47BE61BFEDBE1B3E9CBEC2BE74
:107ED000183F4B3F24BFD13EBFBE1A3FF93EC0BE44
:107EE00014BFB8BE903C8F3F18BF0A3E6C3FFDBE2A
:107EF0004D3F29BC8BBF113FC8BD1E3FA3BF21BF53
:107F0000703F68BB07BF3CBF063F39BFECBEB03E09
:107F1000A03D87BEABBDCBBEA33E52BF023F5BBF01
:107F2000643E2C3D32BE10BF5BBF823F5C3F22BF30
:107F3000D6BE1BBEB2BED8BED5BEB93FD8BCA7BE4A
:107F40008CBF6B3FF8BAF03FB23F8A3E933F4A3E48
:107F5000A4BF77BF853F9F3FB2BE85BFA9BE4EBEBF
:107F60008B3FD23E0E3E5EBF03BBE23FA3BFD0BEFF
:107F7000BCBEE3BE563FBBBFA43E3CBF383F853DC1
:107F80004EBF83BF133FE73FBFBEA6BF0EBF743EC9
:107F9000C5BDB3BE5BBCC4BE893FA63ECABE173DCD
:107FA00020BDD63D12BEE0BEC6BF3E3F2ABE9FBE2C
:107FB0009EBE3DBE013F7F3DDDBE723FD93E0C3FC0
:107FC000BDBE4ABFA93FCB3F053E66BF8ABE563FF6
:107FD00040BFA9BC0E3FFF3ED43E64BF683E103F89
:107FE0004E3F25BD30BEABBD793EDCBD81BF6C3E92
:107FF000A6BE33BFC23F55BD613F72BE273ED83ECD
:10800000933E22BF763EAE3EDFBF623E90BDBBBF19
:10801000CF3F5DBE89BE5ABEAFBF48BE103FABBEAC
:10802000AABE4CBF21BED93E04BE993E763FBF3E9C
:108030001A3F3D3F8DBFD6BED9BEAA3FC43E67BFE3
:10804000FD3E263FDCBEA0BFB03FECBE1EBD923F52
:1080500095BF983F90BE8EBFD33EFC3E183D5B3D22
:10806000A23D3D3E94BF1A3F293F62BF423FC2BF7F
:1080700060BECA3E8B3ED03F73BD19BF54BF3D3F6B
:10808000D53FFF3EC1BFC6BEA1BE024012BEACBEC0
:10809000543C97B8923E473E5D3F843FA3BD11BD1F
:1080A000CD3DD23E6BBF3B3E54BFE5BED6BE963EF5
:1080B000C6BBB0BD00BF4DBF80BE9DBD94BEB1BFAD
:1080C00030BFE93C943E953FC03E22BF923E8BBEFE
:1080D000323E153E993E323DA1BEDDBE25BE693E13
:1080E000D43D7EBFFFBD96BD4F3FDBBED5BB7C3DC3
:1080F000F43E283FDE3C0F3E873D49BF81BE133E24
:10810000713FD73FB0BEC8BFD93D61BE4ABD073E33
:10811000EC3E09BE40BFB4BD22BEAEBEABBE40BE4B
:1081200038BE72BE673F793E7E3DD13E483E6EBE50
:108130009E3EBE3D103E6D3E7C3DCA3C89BEB23D7A
:1081400024BEACBD583F34BF243DDEDDE8EEF2F185
:10815000EDE7DFDCDEE5E5DEE0E6EEF8F7ECE2DABF
:10816000D3D0D3D7DBDDDBD8D8DADAD9D8D6D5D39C
:10817000D0D0D2D3D6D5D3D1CECFCFCECFD0D0CEF4
:10818000CECECFCDCCCED0D0CECBCBCAC8CACED51A
:10819000D0CDCCCDD6DADBDEF4040B06FBEFE9E57F
:1081A000E2E7F40512191A171D28302D2825262577
:1081B0002424272B2C2C2A28221E181819120A02D4
:1081C000FBFD051012110F0904FBEAD0C7F00B0DDF
:1081D00004FEFAFAFF0D150C010001FCF5EEE5D5E1
:1081E000C0B8BABFC9D2D9DDE2E6E9EBEDEEECEA00
:1081F000E8E8E8E9EAEBF0F80310130AFBF2ECE533
:10820000E2E3ECECECE8E4E4E3E4E6E6E4DBD4D13E
:10821000CFD1DCE3E2E6EDF4F0EEF1F2EEE8E2DA03
:10822000D9D7D6D6D5D8DBDDE0E8F0F8FAF9F5F203
:10823000ECE9E4E3DED8D1D0D5E1EAF1F6F8FC00D0
:10824000030404050708080705050505060A0D0EC1
:108250000E0B04FEF9F2F1F3F6F5F3F2F0ECE8E7B9
:10826000E5E5E4E3E2E1DFDBD8D6D3D1D0D0D0CF6F
:10827000D0D4DADCDDDEDEDEDDDADBDCDEE2E1E33B
:10828000E5E8EBECEEEFF2F8FE0008090805030361
:108290000406090C101418191A191B1F23221F1B7E
:1082A00016121315110812242F38372B1E130F0E18
:1082B0000D0C0B0A080A0A0908080808090807092A
:1082C0000D0E0C080400FDFCFBFBFBFCFEFFF8F5AB
:1082D000F7F9FC0002060702FDFF050F151F242217
:1082E0001508FCF4E7D8DADCDAE5FAF8E2D0C9C31D
:1082F000C3C5C9CAC8C0BFE40B18100A04FAF4F316
:10830000F4F0EAE3E3EAF7FD00060D110C090B14A3
:1083100025343430291D1206F2EB0C3031241813A9
:10832000161C252B292319100802FEF8ECD8C8C802
:10833000D1D7E0E7EEF5FD030808070601FBF7F4E7
:10834000F4F5F6F8FA04152D42422D20160F0B0F06
:108350001209F7E2CFC3CADBF70F1F25221C140B4B
:1083600002F5F4FB06101D252720160C060100FF60
:10837000FAF6F3F4F8FD061D3D5F726A5747382C94
:108380000FF8E6D0BAADB0BEC6CCCCCBCDCECDCA00
:10839000C6C5C6C3B9B0ADB3C7DBF10D2236414384
:1083A0003E3B393633312F2E2C2B2A2927252423E7
:1083B00022211F1C1A181716120E0A08040201FFA8
:1083C000FDF9F5ECE2D2BCA69A8E8F9DA2AFBDC599
:1083D000C5C4C5C2BEC2CACCCDC9C4C1BFC0CBD042
:1083E000D4DAE80014240DFFDFCCC7CFD7E0DED409
:1083F000D0CCCAD3D5D6DDECEEE9E5DED6D2D4D8E2
:10840000DDDFDDD9DCDFE0E3E3DBD4CCCBCCCDD1E9
:10841000DADAD7D8D7D4D2D3D4D5D9DED8CECECC09
:10842000C9CCCFD1D0CFCECBC8C5C6CEDDDAC2B194
:10843000B1B8BDCEF4FBFF141E0F243D1D0A0A1176
:108440001C2B2F1D070C232F251D18161D2427223A
:108450001D14111934434644433C2E11F0E1DCDF76
:10846000DBCCBDAF998181CC677F7F7F7F7F6B6ADB
:108470007F7F7F7F5B331A0DFFEFC5818181818113
:10848000839BA9B2BBC0C3C8CACBCACCCCD0D0D105
:10849000D4DDE906160AF8E3B9BAE50E1F1B0AF4A3
:1084A000DAD0D3E1F80510171408F8CF8481818160
:1084B0008193C6E9F90A181910FFF1DDD3CABCAAE5
:1084C00092828DA0D11C4F6B430BE8E0F4F7E3D709
:1084D000D0CDCBD0DAE6EDF1F4F4F8FDFFFBF0E21D
:1084E000D0B7A8A8B6D81A45595447362B27232405
:1084F000231F1E202424211C17100802FDF9F5F467
:10850000F4F4F3F1EFEBDECBBBB2ACADAFB2B8BC81
:10851000BAB7BABBBFC3C9CDCED5D4D3D5D9DADBB0
:10852000DBDEE0E1E3E5EBEBF60507090902FBFF23
:108530001027281B25221B1818191917110D0D0FAC
:108540000AFF06162432342B20150F0D0B0A0A09D8
:1085500006080B0A09080706050404070A0C0B079E
:1085600003FFFDFBFAFAFAFBFDFDF7F5F7F8FAFE5B
:1085700001040601FCFE040E12191B1A1307FCF776
:10858000ECDCDADDDCE3F6F5E4D3CBC7C7C8CBCE51
:10859000D2D3CCDBFF0E0903FEFAF9F9F6EFE8E0DF
:1085A000E0E6F2F9FF081520211C14131C25221CFB
:1085B000150C03F5EA072B4A4837261D1E232B32DC
:1085C00031291809000001FBE8CEBABAC6D0DCE4B4
:1085D000EBF2FAFF03030302FDF8F4F1F1F1F1F01D
:1085E000F0FD14344F4E2D1A0F0D0D111209F5DE4A
:1085F000C8BDCCE2FE15252C291A05F1E2D4D7ED31
:108600000010212C2F2B21160F0601FCF7F1EFF0A3
:10861000F3F80421476E7F6C4D362C260EF9E6D018
:10862000BAADB0BEC7CCCDCBCDCECCC9C4C1C2BE15
:10863000B4ACAAB1C8DDF6142A3E4948413E3C38E4
:1086400034322F2D2A292827252321201F1E1D1BC8
:1086500019171614100B07050200FDF9F5F1EDE3EB
:10866000DACDBAA69B8E929EA4AFBBC3C3C2C4C1CF
:10867000BDBFC5C7C7C3C3C6C6C4CAC9C7CBDBFA5B
:1086800013250406FEF8F8F6EBE0DDDCDEE0E3F4AB
:10869000EBE8F2FBF8EDE2D9D5D4D7DADEE0E2DEA2
:1086A000DADCDDDEDDDDDBD6CFCED1D4DADDDBD842
:1086B000D1CFD2D3D2D3D7DDD7CECFCFCECED1D399
:1086C000D4D2D1D1CECFD0D0C9C3C1BBC4D0DBDCD2
:1086D000D0D0E10022241E14FE010E181F231F1407
:1086E00011162B392C25252A303228201D1F2B3816
:1086F0003E2E0F01041016100400060F0F07F4D5CC
:10870000BB9685E94C7F7F7F6A564D577D7F7F6E94
:10871000493122180EF7C48C818181818F9FA7AACD
:10872000AFB7BFC7CACDCECFCED1CDC9C8D0DAFA88
:1087300013111E2F13FBF1E5D4CAD7E7F8FCFDFE99
:10874000F9F8FF07FAD2B1BCD7F601F0DBCCD5DEE1
:10875000C6BDC0C5C7C5C3B2A7A09C9C9E9E9FA115
:10876000B0D7002B3D2D1A1008FFE6DBD7D6D3D2A9
:10877000D5E0E8EFF4F5F5F3F2EFEDEBE9E3DCDB60
:10878000E1F20F21231B1A1B1E2124292E2D2B2C35
:108790002C2B261F180F0500FFFFFDFCF8F4EFE956
:1087A000E9E7DBCDC5C1BEBFC0C4CCD3D4D6D7D0DA
:1087B000C4BEC2CAD2DBDDE3E3E1E2E2E4E5E8EC19
:1087C000EEF1F2EEEBEAE7E4ECF2F7FB051D3135F2
:1087D0002022222324221D19120E10120F090D1B14
:1087E0002B3735291D14100D0B0B0B0A0706080734
:1087F00006070707070505070A0B0A0603FFFCFA29
:10880000FAFAFAFBFEFFF9F5F7F8FBFE000405FFA4
:10881000FCFF030A101B21201407FAF2E5D9D8D770
:10882000D8E3F6F1E0D8D3CECBCBD1D4D0C7C9EBC7
:108830000E180B01F9F6F5F4F0EBE7E3E7EEFC03B5
:1088400004070B0D0C0C0C142433312A1D0D01F3FD
:10885000F81832494330221F21242B32312C2217A1
:108860000A01FBF2E4D2C1BEC4CAD4DCE5EEF6FBD9
:10887000FF020503FDF7F2EEEDECEFF3F402172A29
:108880003E45301F140E090C0F08F9E5CFC2CCE2AB
:10889000FC1220241E150D0902F3EFF8050F181C19
:1088A0001C180F04FAF4F5F4F2F0EDEEF2F6FE15F2
:1088B00035576E6957473A2F11FBE7D1BBAFB3C3AA
:1088C000CBD0D2CFCFCFCECBC6C2C2BEB6AFAEB367
:1088D000C8DCF20A1C3240443F3D3D3B3A3A39374E
:1088E00034312F2B282625252422201D1B1917144F
:1088F0000F09030200FEFCFAF8F4EEE3DACCB89BB1
:108900008B8187969EAFBFC9CDCCCCC9C3C1C1C036
:10891000BEB9AEA5ACB7C5C9CDD3DFF60C22171DC5
:1089200002E9DDDCD9DCDAD3D1CECFD3BDC0D9EEBC
:10893000F2EFEBE2D9D4D4D7DCE0E2DDD9DDDEE33F
:10894000E4E1DAD1CCCAC3C4D5E0DFDEDBD9D8D8C4
:10895000D5D2D6E0DBCFCFCDCACDD0D2D4D1CFCCFB
:10896000C4C2C8D5DACDBAA8B3C2D0E3F6E8D7F20C
:1089700032363F4C1A0D171F2429230CF1F00C2D11
:108980002D231B1A27322D1F170E0E1D444D3F3964
:108990003D3E3217F9EBE4E9E7D3B79D8C8181CDF9
:1089A0006C7F7F7F7F7F78637D7F7F7F4E22020594
:1089B000181FED9181818181818EA1AFBAC0C2C69D
:1089C000C8CCCBCCCED3D0CFD0DAED1E3E18E9E662
:1089D000CBC0DC00121006F6E3D3D2DEFC11202956
:1089E00018ECC4B9AE8781818181CAFD10222E2B7B
:1089F00015F8E1BFB5AFABA89D969CAAD21D5679DC
:108A00005413E4D7F3F9E4D6D0CFD2D9E3F2FB0282
:108A100003F5ECE7E2D9CCC3C2BEBBBFCFEE2A5010
:108A20005E51412E23212125272321222625221E86
:108A3000180F0701FCF8F2EFF1F4F6F5F2E9D6C5EC
:108A4000BBBABAC0BEBDC2C5C4BCB8B6B5BBC4CE45
:108A5000D6DEDEDFDFDFE0E1E1E4E6E8EEF2F3EFD1
:108A6000EFF1F7FE080801FF0713191A262925223E
:108A7000201D1916100B0C0E0A0202112333342B81
:108A80002017110D0B0B0A0906070B0A0908080726
:108A900006050405080909070400FDFCFBFBFAFBB9
:108AA000FDFEFAF6F7F8FBFE00040500FDFE030CE0
:108AB000121B1B191106FAF5EBDDDADAD9E1F4F530
:108AC000E6DBD3CBC8C8CDD0D5D6D4E4000D0801A1
:108AD000F9F4F5F4EFE8E2DEE1E9F7FD020C172224
:108AE000231D14131C2623190D03FBF0F719385509
:108AF000523E2A2021252E36362F1E0DFEFBFBF777
:108B0000E6CEBDBCC4CBD5DEE7EFF6FBFF02040327
:108B1000FDF7F3F1EFEEEFF0EFFD19364B4D321CA0
:108B20000F0C0B0E0F06F6DFC6BCD1E90419282C7A
:108B30002312FDEDE2D8DBF002122531322B1F109B
:108B400003F5F5F3F2F1EFF1F4FA042049737F70C5
:108B500050372C270EF9E3CCB7ABB1C3CDD2D4D06C
:108B6000CFCFCDC9C4C1C0BCB5AFACB1C6DBF41268
:108B7000273C484943403D3937363332302D2B2985
:108B8000262423232221201D1B1917130E08040459
:108B90000301FDF9F5EFE8DBD4C9B79F938991A1F3
:108BA000A7B2C0CBCFCECDCBC5C3C1BFBCB7ADA9DB
:108BB000B2BCC6C7C8CCDAF70F25D0BCB8B8C0CB9A
:108BC000D3D1CBD3E1F5F4D5D2E2F00617252C2D85
:108BD0002A2521252C2F2D271F19171E23221F1B65
:108BE0001815151E28251F17110C0A09090A0B0A4A
:108BF0000402040405070A0E0F0C09090E161A1EBA
:108C00001B1309FDF4EDE3D9D5D3D2DAECF9F7EA79
:108C1000D7CCD2E5FA0A121315170BFC020E151465
:108C20000E0F161A1A191A1914100E10100A00ED48
:108C3000DCD3CAD2E1DDD1D4E1EFFD1A3B60655847
:108C4000463A322E363D3B32241D1B160E07FFF1ED
:108C5000E1D7CDCACBCFD4DBE2E9F2F6F8F4EFEB03
:108C6000E9E8E5E2E1E4E7F3FF0A150FF1DED7E416
:108C7000022949514A3C2F261A12100F07ECBAA5B7
:108C8000AAB9CBD8E0F2FD0404091010FDDFCCBC7A
:108C9000BABABABABBBDC0C5D4E6F3FCFDF7F3F867
:108CA00010181E1B0FFCEBE3E5F0F8FF070F14157F
:108CB00013110F0E0F0D0A060305101820262A2B7C
:108CC0002924191009030204080602FDF9F2EBE752
:108CD000EAF70B161817130F0D0C0B0A07060506FB
:108CE00007090D0E0F100F0E0A060402FDFCF8F521
:108CF000F4F3F3F4F6F9FF060D1217171714100C1E
:108D000008060200040B1011F2E4DEDBDEE4E9E702
:108D1000E4EBF70605E3DCEBFB101F2828232022F9
:108D2000272D31312D28221F232D30302D292726A4
:108D3000282E312D271F19151211111112120D0B8A
:108D40000C0C0E1114191A140F0F151D21272823AE
:108D50001A120B0B09070503050B14100A0D06FB6D
:108D6000F7FBFF010100020901EBEDF5F8F2EDF070
:108D7000F6F5F1EAE9EEF9FBFB00060801F1E3DCA8
:108D8000D8D5D7D8CAAFC6E6012237515650484485
:108D9000434142423C2F201818191A1811FFE6D5FA
:108DA000C4C2CCD6E2EBF4FA01030400FAF5F2EF08
:108DB000EEECEBE9E8F2021427280DF7EBF00628B9
:108DC000444B45362517FDE8F0020D0D07FDF1E88F
:108DD000E6E5EAFB08131F292D260FF3DFCCC9CBEC
:108DE000CDCECED2D7DEED061C3033241209151BB2
:108DF0002325272312F6DED5D7DBDEDFE3E3E2E02F
:108E0000DDDBDCDBD5CDCACEDFEF031D2F3D413DE1
:108E1000322A251F1D1E1E1B16100C05FDF6F1F132
:108E2000FB091C272D2E2D2C28231E1D1C1A19175B
:108E300014100C05FDF2DEC7BDB6B5BEC2C8CED259
:108E4000D5D3D3D3D3D8DBDDDFDCD6CFCECACDD1DB
:108E5000CECCD3E7FC0EF1E8E2DBD6D7DDE2DBD205
:108E6000D0D9D9BCB5BDC5D9E7F5000B1518181A6E
:108E700020252B2B27282B2D2A28231E1A181415C2
:108E80002227221A15110F0E0E0E0F0E08050607C7
:108E9000090B0E1214100C0D121C2024211A1002A2
:108EA000F5EBD9C5CBD1CDD3E7F9FFFDE7D5D7E7B2
:108EB000FB0D1817131100D9DDF0F8FC00040709A9
:108EC0000A0B0F13181A1B2024221A0CFFFC000790
:108ED00002F4E4D2C1AFC2F71E444C4D4C46403DB3
:108EE000434A463A2D241E170F09FFEBD7CEC8CAB6
:108EF000CFD3D6DBE4EBF1F5F6F3EDEBE9E7E4E114
:108F0000DEDFE1EF010F1D1AF9E3DAE6042C4F571B
:108F10004F3D2C231A15141308E7B7B6BFBFBEB3D5
:108F2000B0C7DFF0FD0D212A2007F1D7CCBFB1A8D3
:108F3000A5A9AFB9CEEF0E292710FAEFFE060E0E47
:108F400009FFF1E8E9F2F901091217191815110DD5
:108F50000801FAF5F5FD101F2A333634312C231C95
:108F6000160F0C0C0D0A0603FFFBF5F1EEECEDF00D
:108F7000FA02080C0F100E0A050200000104080B8B
:108F80000F1212120D080603FEFDF9F6F5F4F4F4C3
:108F9000F6F9FF0810151B1B1C18140F0C08020013
:108FA000030A0E0E0F0A04FEF9F9FBFCF6F2F3FABF
:108FB000F7DBD1D9E3F2FF070B0D12171C1F1F229D
:108FC000292A27282D3232312E29262624242B2CFB
:108FD000261F19161412121213120E0C0D0D0E115B
:108FE000151A1B140F10161F2227272219110B0BFD
:108FF00009060605070D16120C0E06FBF8FC000309
:10900000060A101914F7DBDAD7DDE7ECECE6E0DA54
:10901000DAE0E9EEF2F9020B0B070101060F0D048D
:10902000F6DEC3B5D7FF152A2F3034383F444A49FE
:1090300043392C231D1B1A190EF8DCCDC3C7D2DC13
:10904000E5EDF5FB01050502FBF6F3F0EEEDEDEACB
:10905000E7F1041B343B2108F3EEFF1F3D47433487
:109060002314FCEBF2030E0E07FFF6EDE4D6D6EB6D
:10907000FF0E1E2A35362912FCDDD4CEC9C5C5CA5D
:10908000CED4E401274C5A4A2F170B0B0F1113149F
:109090000DFBEADFDDDFDFDEE1E3E2E0DDDBDCDB91
:1090A000D4CDC9CDDEEE031C2E3C413F3836342FE3
:1090B0002B2A28241F1B17120B0602FEFCFC040C93
:1090C000151D2122211D191715141312100C0A0346
:1090D000FBF0DCC7BFBABCC5C7CBCED2D4D2D2D48A
:1090E000D4D8DEE1E2E0DCD6D2CED4D6D1CDD2E601
:1090F000FC10D2CACBCCD3D9D8CEC5D5E7F7F3D99B
:10910000D4DEEE091A29302F2C2A262B3336332CA5
:10911000231C1B212322201D17152634342B241C2D
:1091200015110F0D0D0D0F0F09060708090C0F1271
:1091300015110D0D121C1F2320180DFFF4ECDFD3A9
:10914000CECBCAD2E3F3F7F6E2D1D7EBFD0A111189
:1091500013170CFD020C12130E0D10121111181F13
:10916000201A100C07FEF4E5D9D4CEC9C7CED0D250
:10917000DEF1072846666758483C343038403D33B6
:10918000271D17181A1603EAD9D3CFCECFD1D3DAB9
:10919000E3EBF3F8F9F6F2F0EEEDEBE8E7ECF101D2
:1091A0000C070303F0E1DEE90325434D4A3D312B73
:1091B00020150E0C09F7D3BEB9BCC6C6C2CFE2F467
:1091C0000414222005DFC8B8B7BABDC0C4CAD0D3C2
:1091D000DAE1E2E4F0F8F9FD151E231E0FFAECE8DF
:1091E000EDF801080F151819171615141514110E9E
:1091F0000C0D151C20232523201C140D0600FF0236
:10920000060603FEFAF3ECE8EEFD10191916130E2C
:109210000C0A08050303030305070A0A0B0B0C0CD1
:10922000090605040000FBF8F7F5F4F5F7FAFF0767
:109230000F141B1B1A16130E0D0D0C0E1113141305
:10924000EDEBEBEAEEF0EEE7E2EBF80401E6DEE749
:10925000F80E1D25241F1F23272C31312E28201EF8
:10926000222A2B2A282421202A35352C251E1814A1
:1092700012100F0F11110D0A0B0B0D1013181913EB
:109280000F0F131A1E2426231B120B0A07040201B8
:10929000040A130F080804FAF6FAFE0000FFFF03A1
:1092A000FDF7F1EFEFF2F4F4F2F1ECE6E5ECFA00A1
:1092B00002040602F9EADFDCDAD9D2C9BDACC5E5A1
:1092C00002253B5252473F3B3B3C3E3F3A3023183E
:1092D000111216180EF8DED0C4C5CED7E1EAF2F8A6
:1092E000FE0202FFFAF5F0EEECEAEAEAE9F507120F
:1092F0001B1F0CF9EDF002213D4641311E10FBE928
:10930000ED0110120B02F7EDE5D9D5E4F5051929A9
:109310002E2309EAD6C6C6C9CCCED0D5DCE2ED01F3
:109320001322261F130B161B2324251F0CEFD7D047
:10933000D2D5D6D7DADDDDDCD9D8D9D9D3CCCACECF
:10934000DFEF031B2C393D392D26211C1A1A1A1761
:10935000130E0902F8F2EDEFFB091A252929272639
:10936000221F1B18151414110E0A05FEF6EBDAC5A0
:10937000C0BEBEC5C6CACED1D1CFCDCDCDCFD6D938
:10938000D9D4CBC3C1C4CED4D8D9E3F40311E8ED0A
:10939000EFEBE7E7E6E3D8D2D4E1E0C4B9BBC2D74C
:1093A000E5F3FF0913171619212428272325292C53
:1093B0002B29251F1A1714111624251F17120F0EFB
:1093C0000C0C0E0E08060607090B0D11130F0C0CE2
:1093D000111B1F2421190E01F3E9D6C1CBD3D2DA18
:1093E000E7F7FE00ECDADCECFD0D1717120DF5D3F4
:1093F000E2F2F9FD0206090806070C131E201E21E1
:10940000231F170BFFFD020701F3E1CDBEB2C7FD1D
:1094100024484F4D49433D3A4047443A2B221C18BB
:109420001610FEE7D5CECBCBCDD0D4DBE3EAF0F4FB
:10943000F5F3EEECEAE7E5E1E0E3E7FB141F170CD8
:10944000F2DFD5E3022A4C564F3D2C241B1615158E
:109450000AEBBAB5C0C3BFA9A2BEDAF00316292E23
:109460002005EECFBFB1A8A7A9AEB4BCCDED0D29A4
:109470002813FDF1FB040D0E0A00F2EAECF6FD04E0
:10948000090C0E0F0E0D0B0A090601FCFA00121F43
:10949000293033312E2A211B16100D0E0D0A070319
:1094A00000FBF4EFECEBECF0FA02080C0D0D0B06F0
:1094B000020100020406090B0E0F0F0E0A0503013C
:1094C000FCFCF8F5F4F3F3F3F5F8FF0710141918A2
:1094D00017130F0A0A090503070E111002060907E0
:1094E000060503FFF5F1F5FEFCE4D7D9E1F2FE062F
:1094F0000A0D1115181D2022272724262B31323062
:109500002C2825232324292C28211B17151311115E
:1095100012120E0D0D0D0E1114191B140F10151E25
:109520002125252019110B0B09070505070D16121A
:109530000B0D07FDFAFD0103060A101917FAD7D221
:10954000D3DDE8EDEBE4DEDBDDE2EEF3F6FC040A6E
:109550000802FDFD050E0B00F2DCC0B5D801193282
:10956000363334363C41484944392C211815181AF1
:1095700010FCE1D1C4C6D1DBE5EDF6FC0305050224
:10958000FCF8F4F1EFECEBE9E7F30B232F2E1702D5
:10959000F1F002213D4641311F10FDF1F907111094
:1095A00009FFF3E7DDD1D2E7F80922343E3C2E145F
:1095B000FBD9CDC8C6C6C9CFD4DBEA052749564575
:1095C00029130A0C121417160CF6E3DCDEE1E2E3B1
:1095D000E5E5E4E2DEDBDBD9D3CBC8CCDDED021B75
:1095E0002D3A3E3D3735342F2B2A28241F1B1712C6
:1095F0000C070300FDFE050C141B1F201F1B181772
:10960000161614120F0B0700F9F0DEC9C2BCBCC459
:10961000C6CBD1D6D9D7D8D8D6D7D9DBE0DDD5CBF4
:10962000C8C4CCD0CFCDD7EE0214090F0D0602FD71
:10963000F3E9E4DDD8D9DDE9E5DCD7E1EBE9E2DB0C
:10964000D7D7D8D9DCE0E0DCDADADADEDFDDDBD769
:10965000D4D4D3D2D9DEDDDAD7D5D5D5D5D7D8D89D
:10966000D5D4D4D2D2D4D6D6D7D7D7D5D2D5D9E19E
:10967000E3DACDC7D0CEC5CAF40E1D180AF2DCCC91
:10968000D7E8F607141B1815160F142A29242222CE
:1096900023272D302F29242123211B222E332C1D5B
:1096A0000C090E191B1406F4E7DBD8F71D434237EB
:1096B0002D21161221363E403830210EFDEBCDAE65
:1096C0009E9FAEB9C3CBD0D0CDCBCED5D8D9D2CE3C
:1096D000CCCDCAC4BDBBBDD5F71437503715F8E89B
:1096E000DDE4FE0802F2E8E5E6E9ECEEE9DCD2D1E1
:1096F000CBC7C9CAD0E1EAEEE8ECF6FAF5E7DBC57C
:10970000B7ADA6A3A09D9997A0CC094D6A5B38146C
:10971000EDE2DDE0DFDCD6D2D3D8DCE1E5E8EDF048
:10972000F0EDE8E5E3DFD9D3D4DFFD142632373797
:10973000343029242018141414120F0C0A05FFFCCD
:10974000FAF7F5F3F3F3F2F3F4F5F7F7F8F9FCFFB2
:10975000FFFEFDFCFCF9F7F2E9E1E0E3E6ECEDEEFB
:10976000EDEDEDEDEDEEF2F7FF050A08070400FB65
:10977000F7EFE4DDE0F40B1C2B3133322F2A221CEF
:10978000160E0C0C09080E15171E26241A100C0BA9
:10979000090706050405040202040606050303057D
:1097A0000708080603FFFBFAF9F9F9FBFDFDF7F5D9
:1097B000F7F8F9FCFE010303030206101721211C30
:1097C0001105F9F1E5D6D8DBDDE8F9F5E6DCD2CA1A
:1097D000C8CDD3D7D4CBC7D90316100902F8F4F5F6
:1097E000F7F2E9E2E3E8F3F8FAFE08151C1F1C1E85
:1097F0002935342A1C0E03F9FD152C45473E332A22
:10980000221D212D3338332C200CF8E9D7C8C2C6CD
:10981000D1D8DDDFE0E1E4E9F2F8FAF8F1ECE8E6CE
:10982000E3DED9D5D4E2FC183A5851371D0E0102B7
:109830000C1006F1DACACEDCF50A181B160F0A0561
:10984000FCEBE8F8060F151819150BFDF2E0D8D35C
:10985000D0CECFD5D6D8DFFD2A5C7B7D6D5A3F2D8B
:1098600010FEF1E0C9B7B2BDC3C5C4C0C4C8C9C702
:10987000C1BCBAB8B2A9A5ABC1D5ED091D334046EC
:109880004242454341403E3B373433302D2A29285C
:109890002625252422211F1F1E1A171513110F0B11
:1098A0000803FFF7EFE3D1BBB6B0AEB9BDC5CACE72
:1098B000D0CFCDCCCBCACED1D3CCC4BBBAB8BCBB35
:1098C000B2AAACC3E2050B1310090400F5EBEAE7FA
:1098D000E4E2E2F3F6EEE6E2E0DBD3CFD3D4D6D88F
:1098E000DCDDDAD5D6DCDFE1E0DDDBD7D3D3D2D0E7
:1098F000D2D7D9DBDAD9D8D8D8D9DADAD7D4D3D1F4
:10990000D1D4D6D6D7D8D8D5D2D4D8E2E9E1D0C0F0
:10991000C2C5C5CBEA02161E12F7EAE2E9F4000D51
:1099200018201E141111142324211F1E20262B2D54
:109930002B231F21282B2A2E33322A1C0B070B1313
:10994000140E01EFE1CEC6F628585E524131231CB9
:1099500024343A3C342D1E0BF8E3C6AA9DA0AEBBBE
:10996000C7CECFCFCFCFD4DADDDBD5D1CECECBC7EC
:10997000C2C1C2D7FC19334D3B1C02F4E8E7F9021F
:10998000FEF1EBEAE8E8E9E8E2DDE1E9EAD9BC90DA
:1099900086AAD4F2000B0F0D08FDF7E7D4C0ADA2E4
:1099A0009A97989DACDB1A5F765E350FE5DBD8DEC3
:1099B000DEDCD6D4D5DBE1E6ECF1F6F9F8F3EAE14A
:1099C000D9D2CDCACEDC001D35464A463E362B23C1
:1099D0001C141010110E0C090704FFFCFBF9F5F222
:1099E000F0F0F0F3F6F8F9F8F7F7F9FBFBFAF9F70E
:1099F000F8F4EFE9E1DBDEE3E6ECECEDEEEFEFF0BF
:109A0000F0F2F6FAFF0208090C0C0804FDF3E7DE99
:109A1000E0F509132A3031312E29211B1611100FC0
:109A20000A0B1521221E1B19120C0A08060402003B
:109A3000FDFF040404030303020100020405030202
:109A400000FEFBFAF9F9F9FAFCFCF6F4F6F7F8FB7C
:109A5000FD0002010201040D141E1E180E03F8F38E
:109A6000EBDDD5D5D9E8FBF8EADDD0C5C5CDD6D933
:109A7000D6D3D4E601110A06FFF9F9FAF6EEE6E0CC
:109A8000E1E6F1F7FB020E1B20221E1F272F2D25DA
:109A90001A0C00F1F2122C484B41352C24202630B0
:109AA00035362D231504F3E6D5C6C3C8D3DADCDD7D
:109AB000DDDFE3E8F0F6F7F5F0EBE8E6E3DDD7D13C
:109AC000CEDBF81A405E55391E0F0200060700EC87
:109AD000D9CBCCDAF50B191C19150F03EFD1C8DE61
:109AE000F809151E211E1508FEEADDD5D0CECED20E
:109AF000D4D7DFFE2D617F7F6E593C2905F0E5D874
:109B0000C6B8B4BFC4C6C4BFC3C7C9C7C0BBB9B851
:109B1000B2A9A5AAC0D5ED0A2037454A4746474213
:109B20003E3C393632302E2B282726252321201F74
:109B30001F1E1D1D1C181413110E0C0703FFFBF232
:109B4000EBDFD3C0BAB4B1BBBFC5CBCFCFCFCECE86
:109B5000CCCDCDD0D2CDC6C1C2C0C1BEB4AAA7B5EE
:109B6000D4FBFD090E0B0A06FBEFE8E2DFE1E7F8A4
:109B7000F5EAE0E1E7E5DFDCDAD8D8D8DCDEDDDAEB
:109B8000DAD9D8DADDDFDCD8D6D5D2D1D7E0E0DD3E
:109B9000D8D6D7D9DADBDCDBD7D3D3D2D2D4D6D65A
:109BA000DADBD8D4D2D5DBE5E4D3C3BCC1C3C3CEA2
:109BB000F4060E0F1009F8DEDEF203131D1F1A0F54
:109BC0000F141D2A241E1D1E23282B2C2B25232673
:109BD0002D2B2323282822170B090E13120F03F114
:109BE000E4D9D9FC224945392E241E22384C4F4B4A
:109BF0003D32200AF5DFBFA29499AAB7C2C9CDCDE4
:109C0000CAC7CCD4DADCD6D2D0D1CECBC7C6CBE74C
:109C10000E2636493717FAE8D7D5EF0104F7EEEAF2
:109C2000E5E5ECF6F7E6D0CACED9E2DDD2CFDBE34C
:109C3000DADBE9F3F1E3D6BDB3B0AFACA5A09E9CEF
:109C4000A5D310536C593410E8DFDEE4E5E1D8D435
:109C5000D7DFE6EBEFF1F3F4F4F0EBE7E4DFD9D58F
:109C6000D9E70821313533302F2E29252019151534
:109C70001614110E0A05FFFCFBFAF7F4F3F3F3F4E4
:109C8000F6F6F5F3F2F4F7F9F8F5F4F3F2EEEBE6A5
:109C9000DDD9DADEE5EDF0F2F2F2F1F0F0F0F5F90F
:109CA00001080E0C0A02FCF6F5F0E8E4E9001524C0
:109CB00020272C2F302C252018110F100F121B24B9
:109CC000211F22211A140F0C0806060503040402A2
:109CD0000001040505030305070708070400FCFA53
:109CE000FAFBFBFCFEFEF8F5F7F8F9FBFD010404B6
:109CF0000200030F1820201C1105F7F0E3D7D9D973
:109D0000DCE9FAF5E8E3D8CEC9CFD7DAD4C8C5E4A0
:109D100009170D03F9F0F0F1EFE9E4DFE1E7F5FBF6
:109D2000000711191A19161A262F2D261C0E03FAD0
:109D3000001A304645392F28221F27353A3B342A4E
:109D40001701EFE4D9CCC4C6D0D6DBDCDEE0E4E812
:109D5000F0F8FBFAF2ECE8E6E3DFDCDADAEA072611
:109D60003F504A361F1103FF040904F0DACACCDC65
:109D7000F80E1A1C160F0C0C07F4E8F1030E101164
:109D8000111009FCEFDCD9DADAD8D5D6D8DCE40337
:109D90002F5E7A7967543A2A0DFBEFDFC9B8B5C256
:109DA000C9CBCAC7C7C9C9C5BFBBBAB9B1AAA8AED2
:109DB000C3D7EE0A1E323F46434243403E3E3D3A41
:109DC0003733302D2B292928262322212122211F18
:109DD0001C1812100F0E0B0602FEFAF1E8DDCEBCC5
:109DE000B2A8A8B5BBC3C9CFD2D0CECCC8C8CBCD42
:109DF000D1D0CDBFBABBC4C3BCB8BBCDE807FC074C
:109E00000B090804FBF1EAE6E3E3E7F8F9F5EDE70F
:109E1000E3DDD8D7D9D8D8DADDDFDCD5D1D4D7DAAD
:109E2000DBDDDCD7D4D4D3D2D2CFD0D7DCDCDBDAC5
:109E3000DADBDCDBD8D5D3D1D1D4D6D6D9DAD8D4B5
:109E4000D2D3D8E5E6D9C5B8C1C8CDD8F704060C39
:109E50001503F7EAE8F604111A1F20180C08152755
:109E6000241F1E1E23282A2A281F1B1F2D322F3293
:109E7000353027180A080C110D04F8EADFD3D40096
:109E80002D5B5D4E3B2B1E1B2D3F403A312A1E0C95
:109E9000F9E4C5A89DA0ADB8C3CACFCFCECFD1D766
:109EA000DCDCD6D2CFCFCAC5C2C2C7E10B2E383D4B
:109EB0002A12FFF3E6E3F30104F8EEECEBECECEB33
:109EC000E4DEE2E8E7D7BA9189AED7F2FC060602F3
:109ED000FDF2EAD6C8C0B9B3A89C9899A8DA1E6565
:109EE0007A5F3711E5D8D6DDE0DED7D5D8DEE3E7F7
:109EF000EBEDEFF1EFEAE3DEDAD6D1CFD3E10624E2
:109F00003A464741393228211B14111112110F0C06
:109F10000905FEFBFAF9F6F3F1F0F1F3F6F7F6F4C2
:109F2000F3F5F8FBFBF9F9F7F5EFE9E2DCD8DCE152
:109F3000E6ECEEF0F1F0F1F2F1F1F6FB00050B0BBF
:109F40000A02FDF9F7F0E4DDE2F90E191E262B2EC8
:109F5000302C2520181210100E111C2A29221E1A2E
:109F600015110E0B0807060501FEFF010101020491
:109F700004020204060604FFFDFDFEFDFCFCFCFCE1
:109F8000FEFEF8F6F8F8F9FBFD0104030100030EEC
:109F9000161D1C180F04F9F4EBDCD7D7DAE5F6F53B
:109FA000E9E2D8CEC9CFD9DDDAD6D4DFFB0A060084
:109FB000F8F2F4F5F0E7E1DEE0E6F2F9FE0713204F
:109FC00024231D1E282E281E1409FFF5F815314ED6
:109FD0004F42352C25232A34363730271600ECE241
:109FE000D9CCC6C9D1D8DDDEDFE1E4E7EEF4F8F77D
:109FF000F1ECE9E7E3DED9D5D3E1012B4B58493445
:10A000001F120502040704F3DECDC8D6F60E1D228A
:10A010001F180CFDE9CECFEC03121C22221C1204E7
:10A02000F6DFDADADBDAD7D7D9DBE30231667F7F16
:10A030006B54382706F3E6D7C6B9B8C4CBCECECA20
:10A04000C9CAC9C3BDB8B8B6B0AAA8AEC2D6ED0ACF
:10A0500020364449464647433F3E3B3834312F2D56
:10A060002B292828252321201F1F1F1E1B171312F1
:10A0700012100D0803FFF9EEE6DACEBFB7B1B2BD9C
:10A08000C2C9CDD3D6D5D2CFCDCBCCCED1D0C7B906
:10A09000B6B7BFBFB8B4B3C0DB00101B22211D167A
:10A0A0000A02F8EDE8E9EBEEE9DFD3CDD2DCE2E736
:10A0B000F1F8F9F1EBEDF8000200FEFF020A0C09DD
:10A0C000090C09020519283536312A252221211FBC
:10A0D00018141313141516191C19151317202429F5
:10A0E0002721180C00F8EAD9D2D2D4E2FA0704F8F2
:10A0F000E2D3D6E9FE0E15171C210DD4D7F0FAFCD9
:10A10000FE040F1617150F08FEF7F1F3FC0808FD03
:10A11000F1F0F8080F0D03F6EEE8E2F5184552509D
:10A12000453C36333B4038281B1B262C2A210BF09C
:10A13000DCD3CAC8CACFD5DAE1E7EFF5F6F2ECE92D
:10A14000E8E7E6E4E3E5E7EEF1EC09343B2307F466
:10A15000E6EC051E323B3B3937332D2618F5B1901E
:10A160008D9DB7CAD4ECFB0301030501F7EBE4DDD9
:10A17000DAD7D0C3B3A9A7A8AFC4E40E2C322A1FE4
:10A180000F09040403FDF3EDEEF6FD040C14181999
:10A19000181615141515120D080606080F1B202099
:10A1A0001B1406FBF4FC0D202F2B231C17120D0A89
:10A1B0000909080706050301FEFCF8F5F5F9000694
:10A1C00008090C0E101212120F0B0A060100FBF800
:10A1D000F6F5F6F7FAFE060D151A1D1A150E07000C
:10A1E0000000FFFDFCFE050D161D262C302C252140
:10A1F000170D0A0906030607FFF7F9020400FF0717
:10A200000C070405070908040208131B1A17161A7D
:10A210001B161119232C2E2A24211E1D1D1C171557
:10A2200015141517191E1F1A1413161E232A2B2670
:10A230001C130D0D0C0B0B0B0E131B1610140C0125
:10A24000FBFF05090B0B101D1BFEE9EBEDEAE8ED2A
:10A25000F1F0ECE7E6E7E8E8E5E3E5EDEFE8E1DE7D
:10A26000DEEBF6FDF8ECEAEFF708182F3A3D404236
:10A27000403E3E3A332A2322272A2A2614FBE2D3E1
:10A28000C7C7D1D9E3EBF4FA01050502FCF7F4F1F5
:10A29000F1F0EFEDEDF5FF0315343E2E1A0AFBFA4F
:10A2A0000617252B2A271F16100C09FDF0EFECEAE4
:10A2B000EBE9EDFD0A15222A251606F9F1E9E8E891
:10A2C000E4DDD3CFD1D3D9ED0A2C42443C352D2443
:10A2D000130C0E100D00EFE1E0E3E4E5E8E8E7E63B
:10A2E000E4E3E4E4DFD7D4D7E6F302182832322BD4
:10A2F0001C1107050912222D31302F2C2825252667
:10A30000252422201E1A16130B03FDFD020A0F122C
:10A31000120F0C0701F7E6D1CAC4C0C7C8CCD2D708
:10A32000DBDBDCDCDDDEE0E0E1DCD3C2B9B1BDCA01
:10A33000D2D7E0F5050E1420292A282117100A0289
:10A34000FEFBF9000605FDF5EFEAE3E2E7EBEEEDD3
:10A35000EBE8E0D9D9E1EFFE02090D0A060604FB9D
:10A36000EDE8F102162328262322232018131212C7
:10A370001213141719161212151E2227251F160A5A
:10A38000FEF5E7D7D1D2D4DEF10104FEE8D8DBEF49
:10A3900002131C1D1E2010D6BAD8E5ECF4FC0409EB
:10A3A0000A0C0D0D0A07060D1416130D03020810F2
:10A3B000110D04F7EEE5DFF715302E23242C33368C
:10A3C0003D40382B23252E30281A01E5D2CAC5C6B8
:10A3D000CCD1D6DBE2E9EEF2F4F1EAE6E3E1DEDA53
:10A3E000D8D7DAE7F6FA0D36402B1303F5F6041347
:10A3F0001D22272F34332E2616EFAFA4A7A6AAAA14
:10A40000ACC6E1F3FF0B161A170D02EEE0D2C5B988
:10A41000A899989DAACBF32238372E220C02F6F584
:10A42000F4F0EDEDF1F6FB010911161817120C0608
:10A4300003FEFAF7F6FA05101D2E35342D24170DFC
:10A440000502050E1B1D1A16130F0A08080706043D
:10A4500003010102020200FDF9F8F8FAFD02070A01
:10A460000D0F10100C080703FEFDF9F5F3F3F4F5DA
:10A47000F8FC030A12161B1B18110B050402FFFB44
:10A48000F8FA0006171E28303533302E271F1C1807
:10A49000120F18222018110C0706080B0B090501D2
:10A4A000F9F5F8FDFD010C1A1D1B18191B160A02FF
:10A4B000040C19232625232324211B191918181AE3
:10A4C0001C20211C17161921252C2D271E150E0DB9
:10A4D0000B0A0B0B0D131B1610150D01FC00060AC1
:10A4E0000E111A272B15EED9CACBD9E2E4DFD9D544
:10A4F000D6D9DFE0E3E9F0F6F6F2F1F1F70306056D
:10A50000FFF3EEEEF80F1E2B24161823313B4546C1
:10A5100040372E2B2D2D2A2310F6DCCEC4C8D3DBDA
:10A52000E3EAF4F9FE0001FFF9F4F0EEECE9E7E309
:10A53000E1E8F8051C3E4839241506050A12171AE9
:10A540001F2320160F0E0F06FAF4ECE2DAD1D2EC3C
:10A5500002122430342D200EFFEAE4E1DFD8CCBF14
:10A56000BDC1CDEC123B5150463F362B1102FCF7DA
:10A57000F5F4F4EEEAE7E5E2E3E5E4E1DEDBDBDA7D
:10A58000D5CFCCCFDEEDFF162A393E3A2C221B1553
:10A590001417212B30302F2C2A2827292825242254
:10A5A000201F1E1C17110A0806040505060504FFD6
:10A5B000F9F0DEC8BEB5B6C1C4C8CED5DBDCDCDE82
:10A5C000DFE0E3E5E5E2D9C3BCBECCD4D7D6D5DF26
:10A5D000F000E5F00618252520180AFFFAFCFE0514
:10A5E00005FEEFE5E7F1F5FC070904FCF6F6F8FBDC
:10A5F000FCFAF7F2F1F4F9FD060E08FBF20115285A
:10A600002F2C2725262627241C1817161516171B4E
:10A610001D1A15141821252A27201609FCF4E4D444
:10A62000D9E4EAF1FD0604F9E1D1D6EB000F1514E7
:10A63000171D0FDCCDE4F0F4F6FA040A0C0E11132A
:10A6400016130D0D0D0A03F6EAE8EDF3EEEDF1F544
:10A65000F7F9FF142C46463C393939383E40372744
:10A660001E202E342F230AEFDCD3CCC9C8CCD1D87E
:10A67000E1E7EEF2F3F0EAE6E3E2E0DDDDDFE3F46A
:10A6800009100A15231E1304F1EDFB1125333A3C82
:10A6900038342D261B00C59B919CB1BDC0D4ECFD68
:10A6A000050C0B06FCECDFCAC3C2C6C8C1B5AFAD12
:10A6B000B2CCED12292E2922160F030000FEF7F06E
:10A6C000EFF5FD040B11131312100F0F0F0D0A05F8
:10A6D00002040C12171B1E1E1E1A10080202091576
:10A6E0002425221D19150F0C0B0A09080807060658
:10A6F0000503FFFDFCFF050C0F10111112121212C1
:10A70000100E0D090402FDF9F7F6F7F9FBFF060D2F
:10A7100014191C1B170F09020100FFFCFBFF0A1391
:10A72000F4F807152227292A231916161411171DC4
:10A730001508060E0F10181B18120E0E0D0B09052A
:10A7400002FE01090E0F131B1A12080A16242A28EA
:10A750002422222223211B19191818191B1F211B1F
:10A7600016151821252C2C261D140D0D0C0B0A0B6B
:10A770000F161F1912161004FF03080C0E0E131DDE
:10A78000200DF3E5D9D9DEE1E2DEDAD8DBE2EEF244
:10A79000F4F9FEFFFBF0E6E2E4EBE7DCD5DCE8F6FB
:10A7A000051B2C3E3C353C414240403D352B24248A
:10A7B0002A2D2C2615FCE5D9CDCACED6E0E9F3F931
:10A7C00000040502FCF7F3F0EEEBEAE8E6F1061808
:10A7D0001D2328261E15070204111F282B292117C7
:10A7E00012100F04F2ECECEDEDE4E1EF0211242F76
:10A7F0002D200FFBEAD6D4D6D9DAD7D4D6D9DFF7B5
:10A80000173848453A312E291A100E0D0B00F1E188
:10A81000DFE2E5E4E5E6E7E5E4E2E2E0DBD4D2D539
:10A82000E5F5071A272D2D2A2019130F10152029B9
:10A830002D2E2D2B2927262828262523211F1D19BB
:10A84000130C0403040A1012120F0D0701F9ECDABD
:10A85000CFC4C0C8C9CBD0D6DCDDDDDEDFE2E4E5A5
:10A86000E5E2DBC9C2BFC4CBD0D4DCEF000CE3F01F
:10A8700006182626221D12070305050B121209FED3
:10A88000F7F3F0F50002FDFBF9F8F3EBE5E3E5E99A
:10A89000E8E9F3F9020A0803F9ECE3E2F30B1B2001
:10A8A0001F2227251B151413131314171815111025
:10A8B000141D2025221C1206FAF1E4D4D8E1E5EBA0
:10A8C000F7020500EAD9DDF00210191B1C1C0CD29E
:10A8D000BDD9E4EAF1F8FF020304070C1315161DB5
:10A8E00023231B0F0201070D07FCF1EBEBE8E60049
:10A8F0001F3C38291E1D26303D3F35251B1A252CAF
:10A900002A2008EBD6CDC5C4CACFD5DCE4EAEFF3E4
:10A91000F4F2ECE8E4E2DED8D5D5D7E9061B1E2434
:10A9200029201305F5F3000F1A1F232B32322D2592
:10A9300016F2B4A6A6A4A8A7A8C3DFF2FF0C181DA0
:10A940001B0EFDDCCAC1BEBDB8ADA6A5AFCFF826B3
:10A950003B3728190700F6F4F4F3F1F0F1F5FA00AB
:10A96000070B0E0E0D0B09070501FDFAFAFF0B157B
:10A970001D24282929261C140D0704071015161458
:10A98000120E09060505030201010202020200FC83
:10A99000FAF9FAFD0004080A0C0D0D0D0B08070466
:10A9A000FFFFFAF6F5F5F5F7FAFC030A111519178A
:10A9B000150E0A05050300FCF8F9020AF5FA091755
:10A9C000252A2E312B221F1D1915202E2B20171260
:10A9D0000F121B1E191612100A03FF0100FAF902CA
:10A9E0000A0C131C1F1C1408FEF8FF0F1B1F202548
:10A9F00028261F1C1C1B1A1B1D21221C17161A227D
:10AA0000262C2C261D150E0D0B0A0A0B0F161F19CE
:10AA100012160F03FE02070B0E111A272B16F2DF78
:10AA2000CDC6D2DCDED6CDC9CCD4E0E5E8F0FA0361
:10AA30000400FDFD040E0AFDEEE1E1EAF70F233804
:10AA400035261E202934434640352C2B30312D2508
:10AA500010F5DACDC6C8D1D9E2EBF4FAFF02030053
:10AA6000FAF6F2EFECE8E6E2DFE9022030353029D1
:10AA70001F170A07090F15181C21221B14110F0795
:10AA8000F8F2EAE0D9CED0E8FE0E233138342710B0
:10AA9000F7D9D4D5D7D6D3CDC7C9D1F01A465A5392
:10AAA0004337302A1505FDF6F3F1EFEAE6E5E4E277
:10AAB000E2E4E5E4E2E1E0DDD7D0CDD0E0F1041A54
:10AAC000293133322D29261F1C1A1D23282B2B2A0E
:10AAD00028262627272625232322201D19130D0B80
:10AAE00009090909090704FEF8F0E2D0C7C1C1C885
:10AAF000CACED2D7DDDEDEDFDEE1E4E6E3DFD8C7B3
:10AB0000C0C0CACFD0D2D5E1F2030541819DCA258C
:10AB1000007D0425D3D981B6D003375D8DBE367F45
:10AB2000E774E0FD639DBEE7D460C0D9B181A87A27
:10AB3000474F0EBC1781A6C05149D41F7D7F3113EA
:10AB400067B20C81A1C13735BA21630A1F1F407259
:10AB500081B7D4D416BA8A3B1904403B4C46533BC8
:10AB6000FBFFF53A23DD573BEC5BEA3A0C8F493BA0
:10AB7000CE863F3B5E10073FA20113C058B59B3FF6
:10AB800050FC40BF6EC11C403B6B193F2624D63E93
:10AB9000FC79E33DB3262A8BF8E703B4E8BBFE0C4F
:10ABA000263981C32603BEC53C45D6BD840EC4CB21
:10ABB000EAE4D82AD23C44A1DDE8E6022D03B8FF3E
:10ABC000A6BDBDB4F0A3D914BDD41D0ADC0AFA2E6B
:10ABD0004D2555D5A1C427E8D1E38C81F33D24B49C
:10ABE00038A3C9CAD8DBAEB315F5AAE6A8F12ABEC8
:10ABF000360AAA29F3DC17AEFFE73E0329F2D1C9D2
:10AC0000A9334238B6E68A88D40ADAF6DF1798AB59
:10AC1000C74AF54516FDF40E19DABBE3A5D056ABCD
:10AC20001B7F2609A116C3C7D1C6E4551C681DC8E1
:10AC300016A6DB2E372AD4F7008334BA02CEA5E756
:10AC400022B8A7E38B00B781C80F233A17EDC506DA
:10AC50004229C2A8AA29FAFD69B1C708FDC9DB1CAF
:10AC6000FB2EBE1ADEEFCB2A27FCD7BB568E00C9BF
:10AC7000A901D108F5B845635202C2EF3F0241670E
:10AC8000E3F718F1DE0FAAF3567F641E47D29192C4
:10AC90007F42C30D2648503BC9C55A38AF4458407F
:10ACA000D31BF259D8290718D41EBFF99DBE815E67
:10ACB0002031438AB1E4C127B0D597E76B593622DA
:10ACC00038D625672450252DF308F608ACABB22101
:10ACD0004901D34322FAE6612EA95538D6F392E012
:10ACE000480DD6BCE9E0164AF7A2F83933D9EFBAD5
:10ACF000C10FDD122AF9CDDE0BD0F99081A4F0301E
:10AD0000B548ED1607DE47243B15C526F617C8DD06
:10AD1000A3C9F7AD20191DCCC4DF133824F1128369
:10AD2000B034C71DC3BCA432F4241719EFE0EF11EF
:10AD300027B74400BCC73E5A9C1B0145669B0A11BD
:10AD4000C81ADA37D6D9092CD7022D0128BAE881DA
:10AD5000B3D462D21CED565CBE81B802F9C5D70EE1
:10AD6000C5170AFCF51D99F7E054B7C676D50ED87D
:10AD7000B9D41CDA83AAC032D258F4E73A237C470C
:10AD8000F5E10532DE8F3A6ADFB2A218DFC4FF14A4
:10AD90005C520DB6A744262BB65F4D49BCDE9433FA
:10ADA000BFD732DCD9F9F5A94FDA005E370B3B0883
:10ADB000D465FC94CFB44FEBB1F836221E11FFE5F9
:10ADC000D9A58104A7254C23C43DD93CDB1E50C620
:10ADD00049D181D5145CD627D9F939AE0455F53857
:10ADE0001868A0E7DE2A3D53DEF63FEA43B2EB21C6
:10ADF0004D38F6A1280617C33455099C2DBFFE1106
:10AE0000CA22D125C9F70A39E138FCC881B243F416
:10AE1000FD263C494AC8F1CBB31221D22CD7B73A10
:10AE2000FA1AD75809CE0EB9BCF929F32F402BCB0B
:10AE30000205D113374E081FF945F1A0E530AC6784
:10AE40002197F83FBEED15B0044359DB65B0398F4B
:10AE5000871912F89BABF4810C0D142F5102C4C852
:10AE6000B8C1F4EBEAA31E99EC7271D91F08F1F294
:10AE700012AD173ADF68172B61E85BF4C903FCDCFD
:10AE80000E375CDDF5BA810CEED7E013DA2D002425
:10AE900035EE1A530B121153E5CC068EFDD03DA4AE
:10AEA000427021EF5AB0CDD0DEF30EED89F91811C2
:10AEB000315EC7EBA7819750374548C80E5AC75235
:10AEC000E325A4FE8EE316115170452E44FCABD64B
:10AED000F4DE280A15002D1AB0B30C1126A6BA1AF2
:10AEE00036D5FCC3401849D5BF386026E5ADFF888C
:10AEF000F6ECF72CF60FDED61EDB9CAB81E0461796
:10AF000019C50A13C1F354B8C00E4FA8E9221C2179
:10AF10002A24FB083B14613B6F586B3B71736F3BFA
:10AF20000C29843B16802A3BAF5A7F3B5832273B83
:10AF3000536F863BB430A93BABB84A3BEFA5683BA7
:10AF40001F69B03B0D18773B02637E3BADED7E3B46
:10AF5000B330953BE9ED1742425DC8413B4FC041DC
:10AF6000AF8E0C426EFE9EC1E32FFABFC3C866418E
:10AF7000B9974D4105EC984120FF474085472EC1C8
:10AF80008216F440D2B14B41BF0B1DC1CA19B94062
:10AF90004A596B4107B702FE1FB6F9F613BAD6B28B
:10AFA000083FD3E7F4001E28EAB7C63051CADF4095
:10AFB00054B3BB1B05C7E5530E5519F61DFB37D41B
:10AFC000A00AB628C856B5BD2E142027814AD9E25A
:10AFD000354BB4DB4DF645F5D437472D28C8D6A3FD
:10AFE000F5501613670B7FABB90B2EE9F8B6F3ECEF
:10AFF0000E22122519CA173FD72F40F912E532E762
:10B00000FCE71D4DAF0CBFBC15040FE8F239B79E2D
:10B010003F04C8E2CA97BB25C0EAE2F70FD0C84A8E
:10B02000F64BE5E4050418A7E9FCC4D102D2079762
:10B03000079E0EDE81B92BAE04561E18DB0ED61904
:10B040001AF052FEC3B81350CECBC1F70BFAEDDCA9
:10B05000EBDA1AB7B4BDFC574CF90E332D34BBD91B
:10B0600023E308D53C3747EBC3E5F2641DD0EBD0B2
:10B0700017AAB9C34A1DC71D2A22EB16C30AE14B02
:10B0800047BB3D47ACDF06F71AEB28ABE4FB06CE27
:10B0900019C7EBFE35003E30FC9C261A60B2714C9D
:10B0A000D60040D848570C732FF9E61FC8DDCCBB3B
:10B0B00024F42E2EDCFFF80339E7EB11E981703020
:10B0C000CD13C3DCF6EF53C6DFDF625D2616CDE19C
:10B0D000B63553030CE4111ECAC7452B2FE01C9D47
:10B0E0009E33421EC9BCDFFF030FD0F71DEFE817E8
:10B0F000E5281D47E9FB3C9F1A6FCE203A470E7F9B
:10B1000009C0200D4D698836454534C3B748CF1E68
:10B11000BD10FB371F19F5FB62B2FCCA723EDDE4BD
:10B12000D1FAE5434E694F0027E344E100DCC60451
:10B13000FD0236E414C120F2414F5FF824BF1C0B1E
:10B1400022C7E9D0B0252F14EBD8D1FF7FFAC3C9AD
:10B15000F9AB9151C9CED2E71520E313E9B95D23CC
:10B16000371D0CCAE933D9EEE2E206CDE3D72E252E
:10B1700024CEF4F04F23D892B9EB38195E0FEEB21B
:10B180006A3B1DAE210D161F2BDBD329F0B348FB04
:10B190004CBA30C8FF04EF23002927F1D3E30FD1C5
:10B1A000FDE6E5E85D48C3D83A25DF2302F1570103
:10B1B0007F04F8DFF403360E2CB900280C37FCA806
:10B1C000A435E70B6B13E308B2D0AFA33155CFD64C
:10B1D0005B0AD6BEF820C9FC06D8C3E31FA01B013A
:10B1E000CA14CE13221ED44B6EFB040FDFBC759421
:10B1F000BED0200EFE54E4E2F51323FEA6C40E18C2
:10B20000C1E9E5422CDAD72A18C3D35C61F12701E2
:10B21000FA332F7F5503D5D3147F64EF1BABE6B809
:10B220000CFDF939E9AF3104D1E0153E14DA0F1302
:10B23000D9F2F42CD029044B2A0F1205B5FC181EA4
:10B240006624C1D6D41831D4E1DCFA1CC10F3AEE21
:10B25000FAD648532D24B9E502B74CD4F40847D2A6
:10B26000182739110EE5F50B304158961AB1D33035
:10B2700007FD5ECCEFA02346193012F11DE54C2DE1
:10B28000E43EFE09ECEBF40EB0E00E3D27AF03ED1B
:10B2900011BAF03FE617BFD617F611561E02D3F3C8
:10B2A000D6531C27C2D70E457FFF17EB42EBCFBF0B
:10B2B00095363D77213A1BE21B631FDD0A05B00D71
:10B2C000D025CD9DBB1ED6190E4F3636144313B56F
:10B2D000D6E11CF9E4EA284AA817C5CFAFD3FDEFA1
:10B2E0002029E522D9F91A1EDED71A027FB732E4E7
:10B2F0001FE329251E11DC33D22F3766E1F7E43531
:10B30000271B2CE0E90438E426C7021607BECEB49A
:10B31000E1E74AD7A9BF4E7F3FD7AAD0E208E00CA9
:10B32000182BF1031EE117E8C0520BE327D7307A40
:10B3300027054439D7FFFA430729FEF430FFABD283
:10B3400015482D02191AADD0C5D1CDF3DB493146D0
:10B350002FD80DFB7FF0CA991CE50E6F76DBC41663
:10B36000C811EA0FC9A6B72016C8FCCA0649F5EDF0
:10B37000A3C914110AF123821D69A4E112C2F85273
:10B38000F9F507340BD513676AFDE0FBE849C717E9
:10B39000D91207000B1CC28FB4D709C62D1546D58C
:10B3A000FA19F356D1FDBA0616B32A00E2B6704177
:10B3B00028EE3CB915CE930BFED21805425FE33858
:10B3C0003D1BEBF4226BD2C719FD3625A06E42ACB3
:10B3D00013DB15DDA69DB24F23E3940DBAE6D6CD5F
:10B3E0007FBEF5F02E01EF5B8DE9E0FC6736A98D9D
:10B3F0005B7730ED3B7F20E4A417461208FCC0FFCA
:10B40000EB25593430A1EEFBE210E92C2BEE472955
:10B41000C828A2BED40D1ED206DD162F1015F6E8E0
:10B4200013BAE1F93302080CEDED120EEC30D6ED53
:10B43000360E06262612DCE313EA24E3F10D00079C
:10B4400001F5F502B5BDFA32F2BB18D834BB44CAD7
:10B45000816EA9F986AE23E13A952D2146D7D1F91F
:10B460003EA6A7042CC34FA665D5B814DB8BE03BE2
:10B470007C2E0D11C0A0F9C6D30EEBD620BAE34046
:10B48000343FD8EB2785C647FBB44D0015D70D4890
:10B4900009E041557D190153C61F371757FE450D69
:10B4A00041C69D12ED3700FA424B4B22E54770949E
:10B4B000C99BF148C68134F4132213649C0B1DC24E
:10B4C000ED07E823B0575839B70FF45F454C56D510
:10B4D000D6EFFC19E96F10D814F3B97BF45920C7E3
:10B4E0005321070E549F22017338156ED8B5689109
:10B4F0008403E3187AF6C7DB2BFCF919F3B60E07C1
:10B500005923C6C71BEC239FC964D6CEAB471DE9A0
:10B51000792FE6A53FCBCE311401CB81D8F1C11DE7
:10B52000BFC500E2F80FCC15DBAECC113B08A196ED
:10B530003D232E33FA3B6372130A23EF3A1AA6D443
:10B54000BD57D5DC92C0EA36E6E52ADAEAEC3C15CE
:10B550000E1500D7213A2D23E43445F281D460C87A
:10B560003DEAB93D0FFEFA0EBCFC2C00FA05EE3C9C
:10B57000E950E8291243BA151F31E23EC5C4FE5115
:10B58000D716F30B2E07D1DE27DF04F5D91587DC9C
:10B590002EAC29A8D80724F6F11E43D8E221E5D81D
:10B5A000CED1E5DC0296EF229D2D1B03CE097F65EF
:10B5B000EFFD04DBB4F23BE1C518BB1738D83BDD27
:10B5C000442630ECCE1A27B5BC2AC703053C362CDE
:10B5D000D02D35E5AC20AE674C434F50708B818544
:10B5E000E72133A5E1C6B93A97FBB1D0F68A5F7976
:10B5F000D42528F5F8A561AD060AD2D2A8B319431F
:10B60000D165F6E7CADF1BFB345025DB44176156D2
:10B6100058E83EFCD3C5475787182D1E3C29EDE25C
:10B62000D62B100CF4E7A5F127DDCC2DACD0E452DD
:10B63000C829CBF541F45CF7CFF512E15F8F1852C2
:10B640003A213DB3AD010E6764319E81BA53F7B71D
:10B65000D9E2E0B2C729A00113C6D5DAB104D0AE51
:10B6600007F6C8CFE389613FDB9E14DB43D2BBB74B
:10B670002732041FFA30A271CE1AD6334FA0FED65D
:10B680002A02517F29E5B141E832D74B406D0C0EBB
:10B69000B43E0F232FEA171BB5EC1700C0D1C652DA
:10B6A000B1566DCDD9D81712EA0C0DEDE92E140064
:10B6B00000492F13A5CF13EBBA1610053AD2A419DF
:10B6C000FC00CC1C0B313DE40B2B0ACB0ADD90BFF8
:10B6D000F902B224ADE101098AEAF32945A03C3719
:10B6E0000E23E6072BE22BCEFFD2C9AD81E8FAACE0
:10B6F00008E911D0F701180C2A43F9FB59A9295080
:10B7000002270759F1CD260B2C1B33391E01FB0BE9
:10B7100009F9F6FD05AD0C44A510A9011105610458
:10B72000FBB4C953221ADFA913FDDBC7196628F33E
:10B73000C9071E00E7CF19149EF2F105339E3A2087
:10B740001FD800C709DA14B5F82730F30F1F5A19AC
:10B75000A1F5F4DC23DA1C0B2E2104B28114E3CD15
:10B76000F94E46D603EAFDE021D4CC94ECD8082D5E
:10B770001081ED506EC428F5FA25CA3B4306164BDE
:10B78000F22019FC09CD08B719EE224615FEDF207C
:10B79000AABB17EDC1EBDBCDB6E21D19BECD082F5C
:10B7A000E23A61372E1314085AD2D40EA00D1BA909
:10B7B00018F96B3B334A81AC0A0139E5E51EED35DA
:10B7C000005D15CDAA2CF54440E7B0EDD41DEB3457
:10B7D000A8E8110E5C05EC312922E1DFA4B21115B5
:10B7E000E71F47E71BEC220536BB10DD73FDD9FCD4
:10B7F000D6E1DF211CF9F8F8D3314A3AE0E1CA6E0C
:10B80000C4BEF61A95D62EC153F3CDD2F2F8E5DEBA
:10B81000AF2F1CC38900DEF203D82AF1FCFFE3F747
:10B820001C1BD6EA0170F905000A1DDF5035115DB9
:10B83000EAFAC5B6E5E7AB94B728E4B8F4406C3D46
:10B84000FFBF151A201B42FAAE3A23FBAFB6F21324
:10B850007F1A17E648FF08A70C3933D1E4E7001137
:10B860001ABDBE68D1452BEACF067F3EF1F900062E
:10B870000CE9CDF25821CBC5CB14D6F1D8D2F3D4F4
:10B88000D310EAFF0F2FF81BCABC04FC1816342F84
:10B89000EC36592BDBF2AD34E8E5C99D1B2EC8E729
:10B8A000324D162F193DF99FD416388F1B8117483A
:10B8B0000EE04F18A28B1D56FAA9B0C653DC1EED40
:10B8C0005A0BB3B9D032271ABA16E716960229FCDA
:10B8D000D71AB0F9C5B7FAE7EF1BE2F1EE052ED79C
:10B8E000C88A1E09173BBDE12A3447FECDF71A115D
:10B8F000202FD7F8D5277C331438FA590FA1B3A3DA
:10B90000E22013440A0B7C02E030B90A58C8B7257C
:10B91000080EE6AB3B10042D481B1166D77F2E4066
:10B9200064BEF89B2340BAFDFF262DF0EC2393CD97
:10B93000073A2C2D0A0429E7D1E8D3C3CED6B7A104
:10B94000F6139BECF19FC0011AE8043D22F031DDB3
:10B950003EBAC9CFD4410B1B08F5D9B9BF30EBD6DD
:10B960003423D08BB9FCED5A09F8D8FDD6F4F5F69E
:10B97000D80537F34E27ECDCF3F9084414D1F3A5CE
:10B98000C51CF981DC03C0E4E24BE2DFBF29F70903
:10B99000E35258137D13853BDAB3A03BD47EC93BF9
:10B9A000073C643B91A69E3B4F91C23BE26D9E3BA0
:10B9B00030958E3B10E7B23B41C8453B2CA6573B28
:10B9C000F2BE973B3889AE3BC92A7A3B3980CD3BE2
:10B9D000FA44583B0706743B7AC3A23B2E6AA03B4D
:10B9E00059587B3B62CE793B99F2963B41E2A13BB1
:10B9F000F7AB6E3B632CC43B7605933B4AB89D3B4B
:10BA0000BC47803B9580B63BA85D953BF046713BBB
:10BA1000C722C63B005F024121B0F941F4F66C41F8
:10BA2000CCDDFDC0876F99C161C6BE3F2A2B59C1CD
:10BA300057BACB40366E54C146F3F9C03345ECC01B
:10BA40000FB1A2BF3282784142D82B4015B23DC11E
:10BA5000D086C241A68004C213F28F412CB149C1E5
:10BA60006E1C7C414939523FB1AE2642C2467DC16F
:10BA7000D191B54099A69D4123B83F40F8941FBF8E
:10BA80003EE084414AECF63F71FFD241522A9EC00B
:10BA9000CB071942EFF419F9FED4311321DE4DEF33
:10BAA000FEF7C8EC20ADD4F20CF62900E0AFFA03A3
:10BAB000EBD831E8F42625412416F4D900DFEAE971
:10BAC000D8F1FDEA01E9F2CDFEE9E10CEDECD6FAA0
:10BAD00009DFFEE10E42FBF418FFE8DAE6EF090C9D
:10BAE000FE28DBEAEA051B06DFED0625E726E70B65
:10BAF00000FE0B022717ECF91FFBEEF60EECE1F946
:10BB0000F40DF40BE5FBE1F0011214D00A263D2BF5
:10BB1000E2032310F9E6400DDE0FB41B1615E7E52E
:10BB2000C4EEE10308F2221AEEFCE1F4E3FD3EE389
:10BB3000D81913332ECC03E9E6C6FD45F6FDFC0605
:10BB400022FC02EB00EF260C075CEBFFFDCAF51DA3
:10BB500009FE06FAE1ECFDE8DCF102F4FCC7E8F0CE
:10BB60001306151DF3EDE1F8F80DD11D1F03DA1DC5
:10BB70002205D21EDAE2E6F8FCE80F2BEDC933F21B
:10BB80001D04F1E907DFCD1E25EEEE32F110DBE7F3
:10BB900003F6E40FD7F73406F7BED8EEF110DD1C3C
:10BBA00024F8DA111A3310FEF6EDE8F0E4303BF633
:10BBB0000BDF0728F4F1C1122DF0F2E928FEF8F9A5
:10BBC0001E360D06020CF002F9E6DBD8F90FDAE2B8
:10BBD0000DEE0D2BE8E408ED0D04EEFA25DFFF0F66
:10BBE00004D61108B9CBF4FA11F5FAF9F2082BDEF4
:10BBF000FA041A0D081FEAEDDAEBDB0A3422A0FA88
:10BC0000EE0417FB8511F7EA08FFEDDAD23F1C249A
:10BC100018F9EE0522EC0611F01CF5D543EAF7C33E
:10BC2000FA380116C7E6F101E6E7B3DF09E4E727D2
:10BC30000ADFE24B2D0A15DE3C05E6E43C0E1CFD56
:10BC4000FBF7E7EA1F16D8D9D9EE0E0000E1F2168D
:10BC5000FAEBE72FD4D6FDCCFD39FCD620F10DEF61
:10BC6000DCEEFCF1FDE0EBDCE1E20810DCE0F217D9
:10BC7000F7F3050D03F8E6E910EEE3F31B20EEDC25
:10BC80002210440AE3F5E70D090DFC3A1D0526D004
:10BC9000F7F0FCDD081AF83C151DF216010506F256
:10BCA000CDC9DE02E3FF0E1CEC0907F90416CC3700
:10BCB000F1E1DDF3E6DFF0E21BEDF7EE0402F8F16F
:10BCC000E4D521DFD3271B22D3C1FB1E053BF4F0B3
:10BCD000F4EE3FB003E315F0FBEEEFE9ECF21EC625
:10BCE0003112E420160E03E6E605C7DCDFE217F5A5
:10BCF0000A1B0C120411D9D5FE151607331EEDF2DE
:10BD0000DA1D04F7F624050808BDE7FCFEEFF6F996
:10BD10001027EEECEF2D0901FD0BCFE82B07F30404
:10BD20000C0122E8E8EDF809DB0A02D8F812011448
:10BD3000EED6EF0D1D13CB1EDBD60239EEF1E1F38B
:10BD4000FEF0FF09EB0FD4F5FCD6F3E7C8F1E0DF16
:10BD5000F11018FEDCF624ECEB10FBFE162423FB9E
:10BD6000D4C6E92E2105F202F9CE012FE8E4E81A43
:10BD700016CEE10FF606E51D173638D407E11E0290
:10BD800081F921FBC6FBEBF40B0F1FE3EACA1BD9B9
:10BD900025ED20F91D24FACBD7F9DBDBEF12F936BC
:10BDA00006FC1403DCD5CA112CBC02E8E200F12128
:10BDB000151F02E918EB02D318D91401E4F96AE857
:10BDC000CCDBEDD7D0EBFF20110DE8F8F21FF0EA45
:10BDD00004DFF533F506E90B14EE0E002EEB0A1E18
:10BDE000FF20FD06FBFE00D21B461106F50206E908
:10BDF000EACBB00804DB090610E2F60CF42ED3F30C
:10BE00000D1220E6133B560DDC10D9E1F2DF350EA2
:10BE1000F70EC71310EFCFCED607EAE9230714C7F2
:10BE2000044D2928D607FFFD2122FC1E0EFD2F06FA
:10BE300022FC0314EBF42E162E0F170DCBCFFA08AD
:10BE400001EDCCFED228BEDF1C26EBFBFBE9E1F4C2
:10BE5000ECF0F70E112CEBE1DBF426DF031B01D530
:10BE6000FEFBDFEEF8FDF3E6B2EA0BABCDF0121EFF
:10BE70001FE201D611D62AD91510D6F1FDE5F1D26F
:10BE8000C8242615C4022C0CE8D8E5D50ABAEA1451
:10BE90002E00DF44180DEB0CFDE1E6F5DCE9FDDCDE
:10BEA0002DFEE746E5FBDDEBCF1C6B090404D9DE74
:10BEB000FD020B0EE6F8FCDCF9FF04E3FA0D03F5D6
:10BEC000F0DBFFD7DBEFDE2FEC0D02F5FBBEFFE171
:10BED00005F506F7F4BD040EFCEF0604219EDBDA3F
:10BEE000E51CEC0FF71DF003F1EEE7E6BE2EF9D7E7
:10BEF000E4DE38F9E006FFEEF802D9EC1BF7D9EBE7
:10BF0000C00FF5F1180E1FF50F070AF4F200E2EF6B
:10BF100001CDD80BF2F50105EADEF7F3E1EDEBDF39
:10BF2000D9FA07FB014F37F8CFE8F1E8F31114FE17
:10BF3000FCDC1011FBFFD7D9EA05041DF31301FF48
:10BF4000F9010DF6DCF80E34E5E311F1F8F612080C
:10BF500010FF0CE1322133C910F71A0F280CDBBD9A
:10BF600021D1251B013225F90703FD091B13250CDF
:10BF7000F1010D1D1EFD021EFCE1E9F219FEE2F9C0
:10BF800009F2F9F8062142040204E8EA1D24E7ED6B
:10BF9000F8212AC8D8D6D9F20AF6E50221121A1ECB
:10BFA00040BDB402E136E1DF2B11FAD91C1D13FFAD
:10BFB000C801EFECEDFC23FAEE0212FF02D9FB09F7
:10BFC000EF101C0D190A370722BAF0230FEB0B1ADA
:10BFD00001D4D8D7DF2C13071607FBFE0013161A5F
:10BFE0000A121912FF1B3102FEFA09F40648E6E5AF
:10BFF0000CF72D14F208CDF10DD81AEE0E1923FC12
:10C000002CF418FBF81EFF0EED15001A36F10FFE8A
:10C0100007DABABE3D1513F7EDED0E053F0F0BE73E
:10C0200006E109F6110A22160B0545DAEBFC01D5EB
:10C030002DE5FC2215DA111AF0C4148547DFED094D
:10C0400012E9D211F7CB191003132100FC0DF0EF08
:10C05000210B161E081A0B1E3312FCFAF2F14503CF
:10C060000AC91B13131006F5EEF2F3EB2FFE1B08A3
:10C070000BE8FEF8042A0C18272806FB00250B10F5
:10C08000FEEDFCE4A7401F28D6101FE0E5EB16E408
:10C0900026470D47F1F81126DB071A03D2FBF107FB
:10C0A0000CE605FC18EA272D0F0CC9E52E3914B44F
:10C0B0002123E9D91C24162AE6FA061AFE0408FAF6
:10C0C000F4F1FD37F9FB141CF71A10EBF00F1816FA
:10C0D000F235411BBEAF02161D0D0A01CF06D6FD7B
:10C0E0002A1DF628F0191EDEDD0F16180E080D1495
:10C0F0000434F8FFFA15D250274FD9EF03DCFBCEFA
:10C10000FC0807F913D109250D0B16EF2D06BFE327
:10C1100037151601CE07EEF905182C1AFF4D3166BA
:10C120002EF117110F191C0847F831BB1C082E0BF4
:10C13000232AD3E9DFF517F8F7D8FE101B0A34F6E7
:10C1400006F7B1D2CACB21F9FCF1E3D5D4FA211517
:10C1500022E6F3ECE205FCE60BE32315F62E0D21B7
:10C160001FE8F7F8EE03F339AEEF482AFD1507F0A4
:10C17000F6DE004202F6070E03D70F020923180469
:10C180000B1F241E06E30D0808F51AF7FB1B621AA5
:10C190003FE2DC20FC05E107F8DB23E0F020E605C8
:10C1A00009FA0E14EDE61B1B361702FD0F0D19EAF6
:10C1B0000105FEE6D73D0A4507EBFF1419EB0FF822
:10C1C000E4F5CFFB15F6031B0A381EE6FA082D121C
:10C1D00018E7FEFD09212FF514F30C2F1B0B2ADCA9
:10C1E000F30E1806E3D63B0226FFE71122EFEEDF3F
:10C1F000F015FFFD0E1BEC08161728ED1611FBE9D4
:10C20000E8080825F801E8E2DFC8100E0F38F52A23
:10C21000E612EDD107160AFFF7F51A140BFDE90433
:10C22000FFF1FC132132A708474148E3FF0DF7FD5A
:10C23000F72CD60BF1EF2527DC25F8050CF3F71EBC
:10C24000FDFC2005EBF80817FA17FFFA220449B0A5
:10C25000F626FF14F02113D7F2F9C80FF1281C0EAF
:10C260001B2310E22712120404EFFC1243271C13B5
:10C27000161807ED35B61BF5061819290AA038ED72
:10C2800016F7F5EE0DD8E7F6E20736011DFB0C14A4
:10C2900000FA43021315F304181BF00CEAECF90D35
:10C2A0000F380ADEC9D8DB14150C2A251D1FEBE355
:10C2B0000C231A2703F8F803061C04FF15F3460E97
:10C2C00031E6C5280015F7190ABCFCCED02E28147B
:10C2D0001914F02914EF1D1008F51113F9093BFF8B
:10C2E000F60014F1E600FC2C20DAF911F7DAD1DCC3
:10C2F000D02ACBDB1210FDFEDD1A130A0E321AF61D
:10C300001229041B160B1600192181DAE13022D5FF
:10C31000E3EF19D4CFF0F90814D10010F6D6FC0AD7
:10C32000E02307FEFCE214261E040AEB0220121290
:10C330003DCFE21D835515060CFE15EDFFE5D40C2F
:10C340002B08CEFDF31BF3FCD71209F2200A0812CA
:10C3500016160700F814D4C8D2E8112AF2D8C8FA81
:10C36000E3F4F22225D8FA2A23E4F3E511000301CD
:10C37000213A0E2B1AFA150CFD052439B3D212FB03
:10C380001EC51F080502CBE3FBD6080AFE04FB10FE
:10C39000E6E7DE0C02EBF813EE1A07ECEEE5CBF65F
:10C3A000F501D8E5B71AD10B06C0FDDBEDE107F3C7
:10C3B00015000BDCF5DE28E3EF1C260B0509300B1E
:10C3C000E30613FE1D27212AE9593B25EBFF08F45C
:10C3D00008D4391305F90CEA1F0013E80BE71E30E7
:10C3E000DDEA1CF9F41AEFCF101B2B071C183319C8
:10C3F000BAFF0F340F180C2A3009F4280D1B18044B
:10C40000F3FFE1FA0DD6E3FB10360413F816141C03
:10C410000B23EFDCE91B052F0A0C1812111C09E98C
:10C4200003EB28FE030E042C0639280611EFE4E086
:10C43000E8EFF9F30A1A02072512F814D5E0FD1AFD
:10C4400005F3FA1C23F8303E27021B061AD7E11029
:10C45000FFFF4826502C28101408F2ED02FBEC0ACE
:10C460002F23D7284BDCFEFFD60E2E57ED3D0AFEBC
:10C47000FB0FF42C3A16F10CE104E9FD15D8111765
:10C480000FD5DFEA3A29B2D07F11FE160A171F1F17
:10C4900024C515D417F63416FA2DF30B1C0E0C0612
:10C4A000F8DCD7031BE2F1051902FA12CD1BF033B9
:10C4B000FE0B1E120BFCD336071BD51C05052909E4
:10C4C000F9130ADF2009E7EDE609FEE41408050C7C
:10C4D0002C03FAFEFBCFD524F0F10EE9EACD292199
:10C4E000E5F421ECF9C8EEEF05FF0E29D30E0E227C
:10C4F0000E24E8D406F8EF0CF1F64008CB2B230B02
:10C50000EC01200C040515FC1FDA1828EE1516F8AE
:10C51000FE08F2E7EEFAF8FBCBFE2D161BED0553F5
:10C5200054F8052B2D2502DFBB18E1101601251646
:10C530002BFF032C03F00E0EF1E6EB0CF4020605C4
:10C5400013F906E9B7ECADC8F13A26DA04F22B1973
:10C55000092735EEEC0C2CFBF60725EA08FE050D45
:10C560000A1E13F9E603F5F01F0C181353C3D64C3B
:10C57000090735F2FA09E4AFE90D0D0227FE271489
:10C58000E9F602F4E3ECF1FAF3F8D7EFFE07F4E78B
:10C590005DDB9AD6581C0A071B2C380D03E5EF0704
:10C5A000FF1AF3EE07E3010CF3F5F201FCE1F209E7
:10C5B000E5FC1B08F21C1B3B91E42616D7191AFB5D
:10C5C000283BC7D4DF25FEF313243A21181720F5A2
:10C5D00015121B02D5F7010803070620E7E3C76918
:10C5E000D9180803FAF51EE50DFEFD1B0BFC12150C
:10C5F000EA2222EDFFF60E1EF32915F931270C2150
:10C6000019190214FB241BC4DCE6F2010F2207D423
:10C61000D21CEB0B0D342F2D0AECCCF1E2F6040CFE
:10C6200007F9EAE4E7E1E8F3080AB9B00004130304
:10C63000D91026D5FA331407FAF315D40810F3D815
:10C6400003F2EAEA1A22E9D2DC1916FFDCD706ED7A
:10C65000165BF5040C2A1FEA26CDE7CA1FF20E2648
:10C66000041CF902181AF310FB04F1F8E7DD07FEC9
:10C670001917062545E2DAF1350A2D2C1227E111AA
:10C68000DF00F526EC19050B2CF9F415120005F85E
:10C69000DBF8F32505F311180902CCBE922503122D
:10C6A0000B06E4051715020D1B1BDF170815F525F2
:10C6B000FE2E0B1422DB000A0ED349012112FEFAD2
:10C6C0000620DBC227F7E4FCF9F8142BC4CC050FD5
:10C6D000F1EF03E91FFA06DBF3EC0AEE0927FCF59C
:10C6E000F4FFE9FEE5F64710E1EB0525E3F126FB53
:10C6F0001E1CFFC0D00F0DF92BE30FF02B2920E9F2
:10C7000004100F0E10F2DA28FF20151EFEC0542E62
:10C710000D11FE0F1B04130D06CE10F10F1126088C
:10C720000FE72305F5F717F9DBF8ECF3E4FE133018
:10C7300013F0B8251825D60A0D212804EEEF38DEAF
:10C7400031E51701001FF82F30F41632F800DAFD3A
:10C7500003040F121C13F90DEEBF20EC200DF8019D
:10C7600028FA13ECBB0020230512ECF90D112A194D
:10C770001D0EF3D9F8EEF2FEFB0F1C1713EFE0DCF1
:10C78000600532240F0C34FB081BE0D102F90C00C9
:10C790000EF212FC0505E1EB10F0DDFBEFDCD5033A
:10C7A000180BF2FD38B83409FA1C0BEAE0131AF240
:10C7B0001902DB1D0D080C0FFFE40DF30011F2024E
:10C7C000DDF7F700F80314080CDFE2142E26D5F489
:10C7D00008D305111F0642FBD6EF0DFB0D281C10D8
:10C7E000F6FFF5F3D122E707F0FEEAF0FDFDD4D421
:10C7F00011112FE1FFF4E2232EDD311995C211044E
:10C80000022E360313E9080E08F0FEF2EE05DAF800
:10C81000E01309EB150F4E0B152A1DE1EEB4F11EC6
:10C820000C1617E1CCE2FCEBDF04080CF4FCCFD3D0
:10C83000E00CF309E7FC05F6E606EAFAE4E7190E70
:10C84000B64318EBE71BEED22E1E030FF6F6F7FCED
:10C85000F6280DE109F7FEEDE7F8231704021B03A4
:10C860000DD7BA1A10D9FB05F4E7FD0E0CEABFDAB2
:10C87000E222E31514E817FBFAE7DEDD17F21A1DD2
:10C8800018E20802F4E8E809E41FD2CC0A1C0717F2
:10C89000E2F3143136E8130A20F3FD09F215FE091C
:10C8A0002709FE20191A24F6000B05F309030A2AAA
:10C8B0002EF1450B12E2223218DCEAF50B19201991
:10C8C000173608122005151E001910EA00122E1B3B
:10C8D0001F18332E402A2BDE0F040E08E7EDFBFF56
:10C8E0001D010517141619151D09051417200F0031
:10C8F000CF1DF2FE020B0F0A0201F4B7B8EFFB28BE
:10C90000F3FD2F2401EFE6171DD4F508E8C6EF125A
:10C910000A06EAEB05F6FC251114FA1CF105FE0DDA
:10C92000D9DD252131051119F512070B0908F8F891
:10C93000100ACD0901080C14FA0FFB0B0D2220EE92
:10C940000ED9EA141606401FFBE71DE81008E4E2C2
:10C95000E0EE252B0CF8410B0C3D3005E6FC000702
:10C960000418F6D71D0B0F1102011D11140608F251
:10C97000011C07F9E1ECEE2109050C161D0F381A10
:10C980001103FA0303000AFA03F80905F60A101165
:10C99000FAFD8F04DD05F1EDF4171218F4CFE4FB76
:10C9A000F8092AF326D7060406E7CA00F9EE05F0CF
:10C9B000E9F7210FFE0D0F185F0522C3130624D8D7
:10C9C00001E1E10DDADEFB162EFD1521F4EC0BEF93
:10C9D000D7FB10191D2FDFD0E9F50C10FD0F3E0518
:10C9E000F0ED1F0308F4E5F3EDFF081E2D00001C19
:10C9F0003E2420D8230F19EC100AF207F50905FD93
:10CA000002F5EFFD2BF58105240B0BF3F731C7E0A1
:10CA10000EE4131019E5FAFE1129EF02EE09FE00EB
:10CA20000E0D0DFB051A030D1C0A302D1AEDDF2427
:10CA300018FF1B0919FABDE70B150E01141B26126E
:10CA4000E4D80D012AF815FBF9EBE6040A15F510F8
:10CA5000214220DFC01329F81C0EF5D7D828FE1478
:10CA6000150CFB18031FDAE9FFFCFA2EF6ECEAF1CD
:10CA7000F305FFEE0816001F22ECD813E7F709F9BB
:10CA80001DD7F814EB0208F7CE1C4210EC0412106C
:10CA900014FDFF27300C25F4010231DF083F3C3C38
:10CAA000C80EE40000FAE91139B91FE409D60402FE
:10CAB00012000EF4E905FC211314FC13D6ECF80067
:10CAC000FD0D39171E1222F6020EFFFDF2EE1D2299
:10CAD000100E140CEDF80816FAEB09FEE3FE041133
:10CAE00000FD18F70C00060A0603BCE6ED1BF1CDAD
:10CAF000FA0BDD01000A2B06F80509F4E3EEF3F862
:10CB000003000DFE02DCEDD31B2BFFED26283F3387
:10CB100008E40FF3EC17EEE8EE0F050529F92B07F3
:10CB2000F8112B0EE41C07171F15F5EF150CD61680
:10CB300005021A0AD6451C10EA04100C08F8E3C8CE
:10CB400003D60C1B0905150C0E2C07D5FC0A15087D
:10CB5000230AE306000908190B0836DDB9BCF70CF7
:10CB6000F9060FECF90B20FE130EF8FDE60410EEAB
:10CB7000F8F5DEED03FA050A12F405FDF0080104EC
:10CB80001F0D10F81515F9351C1011EE06EEF81CE6
:10CB90000DF00B052412FD0ECEE21A1AF10E1B0445
:10CBA000151807FA171C0B344209FBE4F5EFFCF6E5
:10CBB00010E12705FD282700E21D1D1413F520FDB7
:10CBC00017FC1213DD02FFDF1713060141240CAD21
:10CBD00029E00BFC0EE7F1E301D509FA17F8082369
:10CBE000241CE80108EA120AFF0AE7F3FC0FF80820
:10CBF00015EC490610CC0E000FF4E302FC1127E1FE
:10CC0000050C090809E0F9F3080FFE2119E7E423F0
:10CC100001230C190EE7FE07164003F9F51DF6F780
:10CC2000DC0002E801F6FFFB11FA31FC2404F919DB
:10CC30002407160AE4D0F7FB04F705FA28EA4D2684
:10CC4000FEEA33F70A0A0AFDF6F2CFFF1AF80507E3
:10CC50000E17240CED0311F52A21E2DEFBECF41C87
:10CC6000F4F3071540360E4BE30716E2181A0C10C2
:10CC7000E62716150F011928270CFFF428E3060FE5
:10CC80001913EBEBFA1C21FCE8F1431F182B051CD0
:10CC9000221E11FAFF2AF82334FC1403080616FF9B
:10CCA000E1F700FA01F81211F3E0F3080B08F70EB0
:10CCB000170F41FCCB150C02F8FE2706E0F408FB29
:10CCC000140915171921D5FD07E82119F9DAFAEE2B
:10CCD000E50E08F50930E83A1E1D1DFF070E0D3060
:10CCE00024F52A12E813FE16EA0BE60C12170B1BAA
:10CCF000E8F1EA020CFF00FB0D1C24EA59E9E2030B
:10CD0000123D05E4F6192AF1EA230DFF0327031A61
:10CD1000121509F4210300ED0717F5CD04FC2619BF
:10CD200015102503FF251822120C1704050126E013
:10CD3000EF20260D3AE8420720F7ECEC1801F9083D
:10CD400015FCFEFF121BED1B05BCDBEDEBE6D8F777
:10CD5000FE160203032C19E1FFE6B5EFE51007F616
:10CD600004F10404ECFD0B121C0EEE0915D7F302BE
:10CD7000C82513F82E19E3FA210125EDE4FBF3DAB7
:10CD800001161BFFF420F40120240D22330E05E7C9
:10CD9000D9F4D1E7F95A23171D0F1B1BFDFAE20244
:10CDA0003AEC2A16F61528E6FD10FFE4FEDE00F048
:10CDB0000E0FEFF4FEFF172D3FF9F44C28E3F8DFD8
:10CDC000E9F328393FEA200CFCF9F20EF70E38128D
:10CDD000112912182B0C0A202F1A081B0703F81010
:10CDE00076F8D3E1202A2C31DD1F2714F651DBFC25
:10CDF0002214EF1C0A1B020713300D1AF816E4F078
:10CE00000DEA21321241E1F576E9061C273EFBFDD1
:10CE1000D510FC25ED2537F710F801F80FF9D7D418
:10CE20000EF5E4ECF7EFFCFA133B291DE945E1228E
:10CE3000341728DEF4E0070C01FF1E130C2E16FF3A
:10CE40001AFCFFF6E90619D6E8FEDCF01F042A39C1
:10CE50001FEE11EF2EFBE3D7DBF0081DD8F00AC759
:10CE6000E929150B15FD3C0F20041A5024FAE3079D
:10CE700014000A040CE4F31A10F229F6DEFE3DD683
:10CE80002901250527DA07101A2021FE10F9FEF3E3
:10CE900013052827EAE0DDCCE30C163232E83943EB
:10CEA00048E9082836FEF6D20D30DEF30E22E92AD4
:10CEB00007D10516F6B300E30820F309E2111716AF
:10CEC000181F22E813BA6B04E3E2F105DB120FE24C
:10CED000DF75E2F32232001423F71A0EFEE11C1173
:10CEE000032A14050111052017F4CACC1FF21143BF
:10CEF000322704FE2519B41A0D1A1411020115E384
:10CF0000E41AE31FD807F6F005F60A121D121C19E1
:10CF10000394CB0FFBF11F190E1119DFC719FAFB90
:10CF20003026211FE600ED081CE5EDEAF5FFED01D6
:10CF3000E9FEECEB0E1109E3A4061901EB0A1DEC66
:10CF400012EBCFF01EF20B2E0111371A1217F42F2D
:10CF500002E908221910FBF3E3EA1BEF0AEA25783D
:10CF6000230902DEEBE206DE23FB09DF2E09301681
:10CF700005E9F2E505BF07EAFA2F130410F9FA16DE
:10CF80002F12ACD9DD141B202F2B2A071D1318C11B
:10CF900023E11BEF0D243237092524EB10F306E9BA
:10CFA000F406F514FE160B09FC055202F0F518FB09
:10CFB000D0F91FF7FFF4180814F7E8F6132705F364
:10CFC000FE382C08E7F616FE1F251A2613DFE6E1C9
:10CFD0005625F31C1425DFF3EACC1113FF1428F0B7
:10CFE000E5F613200D19FCF9F9120F05FBEEE3DA53
:10CFF000172A1C34FBC60B3D271812350AEC060D08
:10D00000EC1102FC2C020D07FAF2C212F301EADB6A
:10D01000FF1001DEEE111A1B3317BC1431CFEEFBEB
:10D0200006EEFDF14FCE2DC6F00FF00A11EC03F322
:10D030001706E2D90DFF260B0DFEF11B0E220F0B7A
:10D040002F2317FDE1FAF23A1CE34C32F13AF62FA6
:10D050001823040D3203EB051EFA1802E5F514142B
:10D06000111515F3EDE1EEA19D34062CFD1D2BF7F6
:10D07000FC20C41D3CEB16220FEE0DE911130DFB35
:10D08000FCC5FB07F600EEF601291527F1D1510E7C
:10D09000E83D121FDCFF0E19E51610F03C0C13EFF3
:10D0A000F9FD08DD0EF225EEF2F4F4EDF60B214960
:10D0B0002D06B62E69B7082A22D8F6FA0E0232F8E3
:10D0C000EA2C2CF704B7F61222FF17E223332FFACB
:10D0D00021061F1D01161E1DC7F222102313FD2756
:10D0E000ED01F121EE24F30613E9111600F0F7E447
:10D0F000E1ECE900FD06F5F705F1F60C361ED0E689
:10D100006EE7D920270BF60B10BD0F32020624164E
:10D11000F917EDE217F5E6031207F8010AFCF3FF31
:10D12000130A230986AD214341301AE31F1F061855
:10D13000EA2FE4E705EDF2F0D7102E290423E3E50A
:10D1400007E407FD10151B200B1F81ECFE0C313886
:10D150003B292621131F00EBEE17FCEF1CFDFA1CE8
:10D160001C26FFF9D7F8F9EAD61730001329E7FA99
:10D1700011A72B0F0F23ED2B21EEF5FBA40EF90BBE
:10D180001E00E8EFDCFC0ECF0F08DB1CD5210A01E6
:10D19000EA0517FB1F212A98CD05000F0D0A31342F
:10D1A000FFFF0E131BF000200907031A3E1A35F586
:10D1B0002B001DEFE4170A1414240515BA063DE2EE
:10D1C000DFF7E7D4061F21F60BEF0715092AFC133A
:10D1D0002B360322CFF60D14F7F6E2060A30161BA3
:10D1E0002308DD0DF20B1B2D1F173C202E020C20F7
:10D1F000F919F803F6283F1936F0FB0CEC17F9EA99
:10D20000030B240415092FDD24491DF3DBE7DCE2C1
:10D21000D40E04FDEDE6290FFEFBC6F51FE20B0858
:10D22000061939F8F018121B0A23F7EEE5D10A03A4
:10D23000C8D84D4A032000ECF819092317E41FE66B
:10D240000C28EBF91FE91308EF341E142108190FFD
:10D25000F511093604F812012904F9FD05F7B7158F
:10D26000F212F32F0805F9EF26FEFD02FB200D2632
:10D27000E7EFFBF4F91517071102F9C8EA21E4ED0D
:10D280000EF701182DF40BFC10F0E31A282D17CC23
:10D29000FC05C406F70BE30C290C00F0F4FA09F6C0
:10D2A00004CAF3DFD31FE8CF25F7E60805021617F7
:10D2B00017CE2212E605131020DC3F0918F8FCE611
:10D2C000E40A1720E9FE1220CFE918EF07FAF70564
:10D2D000E11AF21910212E1AEDEE0511F62501FEC4
:10D2E000222001F702F2171B040FFAF717EC04F0E3
:10D2F000F7160EDD1ED9DDC12DEBFE24F8F4EDF49A
:10D300000B0B2C1A132C201708FDF4071F100AD240
:10D31000F5FAB10FFA1DB8E3F2F027360107F80C61
:10D3200008020625192AE6EFE4EFD0E62002DF0E18
:10D3300030E5EFF4F7FA181DC7D6D04DF5D0E4DD8F
:10D3400004F70D16032306330E1BF3FF24ED102004
:10D35000D4071B3CE9FF1B0A0B2503F1E6023AE95F
:10D36000B90117091AF009BDE2151A0A13080BF6DC
:10D37000EA0219E7FA5306043A17E9060806112AE1
:10D38000F40C1F051118FB0FDCD01417E31E06D890
:10D39000FF21EE01FEF91716FAFEF4FC29FA272008
:10D3A000F8E107061D06FCCC02EBC200CC34EEAB64
:10D3B0000A1E091512FE041520F416061903F10CB5
:10D3C000040B28E8050D09EEF4F0FF1BFCFA001130
:10D3D000FC352BE0C2A10403FC2431D8BA1F17FB93
:10D3E0001E0921FAFB1BF612FBFF13FD3020F0FA99
:10D3F000FD0B2415F0F1E7DF4CF5C3F3F9F1FBE782
:10D400004BD3D8E9120BEFFD0CD1D3E4F4FC361961
:10D41000F8FF18270A110CFB0104000859D738D669
:10D42000D8F3070AF3001C8AF10809FFC0FB29F8AA
:10D43000F716173117FA193833FBF4120EF9ED0706
:10D44000EF0414E9F2F22014041A0D1F3D1D03F439
:10D4500022F11212E514E6EB0315FB12F320030E82
:10D46000FC02022431290E1EF1FA282BA0D314F954
:10D4700020012E042DF226EEF4F70C12E9E513FD3F
:10D48000D4FE2008DA0314281DF6E3E50A09122465
:10D49000EDCA1622110905EFD2C7020CF619FE0CCF
:10D4A00007F2FC1FDD241FEA240B12F2F5E6161228
:10D4B00014FBF1F708293407FF060DFFEFFEFB0010
:10D4C000072730FC181BE4FDF22924F3150803316B
:10D4D0003620D6EDEF26130D04F30B4BDAA2101C09
:10D4E0001CF30C0F04D33810DD2FE92319F01602BA
:10D4F00029E10122F9110FED070808000F080DF7C7
:10D50000FB17290CBCF1F2090311101BFE3202EBD0
:10D51000100422E203F80E20D60A1EF7EC06F9FEEC
:10D520001BF8EEFA0E14F5142902F5D4ED080701E4
:10D5300014F9C320090A0324E5F0F21A1C1203149B
:10D54000E407230CE9ECE821261C0B014602FDBE92
:10D55000020811FEFC03EDCAEA150F00032718E2CA
:10D56000FC250826EE1A16133B11FAE702201D0FC0
:10D57000031B28DFFED50FF8EB190BD2E71B0D17A5
:10D58000CC17DDFEFD050F28EC1D061DEC000CF18F
:10D59000300308180A18F9047F30590D25000214C9
:10D5A000ED262722F80918F7F90324130726142279
:10D5B00007092F0C0BF5FB0E1711F20DDC094C318E
:10D5C000DBD7E10700F9FAF5DEB00228F60E1E00FF
:10D5D000FFEF0423043706F02B2F17F6F6E5130FA1
:10D5E00019FA0EFA131CE2E52FF003F914E2AF0E5C
:10D5F0002E2909E5EE05E6041A3F09EA1FE9D303DF
:10D600000402E3FFF7311BFFFCF5D1D7E8041DEF5F
:10D610000A1A05100A030D00261F00FC091E060F3A
:10D62000E5EF16FB0B0709EDF1F0221FFE041105D3
:10D6300021141F2FE6F3F91ED6F434C3091C15FE7E
:10D6400011D908FFD50C093D20BF27131FFCF7F99E
:10D65000FE07021D080CD4E6FDE2F627ED231900B3
:10D660000615C8150A2BFF24FD00FBFB00070C4E16
:10D67000DDDC1300EEFFDEFF1D1D1205EA02D52BD7
:10D68000FD03FCDDEF1811E13B1E1709F60F211910
:10D690001708F9FF17F2FB35C9FF0705FEF8FBE78E
:10D6A000FB0514E0EC0C03FEFC19F40A0F0E0A2033
:10D6B0000E0FE7C102DA1B090411F2E30704D4F7E5
:10D6C0000A2D1608FDF51617F7FF3DE3F3E5FFE910
:10D6D00019000C13E510F6FBDAF5280DD0E615DC81
:10D6E000F620FD02023BFE1BFFDFEBEFED11130501
:10D6F000E2251B390705F4C9092EFD0FF9F40FDCEB
:10D70000FBD8F529E61A101CECCF0FF712FFF52312
:10D71000112A0D252655DCE7D1FCF4FF093705EC6D
:10D7200041F6E6FBE9063937FEFF0CF5D00AF701B2
:10D730001C050D1608010BFA1BFA221FCBF40B3542
:10D740000810E7E6315715463536411BF4E70A2342
:10D7500019FD1622FE0E2600F9FCE905F30A202029
:10D76000E31CF8C41636071402F94561CF27C70138
:10D770001015ED1E101BE70B15EEB6F70810042D63
:10D78000FBF814FE2617B40965FEA534F3ED432D0E
:10D790002FCA1F04E6EBDFFC13592007FBEB051C27
:10D7A000DC0E1928171213E6F5F0FE1D4534B3DA26
:10D7B0000FEA0F313527B6BFF9FCFADEC9131D0C8D
:10D7C000C8050304020C1E1029312BFAF4230F01A3
:10D7D0003A205B34D1FA06222F1D10E01D0A3018C2
:10D7E00025F80AE5DCCD37390C22FE01AF11131004
:10D7F00049FEDEF9FD1B00E95C44F9D51C0BF02C59
:10D800000C0E11DC35FC31EADFD02CE3F5E318F522
:10D81000C5E9F71019002E2BF2020EEDE00E151CD3
:10D8200038B8C415F221280888F331CA05FC16322D
:10D83000240EDC0F1DF9FE01E6090F210D03EDFF9B
:10D840000DF61C15EAEC053ADB460CEB23024E21E3
:10D850002B0B0D01222DF9C40D041BF62325EC160C
:10D8600003E204EC0906F801EB1D2CD92152164FF6
:10D87000F1DAF7E4D329EFE726E8D41B0808D5F658
:10D8800024F2F0CA2C16F91608011C09142AF6FB1A
:10D89000E5013334330DDBEFF9F42015E8E21BF139
:10D8A000FEDDE4E12B03E30907E7061D08FCFB1E90
:10D8B00013FF02FCFDFB1EF5BF2C2FE9E222030142
:10D8C0005544DB1009F72738F6343F38E4FDF2D62B
:10D8D000201410E5E703043C121EFB0446C6CE25C7
:10D8E000FDC5FE002A2C4CD5C5D7E016EA1CF5E68E
:10D8F0000DFAEA03161D03F61DF812193A2A280537
:10D900000323012007042215F0D0CFFC09FD0CDD14
:10D91000CC2D07F9522C00C4F0F5F2E4062D170BBC
:10D92000FD02EB1D1902FBF0F3EC3021D202EC18E2
:10D9300018F6EBEDF72EDAF71018C3BEE50B13E778
:10D94000FA130832090D09F5EC1A05EA0405C6B305
:10D95000F9418E23E2F3F82613D10D0709E6030BF4
:10D960000233F3FDFA2205150508000A0D231023E2
:10D970000B06F401C7C8240A2BDEF0E7093E2EF798
:10D98000B3DCFD04E4CF1A170FFAF80E1A04F8FB03
:10D9900008F10E11290DFCF8F6E65133BFBCF81062
:10D9A0000C12F83440DB0E17FEEC2519251AED5B3E
:10D9B0000222013C2E03FCF3170B2A1CFBDB05E0C3
:10D9C000CDFB1533301F1FF4E6EAB90BEAFF28C779
:10D9D000FE0BE2E5FE0B190AF6F1E41622220EFE1A
:10D9E000D0031CFE13F42BD7E12C32D8E1F5FC1642
:10D9F000210ABDE51A0CFBD4370640FA17EA0F19C5
:10DA000014111913051F123E1CF40EF19611306209
:10DA1000B8FBDBFE1E0CF1A5CA0602CEFFC9EC085E
:10DA2000E9E40E03F5F9140F24152510000D101567
:10DA3000EBFA4A60E8EFDAFA0413091B1BD33FEC58
:10DA400016FC0D033354EB0D0CF6F431FB18E10F0B
:10DA50001111160F080619F1871750ECF6EDDF0EBD
:10DA6000280622AFB23D03EA091AE6F6000B1016AB
:10DA70002CF6F405151E1A30FFF104EDE901A6E7B6
:10DA8000563DBC06EC0B3B00FDD8D41B0FE4D70978
:10DA9000F506DD112B0F0D18071810FD06260F11C6
:10DAA000100201EFE10A070E3DE1160AEEFFF3C88E
:10DAB0001C11EFFBF1F4423800D600070DF51320DE
:10DAC0000E3220EF222505040FEB7EFBE4090F3315
:10DAD0000ACFE6D2DEF174220909DE1A3E30D10601
:10DAE00019DCE7E0FD241217F1DFFF1207031CE247
:10DAF00088AA7F4DD3061BF729144AF6C3EF13DC1F
:10DB0000D14BEC0718D30C120BFD1EFC16F7E711D6
:10DB100000F4F4FEEFFA010FDE00061D32E2EC0322
:10DB2000F6F32B1FE80608ECF529501CBA1CE42676
:10DB3000EF0216051CE4F726190B12F72916CB4E37
:10DB4000DB2B2B32052DB506451D341813D517D503
:10DB50000B24401CF8FFEED9E602152908D1D70B9B
:10DB600011EFD80B28F7FF310CDDE2DBF8FBF021D9
:10DB70000002364727F30723DEEFED0C27220A3594
:10DB8000E3EF08F8151CFAFA21110016FE1A0D2D04
:10DB90002805192F610533280B1FD72C1641FF06C6
:10DBA0001801F61214F90301F0EFDC03F8FF163147
:10DBB00037A11CCFE8F8061F401AF8DBFC32082317
:10DBC000283D2FFA3DE134EE27D0F50800E105327B
:10DBD0002215E7FD0DEFF1321305FCF202F70C02FE
:10DBE0000105E6FC380210000C23070609120E0A94
:10DBF0000DFA2E0610FD0B20170C02530AF3F7FB4B
:10DC00000C241F11F105B0EA0513FF13F1BEDBFF71
:10DC1000DD0B4C2F00081911E80AF6FAEE00F6E8C1
:10DC2000E9D2E8030AEAA6F10BECF4132AEA2FE69C
:10DC300004190F0DFCFC21EFF006F91D1009E7F6A1
:10DC4000171CD7F4EEF7F524D534210909F1EE08B5
:10DC500000EE31F3F207D10B06F3152A07DD1DF9AB
:10DC60000107040E1F190B050C02110815C5300D14
:10DC7000F713DFEB02FAC22D1F0324E600F50E288E
:10DC80003314D70E0D07FCF1061C0D0E0EFC14F616
:10DC90000108562B04E503090CFC1E0EFFF0B6022A
:10DCA00018F1EC0FDCE5060CE126410E060CFF171F
:10DCB000E307EE0AF91EF2DDF02AD657EAC7F003B1
:10DCC000F50507E81112F802F80FE9152532FA0CEC
:10DCD0001F1605F51007091E14FE11F10112EE07BB
:10DCE0000D2D0304F2FFF11816DE1AF813170D17A5
:10DCF0002A091C0FDF0D050DF7F51A24230520F561
:10DD0000211A0A0A0EF341FBDEFD0A1C1A17DFE690
:10DD100015BED92707EC0DEDFAF6DB09231EF8EF47
:10DD2000EDEB090E0911FEE91006F80B2A18CDAF2C
:10DD3000DFDA182F0BE747EBF606F605EB2433F294
:10DD4000171DFD0A1AF4F1FE0B0EFCEFF5F3151486
:10DD5000F84ADFEBED1E1507E4F6C6D840FA090DC8
:10DD6000F4FA0F13092B1DEE1E1E040FEDF5FE1C19
:10DD70001507F00F17152B2335BDBD0A2CF61737E5
:10DD8000B5F020F6150DEEEAF21509082522F3E1AB
:10DD9000ED06F6E4061009F1EB06E60820C7F88167
:10DDA000E1113109FB11C733DDED1C1BEAF1FBD595
:10DDB000061E090A151604F9EC09FE0716EB030FF7
:10DDC0000D0EE4F0E50A05E8D30E00140B23124013
:10DDD000EC06DA1900F4FF092116100315DFFDD552
:10DDE000EAFE04ECF0FE03ED252229F7D816F40A2A
:10DDF0000410E7F7FFDD0E000508040F30DEC00950
:10DE000047F8EFE70B07061FF00BFBFE1019D8C20F
:10DE1000B9E021052AD92903F64910C506F207F908
:10DE20002F0AEEFA28DED9090EFAF8F213F909FBE7
:10DE30000FF71610F42321FB09100607D9E7F4D7D2
:10DE4000F8F1190B100C06112D07111B0BF3F6F846
:10DE5000F5001D39070B050A170F25FD36361A2167
:10DE60000CE91E06C93ACDFC28E1ED11021603F7B4
:10DE7000E9231A0E16F8F5FC0F02EEDD08F40DE5A5
:10DE8000F80F17CCE30103B83820E9E72BD21A02C8
:10DE9000FCEB032807DFFDF726F7DEECF30D1A088D
:10DEA000F1FD02FB0711EB3E27FE02DA4125F021CE
:10DEB0000BBC40FDBF0A0B0ADC171C2C1209FDDD50
:10DEC000FD09FDDFF81802D706FC0215E51BBA179D
:10DED00036ED0DDCFBFDD6CC48E90421E202EE1B59
:10DEE000272222F7FEFC04FEFD0408220A161BF07E
:10DEF0001224FCE2D45836D50BE5F530EAF10E22B7
:10DF000015F6261108370307DDD202EE160A2103A3
:10DF1000FBFA00F90E0812F9F61F0419050D0DF4AD
:10DF2000E4F4FBD057150801EF07130F242C14CA93
:10DF3000F4F3F6040AE70121FD11070C0F0517257C
:10DF4000E0311F0B07EBECF8BD2730E21F09F5FCB1
:10DF50000C201716FEFAFC04F7F400091B1F0D1520
:10DF600019F4150ECF48181A04EB0D0DE0F9431AF9
:10DF7000E6F50B0AF009072D1DF0EFEBE010180D88
:10DF8000FCFA031DEE05F9251306CFF91831D0C5AB
:10DF9000BFFD040A1E0B0FF2F4E50C0EF41240F65E
:10DFA0000308EC1F250AE1EE02FAE6FCFE1914074D
:10DFB000E91E04CABE2C27E2C714BAD745FBF110EC
:10DFC000F9FE28FF011717CBE312F302FCFD040F43
:10DFD0001200F4FA0D07F5D404F035E5D72DF3D689
:10DFE0002A272215F7F719FBFC041B1E2009F2D083
:10DFF000FCF9FEF3EBFA10EFEFEBF10C21FBF90764
:10E00000E9D1F8FB16EE0411E0FB1AF00EF60D163E
:10E01000FAFD1EDE003510F821F6021B021704106F
:10E0200010102ED014FAE5FCE0E3E315EB1538C828
:10E0300014F7FF09EE02E817DAEA07202004F51BBF
:10E04000F9F6E30E0604FCF7182E190605010A1668
:10E05000371BD9DB0405DA1D0A0DEB040EEBD020CB
:10E060001B01EB0806EA07E3EEFAFAF5FCE42C37AD
:10E07000262E12EE0613EA1D15E313F5070F001204
:10E080001D28FBF9152DF207F51D062B162E1BFB7F
:10E090000A0BFEE6072AEF1FE20DE3E2E5EBD329C8
:10E0A000181FFC2317F1CF20F23EE907D9FE1820F4
:10E0B0001203FCFBDA05F1F7150DE6D5DF10041BA2
:10E0C00001F50811161208020E0DE322FA1418FCCD
:10E0D0001DF8E6FD01021A061A0801F3FC0E0206FD
:10E0E0005AE547D3FAEFE713F6ECF4DC121BDCF742
:10E0F00003351E01280D0C272BE42AFE11121007F0
:10E10000DFFB1923251D21F86128F71A00EAFC041A
:10E11000F4F8FD171C01FEFDE6EA09FB17DFE8FB3A
:10E12000080205F9F9F2FC150BF9080E18E8D659A2
:10E1300016E511EAE6F7270C5407120B10F828F43D
:10E14000EBE400EDEC0100FE2DE8F2ED1EF900110C
:10E150001EFA2CE7ED18E21C09140E2EF331E1F142
:10E160001AF2E91AF714F6071AA3D1E30A0EF6FF1A
:10E17000EEFE0B0813F01007F640E5FFE3400FC575
:10E18000F9090C45090D0C140F05F3EEF4FDFFF928
:10E190000CE3FB0FE41136EA0E2920070FF8F11605
:10E1A0004E39D3E819FFF8E6F34A17FCFA0CFCEBFA
:10E1B000DCF9DAFA0B25140809EB21FE03F2010061
:10E1C000EE0A2D1D1629B0D8340103D8FF24EED253
:10E1D000155BF50427D316EFFCF5F5F619DF220ED3
:10E1E0000C2202F4EAFCE113EFE129FBD4D325432E
:10E1F000D6FC04FC0BB9CA1E270226080CE906014E
:10E20000010532F91712010CFFFAFF312310050B3B
:10E21000D9FAF5AC47E4FD0A0B1C20EED13715E125
:10E2200006EEFCD407FCF9FBF6EAF70C150202F245
:10E230000DFF2F031A0B42D5F9E638DCE71E08E87C
:10E240003AC5F1000024E7E11218C6ECFAF5EFE058
:10E25000EFF6F63117FBF406F50700DAC42F9E59E6
:10E2600027ED071EFB0939E94A123654AC04E6E9EA
:10E27000FCFCFA11F101100028F501D7E6FDF212BD
:10E28000E7EE14370C02DF0F03F810E22FF5C50894
:10E29000FB294120063400070A0FDF1EFE2903EB8D
:10E2A0001919F5011617323017E6D1DA21F301FEFC
:10E2B000241816F517FC33232F290F1517F80C0F08
:10E2C000D3F1170EFCFAF9EF2421202B12050723B6
:10E2D000DB570DFCF5F4F4ECC3BC131B03FF041176
:10E2E00008E910F6E6FFF00110EEFAF80B01EE0473
:10E2F0001A2306EDCB0CD2EE06E6F7F5F807F91572
:10E3000004452212FE0621FE08FA110BF9F6053328
:10E310000F0CEDF3F31020010BF8A9F88F16DF1B9B
:10E32000DB0E0215F8C25E1AEE1EE022C6F2E50C04
:10E330000FD0CC140BFB05F7F509FBF7F215E3F64C
:10E3400013E128E02C01E1F40D071D01EA14040893
:10E350001FDB2A1AD30BE821DFFD3E0E0226060A38
:10E36000160D2009E9050F22BDCEF40401F9ECD504
:10E37000050DA716261107DF0DF7E503FFD9E7F80E
:10E38000DA1213140402FEEC11040105FA1DF21254
:10E39000ED0AF50BF4FD2F37063B2D09030B31FE7B
:10E3A000FD02D427D701F60B0813F007FA0A0E0F67
:10E3B0000700C73CDBE9B629F237EFC5FE0CF7E4EE
:10E3C000E344DA1DE7E31BEFEB13F70DE008E91B6D
:10E3D000190BF70DE0ED0F1AD90DEFE1270CDA0C50
:10E3E000E2EE2A0A2139001D0EFBF7FEF1F3F035AB
:10E3F00007F40F1609FA05F6E8090BE800140BDE1E
:10E400003E16150BEFF6071102E41E2EF61B360022
:10E4100013F7F0E3F313F3F21E18F9F30AF2F82DF1
:10E420000F020D03D726D808F32C1CE33429C01E95
:10E430000D181D062B01FEE5F50FF0EC2900064D29
:10E44000F8E4FDE7FA2B3C020B024223FFE7EC174E
:10E45000FCEBFD1DFF0C1FD21140231CFCE8020049
:10E460000EF01C15180DF00414FC242423210F16A3
:10E4700029DA02F57FE4C8F8030251E803141518FD
:10E48000140C1F0A1518EF1F19000100FEFB0602ED
:10E49000F2052A01F7FF13152400C7F726140D0112
:10E4A000EF01B9BA0615023E0B06E0D8F401E851B7
:10E4B00014FA08FEEBFF09F50C391C2BDF0F0102E3
:10E4C000EF4620CC0F280D08451BE2DF12390CDE89
:10E4D000120D090B39F1E1080608F0FE2D1F0E1F81
:10E4E00022F23C1840ED18010A0D02190DB1F81B7B
:10E4F000FE2A2B0CDC14ED0F041EEDE90EFDF00FCF
:10E50000072010FE0F300C1011BCD2F02619020AA1
:10E51000401E1004F929C5CFC5DF0C25DF07E9E748
:10E52000DD061DF6F3200A242B1A22FCF3D3DF1C90
:10E530003BDEEF21EC11E8E4FC14F636F505F3AE12
:10E54000EFF2DAFC09221014ED1A00F021EBF4F0DE
:10E55000EEE0CC12284809DEF202153A2C56030AE6
:10E560001EDA2B0BB30F082A13100BE4010301DE94
:10E57000321605102317EA15FFE5B1124E2420428A
:10E580002A03F00FE2606F0B30241FFDFB01332BD9
:10E5900022F6F8E0E313411A2C0119F2F633292E82
:10E5A00075EE073F01BFF6FC35FBC10CE828B6103D
:10E5B000E927F4F4171216EE19391436D8EA0C12BA
:10E5C000170E2313041903EA4A01CF3406182C232B
:10E5D00003F125D7F3F4F0E22C0B1EF1FD0CE5045A
:10E5E0003818181924FF07240413FE14123CD30F03
:10E5F0000AF6301B2F261E4AE50529D5F9153D0BD5
:10E60000FE07DBB7E2191205DF0F0DF836211B31CB
:10E61000EED9D41A552441242F0EFADF613E1EF4A0
:10E6200041E91DE915E82E223305000BF5DF1D2E0B
:10E630002EF9E9F81F113929CBF236F3B2FB0F2975
:10E640001915E8302FED3DFEEE16E8151B3BE506EB
:10E650001E1B26E3FAE7F8DC2635D8EC1BBE0AEFD2
:10E660001416DF2A05472D1DF937B7ED1E20D736C2
:10E670001A1CF007E0BAFC5F17E33B0B060B1617FA
:10E68000230C03B38BE92227F34306E2F8FD18427B
:10E690004245E036F755FEFD0BEEEA3108F4E1FCA9
:10E6A000ED0600220D25E7D816250440F2B5BE3C44
:10E6B000F2220419062DF83DFA0A171F0BF02B4120
:10E6C000E1180A2AF31EFB0A0D2648EE0709EA069E
:10E6D0004F51F9D2BF04E7EA0F252A010A43B926B0
:10E6E00015330B0EF419F7D8F9D70D040EEA2E15D1
:10E6F0001C0DF7EFF1124C5BBFC1204334E504263B
:10E7000037240C1C021E181A52D416FF3701AFCA48
:10E71000E9352EF60214FC1220E6FF080800C1C5F8
:10E720005E1500FA0511F61A0DBB5BF35CF84306A3
:10E73000F804DDE6C5D6EFF5D9E4FDE8D9170418ED
:10E74000210E1DFC260109E1E0F801F60601F3DFC8
:10E750004BF4D3291D092F0CE004112526BDF00729
:10E7600054274531053709FDD6E0E8A1101E2E37A4
:10E77000220A1D711E1018550BBEFC102B09E11B3F
:10E780001D202DD7E20910E720C7F72B03FB79FCEA
:10E79000816C9AECDD11E92CE21744DB2D0611188F
:10E7A000FDF51ADE20F8D717013F0BF9191B0C49AC
:10E7B000F608080D261C0AF726F70AF814FD34E0BF
:10E7C000ED3EDE14150DFB01F935DD0C17110203CA
:10E7D000E3F0E1FC03F71BEF120FFBBDC545430A55
:10E7E00043333D09FF3158CE41E826111BF314DABB
:10E7F000FB2E0B0E16D1EF430FFF353BFF1D1C0404
:10E80000474EE8C809FD08DCE0073A14DF65E76316
:10E81000F5242BF00C1101FA18230DF31C0CED3B21
:10E820002E29271B0E13475DE8CDE7213FF8F61C84
:10E830004109F552F5E80C1B201BF702F207E8C866
:10E84000D63712FBF41B042739201925420B0DFB88
:10E85000C2FEED13D93F2BE417D037FC0FFF34FC79
:10E8600031EB20C3E10509FDF0CFF1F80B0900FB06
:10E87000F9F5D0012B2D0AF7132C2251E5F056980B
:10E8800035E61405FECB271113261F43070615276F
:10E890002CF22B37EB121E07C71924E101F3F026E7
:10E8A000444840FCA3F5041513D316242C02D9BB0D
:10E8B000D51A17E9F13621090B271EE91F0725EDA7
:10E8C0003317D010F515164122FC42F3EE16F0E98D
:10E8D000320D31E401CAC8153C22E4071422DB0BD7
:10E8E000FC3903F407DA0DCBFFD411F20F0BECF770
:10E8F000D850D9EE150EE8FD0100FCF130322DD2D2
:10E9000002E8032C3B1BF01E0F20C01F27E4BCE1D4
:10E91000F5FA1CEAE61EF225F2D4012907F0ECED27
:10E92000FF1D091602FDDEF91B47420C1E1401F102
:10E930005824AACDCCF6EA1F1838FD08E9F3CB1A03
:10E9400010F102F71CFD1FE3D81EEA1FE3FFF8FDDC
:10E9500015EDFE010E3F52442C1F10C0C7EAFF2ADE
:10E960002E1E10F539CDF2FD3BFCB40C00F2FF2158
:10E9700046082B0F041E313445370E0CCAE64042C0
:10E98000E5431D3821E5BF3D3A42273E2A38C717E7
:10E990002DFBEA15FA312F0DC71910F334FEEE36B0
:10E9A0002703DFE81FD8FCCBDFDE330908F8E00FD0
:10E9B000EE1C01150FE9F6EBF010362E2AFA051BB6
:10E9C00027362B3E131815EFF64A3CDE3D323D1735
:10E9D000F20C4914241F03D41D19103D31C8303DD9
:10E9E000B301D5E742230415F11E36272011FDC7D8
:10E9F000DEA3FC55140131180FC6D9330C061530AF
:10EA00002A140419F70D3C2FE1230AFECDC41D2E54
:10EA10000F03EC11CC91341A1E221A0F0D0BE1CE0C
:10EA20002C27D41427FD19451617F71B140FF829A6
:10EA300012010AE625050207082AAC363818FDFC43
:10EA40004424361CEF0EB90AF14DF73C2904D8DAFC
:10EA5000DE130D1B1A07112F142806201B18392F3F
:10EA6000245B1B10EAF713E6E91404092B0A12359C
:10EA70003F0C23F61B1D33D412051E1C0D1A31202A
:10EA800009FAFA14F828D9D9E5F04CF10F11E72E5C
:10EA900002CBE842140F1D31FC3E21152E132AFE35
:10EAA00014F91201FFF2F400FE0C081F8EF32B275D
:10EAB000F0031B0212E3D106361EFF130D122D17B1
:10EAC0001E113C1B0EF404F50018F1F10FF8F8E5E7
:10EAD00007150A6414F431402423ED07FB18FE15D2
:10EAE000B741E134E8FA10B7F1002B100F0E062100
:10EAF0000D062E1B2C1F2016CFCEF5181CDA0F0E7C
:10EB0000F6E4FB112021DC0C1200F6153D2A08E981
:10EB10000320FAFD0420E5D50111F3F31817E826C8
:10EB2000180E2D0C1309F90001FB2DF506F517F44D
:10EB300019312E450A011DF71D07E7E700142914B6
:10EB40001F1F3B37AEB54F49EFFB5138130AD11F9A
:10EB5000183AB9F6E4C24C150F130DEA1316041B4C
:10EB60000D151C0026220EFC322DF614BBEDF2B260
:10EB70003E1A011B1C161A3823F4F8EA090C313727
:10EB800000F90E0DD70733FFE9FFF815FA25F91F35
:10EB90000697A0E4E6DF18FF27EF26EBFB3537CF1B
:10EBA00014F41E310D3B13040816F7030BFF021B70
:10EBB000E61713190EF5C50D020FC62021CC302B18
:10EBC00094E73DFF2D150DD9400AE611383666262B
:10EBD000F81FFFE8031D1DE5111710179AF350DB0E
:10EBE000CE4AFD0D160FA8215024D216B0283304AA
:10EBF0001B430616222705F8DD24052028094D0FA2
:10EC0000DFF412C2F2EA28F5E6FD142918FAFC181E
:10EC10004A3F3D23F81DED3732071B031DE3034137
:10EC2000EDE8ECE2E71A0F1EDF36F1FE0937330F8D
:10EC3000F30A1D2641F20131173D202F3EE7D80F80
:10EC400026FB0E1DFBEFDDE30A1C07381419914863
:10EC50000CF028E81707F81AEA380E3DF226E519F5
:10EC600012133C3A2501F6FA0D0B0B0E0EF20D15A0
:10EC70000416FDF034B5CEE904293206FBA91E1FA7
:10EC800018FC28EDECF3FB0B23002112F51A10DC25
:10EC900016F6102EE3121102180982B6675C4D1D9C
:10ECA0000E181516CF20FB0BEF49E0192417F7E8D3
:10ECB0001BEB20CF1FF4F4282BE8032415410C355F
:10ECC0002DFFF110E6F00D03FB211C1C3E2F2BEB5A
:10ECD00009D30BCD2618F3131200FEFB00FDFC0731
:10ECE000FAE4FD1C0EFD0AD9CAC2E4EADF0FF807F8
:10ECF00003E51F0A492F0CF90BF10644083CE129F2
:10ED00001B1D0724020AFAFC22310307C6BFE3EDEC
:10ED1000450120E6DE151D1E193A11F5FA04F70D1E
:10ED2000303B023E39F80121083AFAF4FE0B1A157D
:10ED3000FE12CC813AFF4AFB132C025FF6E6F03656
:10ED4000DE4B0135FF1A18141102F8071401121CCA
:10ED500013D9112206241B1CFCB8FA28171E0F1900
:10ED6000F5F6E5FEDD0D15DDF3CD1813331D233764
:10ED70000D0F08F9EF0F0C0AE90D1B121115DDEF4D
:10ED8000C5D246E92815DB2311DEE2490B00151632
:10ED900010131324240E250A191609E8F3D5FC0BC9
:10EDA000F60E11247A0DAC35DD0EFC03FFB04D11CB
:10EDB00009063DF3213713FF01255B28EB332D189E
:10EDC0003E17E4FCD7D8FE01FB00C510E440F3D7A2
:10EDD000E303F4F51AF5ED343F1F121308FC0300AA
:10EDE000FB150C1F24132B0EECE6F5F5E80D101A9D
:10EDF00027ED36BC9FEF2D010C2DC605F93E2B07E4
:10EE00000CC526F4E52FF0191406E510FB1BFD06D2
:10EE100006060509F8F847C820F934E6E9DAE900FA
:10EE20000EF5F4CF253D3C220336C70D5A3D18E2BE
:10EE30002332EC0FFFE8F1DE09F2140BE97C031931
:10EE4000FDFE140E39F32505150DEEA61D2616112F
:10EE5000C6C40BE526241B3EF5EF0C0E0A35EC0369
:10EE6000210FB6F31E28D4E8F1EE0F2126F0484C0E
:10EE7000E70126D730F5EAEF0AEE5017F4FE001A44
:10EE800002E5D6E1F62628133A061F38271E43303E
:10EE90000A07FEF401F3BEEEE7E81DD5DAADE01196
:10EEA00027242309F5EE0F2939422D16403D281954
:10EEB00012420E0C0D2324160BE034DC11FE36DE5C
:10EEC0001AF8123A1F0D1104250D0C2D37352F0895
:10EED0001932F60B102F0DEDEF0CE5DAFE0D57157C
:10EEE000F9253FC925E62EE52CF9E8E82B2116186F
:10EEF000EA23110A26181C290BBE373E130B514773
:10EF0000F61B34FF176D15D2A21150F7AAB0E61107
:10EF1000CA2445052725282216F319135326FDEF89
:10EF20006ED732380CFD0F1016E603B5F62241C538
:10EF3000E01DFBE3FB102112D811BF0EF4CDEA0F48
:10EF40002938E9C513FBE609133CEE0DE5EBD9FBC7
:10EF50000449EBE9F520B8F320EEE40EE10BE51DE2
:10EF6000331CE8E7DD1E0D0A040903F32C1BE2F84D
:10EF70000805C6FB00491022FE3823C0DD07D82B48
:10EF80002719AEC310FBFFE2E3FA181F180AE70DBA
:10EF90000BDE0D2A0833263422D42CEF626306F0F0
:10EFA00015123EE3D6ED643AB35040F4170D0F242A
:10EFB0000807261AE413F71813612EA1BE61EA2B85
:10EFC00012DE3CFD1F2708BED6F8D5ED3122E10741
:10EFD00030230FBCDF32231F1ED7CBEFF9B001DF88
:10EFE0002A080011E0ECED4948D4163B0716F91346
:10EFF00038DF21E3E3F2122707EE1F0201E93A05A9
:10F0000009150ABFC20BC3C4255A05C5241B3352B8
:10F010001CCBE62BFA29BFFF0BF004E50A04052DF3
:10F0200030D93302DAE1FDF2FB252D4B3FAF1F78DB
:10F03000E1A4FC20F4E8613406CDEB28C33160067E
:10F04000F007D2161DE90D242B18E7C918141D303E
:10F050007FFE67460936EA04FDEBD52E51D5D7175A
:10F06000CF18ED47260E4EEBFA10370B0EE30319BF
:10F0700007190F14111A5D0D9E4040F45225032804
:10F08000CDD9143F17FF1E1FCB56580D3017C7BFE1
:10F0900030201CB700220CD21D0E083EB7B2B85C5F
:10F0A00047CC2FF9173ECC0B0A3729D076E4FDD494
:10F0B0002E0DF9B1E7FC2B16BBD9E8FF07FCFA27A8
:10F0C0000D3C07123AEB1A2E1308E7F3E725C94364
:10F0D0000BF2CBF50BDC373044BD05BDF1F72E0646
:10F0E00010EBEEF9E8F52709F5F5C4FB5118B0036C
:10F0F0001AF7D7532AD9E2E141EDD71F73F9E1E8B6
:10F10000290904F3352716EEE3110AFA0B2FF32A27
:10F11000916CC11A0CCD2AE32C42E02406E9EAF8EE
:10F1200052ECE12923FCFF290128B604271810011D
:10F130000CF3012F0CD00CF413F9FDD4D505CBF151
:10F140001A18F6150ECBF5260AFD3111D30300F07F
:10F15000EBD5191E0A2415F80C2BFF4028CB4118BB
:10F16000EE041ED7FF4EB81001A82933F229E60A93
:10F17000E31224FB29EFE7E9E211FB0C182306BF99
:10F180001F12FA37410FF0BF4F2401DB1C1A15EB99
:10F19000F408DA4F4D0503C0E4D5DAEB2AF631174F
:10F1A000E7EF1C07163651FD6A0B2D646613EE4E11
:10F1B000FCDA5B1E27F60415DF5A0C28230DE0FA53
:10F1C0001D2502D701FDFDBEEE320138E1302D0BC9
:10F1D000E01F2BD2DB11E330180E0F14C9D2DF254C
:10F1E0003E3923D03315190E0907373500110809A8
:10F1F000203D185E17B9E22B02F1FB395F0DD41CDC
:10F2000043C61B3B5BC0C2030DF72AF21FF6081171
:10F21000F01418E3EE2A2BBBCB1C161BFCFB1903C6
:10F22000F503E3324AFA0F4EFBEB092A251EE5A54A
:10F23000FD2B2900E6B7151F0E292DF610FB1C0625
:10F2400030320116EDB8FF14D16745D0EFE6C31A8E
:10F2500009324A3106CEF51C24EFF5103A2526274F
:10F2600004093C1DE8463B092D201018D5F823055C
:10F2700027C2DCF3D4D31F3B2C020213D0EB179F21
:10F28000F225253BEBE9D60F4219062A21E6F74A7B
:10F29000F2E90EDDFBF811D9BFB7E2DD19FA47E656
:10F2A000E919C3F2DEED2C280903FBD11119021074
:10F2B000F809B53F13F02CD8EFFCCF175A20DF1810
:10F2C000103DE4F5E12A3FC1E533FA0D14C335F9E9
:10F2D000060627F502535F1A1646FEE14A4E09DA82
:10F2E0002703111036E2E4D90E26556125EDD39798
:10F2F000E9F7F7F4170A2AF4F0FC301E04E179B3B9
:10F300004032052100CAF24F15E920FE22FED4C585
:10F31000552621FFFD1D40E1262E15042E0813174A
:10F3200001D2F82DFED43C4507F80A15FF1D04E173
:10F3300044D95D48BF232901F6F1FDF622042717C1
:10F34000400BE413E8160021502FCE0B4606124363
:10F3500016162014C5371F072FFFA41148B3012D1F
:10F36000FD1706DE02E8EC0AF121240CEFF5150882
:10F3700017E523F8E9280358B0B6BB43F6F8E55380
:10F380001B779EB43405DDF9033A10F6EDF413E56E
:10F390000A28FBD23D2BFD04111E0C230C0FD5D6E1
:10F3A000101ED63807270CE40F04E0E32C0A1418CB
:10F3B0001B093004211A12F7000E1D0BF0D004FBBC
:10F3C00004DCE20E32163CAFDB2AC3130C08381BF8
:10F3D00021F5F0C7DBF4DED31E051FE5DDF10CFFE0
:10F3E000FEE728F311B90701DC0945C4F52D56FFE6
:10F3F000070BE7D2F2F02033F915F5DFFE1EEED051
:10F4000011E81221142828FE440DF8320C0B05FED9
:10F41000EEC7CDE23F053F272CD7140B17E1FF0FB6
:10F42000120D0B00110709F70F080D07303402FA0F
:10F4300011101115FCDFC1FAD92434431C11080D39
:10F440000EFFC4E01E180708172F2002121E1CFC16
:10F45000E6E260F81DC01A041CF10E25CED532B5C7
:10F46000EF150621041C3BF412FEE4250A3207FDC9
:10F470000EFCECF3E7E40207392B01AB0D011DEFA5
:10F48000F21EF9EC00F9A93D2716F0DD163CF20753
:10F49000160E013137130E060925121CE7E72A253F
:10F4A0001BD003131836F5E7B011010FF0FD0C0562
:10F4B000D9FE1A0D090F2D01001AF80B0B001811B7
:10F4C0000A16FAFC1FF2CFF50F12F2F5EB083526FB
:10F4D000EBF0F7F653DE31DF2E1FED190125E503C2
:10F4E00011FF1A0DE1F10B0619EF43F2EAECE73DCB
:10F4F000C10330EC1F3439FA0CDAFF0AE80812FEB7
:10F50000DBF41C05031D1C1BFE03F9DF212F151462
:10F51000DAFCE54815C813211B16F428D5050AF1B5
:10F5200038DA0FFBFC1300E8FF20FA10181CFD0668
:10F53000F1072B17FA0B35DFBFD44F0401190BEB82
:10F540001926C426DDDE112AD6E3FD01E7ECF0E939
:10F55000F0F71E38EA0AF4E6010305010A190BEF79
:10F5600010141AF2FB3CD9FED0FDA42BA112FFE52A
:10F57000FB0A17D20AF5EBDC48EA090BF3FB1AEF9A
:10F58000E0F1134D152BCBDAE9E50202102A2F3CEE
:10F59000341341F62022DBEF17130A190B1A080562
:10F5A00019E9F203052A162D1FFDC7B931030BFB1C
:10F5B0001C161B1F0EEBF101EC15E81019100B3097
:10F5C000E00415311F0D110C1D0311F8FD1C27AEB1
:10F5D0007FD3DF1A0512F4083CC2ED151607F11BA4
:10F5E00010EB15FA09050F1FFE00F113290AF82A7E
:10F5F00041F5FAFFB368033A29FA040E1FDCE9F378
:10F60000DBE8ED3E1C070D09F8140A08F7F10F01BD
:10F6100008190420092B1F1B19FF2BEB3270DC1B70
:10F6200004FDDA0538BBC9EFD11BE30E160C080D3B
:10F6300002010A0BF82319F507FED90712F3ECF2C1
:10F64000F0B1D4EE2700E510FDF00748FEF325DA0F
:10F6500028FCE9E90A10D3FD10D919200D050F0186
:10F66000F6FA240DFBF8EB27B147F106EC0B2A095B
:10F67000DA05D7FCFD130303060CDDF11AF6F411CD
:10F6800024CE2717D7F8EEE9312FF1FA13121D3ED9
:10F69000E60C0C21FCF30ACAD1F31FF13614F9FB76
:10F6A0001F08F6D416070E0C28FFFF0E110C1217B8
:10F6B00004FB224223ECB510080FE1F505D8EB4816
:10F6C000FB27FB2409CF14E6F00E1EEE22FEF00805
:10F6D000F81EF90703010B0C0F140D090E2A082A56
:10F6E00008FEC7D5F213FF0D2224FA1E1906F4C333
:10F6F000F10BFAF71C060A2A1716210CF30106FC77
:10F700004515ED260725FBFC13DBD3F71A081D175B
:10F71000200C0C020614FB03FA270F09131A1F19F9
:10F72000231E03F603282340061E0B2B18D0C70107
:10F730001F4A02292AF5EE0CF911E6E809070532FD
:10F74000041BFD080C3D2C0DFBFD3E2923D0D2F3FC
:10F75000E8F814EEFD3248292C2112042206F5FCAB
:10F760000AF606FEFAFE1425190EF7041D190D13EC
:10F77000FDA71DBE1F1DF410271710EDFB2520F956
:10F780003225F6EB180707FAEDF30E102703080FE2
:10F79000EEE927FD1C0AF406061AFCDBE80A093A22
:10F7A000E6F30C2A32121415F7F5C309FF0DFA46D9
:10F7B00049111507EAFEDCD5E428181B102EDBE200
:10F7C000C51BF3F2040FF0031A05DA1F012104E947
:10F7D00013480CE42A00D206E71CF2101200D3D71B
:10F7E000F8FF2A0616DDEEE7F1F6F1E81D132537DE
:10F7F00022E8F717D7EC05FDF40B2903EEFF04FB15
:10F80000F3EFEB1117E9FB1E35F8B1FBFD1E010705
:10F810001908230A1AE2110DF6121819FF19D80A4D
:10F82000FAD43303F313061EE2F30AED0907ECC71B
:10F8300011F3FA36150BECF502EECB1208C1F2DF2C
:10F84000DEE1FDFF28E620F317D60B240D07EBFFC2
:10F85000EEF9BF0AF33AE319F1002602E40539375D
:10F86000CBE43620091629232A223D040223D9F5A8
:10F87000F3E90D08160B07FE2723DBDD51303E2789
:10F880001BFCE6DEEFEBFA10E3D70B2C1BF8E3EDE5
:10F89000D5251930311D2E0B090D33092A2B1208DD
:10F8A000FC4DFC1022C73AF8EB1406CCB00F48FC14
:10F8B000FAF2F90F0524502707FE15DEE5D6060BF0
:10F8C0000A0AFDEFF6D8C11D73DBE7F0082BEA0941
:10F8D000232320CE0F2021141418210E3937F922AA
:10F8E00019DAF2FCF3EBFEFA072C0C0C1F2BC914EF
:10F8F000000032FDFC19472BBF25053E0D133420B7
:10F90000133C10FE0C10F7D9E2220AF7F6FB1E0496
:10F91000F41010422D294D331C0FF1E0EDF74A177A
:10F9200013CB0E1BF5F5F3E0F525042F19280F0175
:10F9300015272214282D181103002DF3C42A0A07B5
:10F94000D6010727C7D107F1E5F8152F123537EA99
:10F95000D5220207DEF8F7F9DBE3EA1213240E26BC
:10F96000EF08DA0B0813E11E2921C61327FD061440
:10F970001D113A2621E91C22F7FFE30400F40508D3
:10F98000010A1910B4C9ECF4241A290703F32C4A0C
:10F99000F1BB4DEEF5E23B231D1E0DF51743070DA0
:10F9A000EEF2352606F1EFF21A2F0D082CBE1522C5
:10F9B0000936F2B9D95F54F9DF1823E41BFD2C078F
:10F9C000FFF5FF090BDBF2F7E50B00D7E7E0EE29C7
:10F9D0001CF826FC3EC7FC0B0F0BCE2C40CBE81DC1
:10F9E00029E6172515281B1F1022F5EDF0FFF6FC60
:10F9F000FBFFF205F3E1CF29DBEA43F6F6E90FFA64
:10FA000005162A12D01A1FFB100607191A294938A1
:10FA1000080A0B061E0309EF111BFA08F5C7B162AD
:10FA2000EA0EF8101D050CFFBC0C192DF800151B73
:10FA300017191C091627FDF8E92C1A02FC11EC0312
:10FA4000DCF739CEDE10E5F70FFC0C14E212354876
:10FA500017ECE4E9123716382B1F00EFFF09F7F710
:10FA6000E40BF0E8EDF6E9E71BE7D5FB44F931FDDF
:10FA700001E7371FFFF017FDEE2C1C221D1004C8F4
:10FA80002127ECFA04281CEDD3F2FA0C0D18C42936
:10FA900038F0E6C9E738F7E53B381CF3F719FC1BEB
:10FAA000201E17130C39EC1AE80107F00700F706BF
:10FAB000E9F4F80B32ACF4341F032000F5E8DDEA7A
:10FAC000422FCAF912F5F9262629F01B0BEFF8E3AD
:10FAD000ECCDE109F4090510FC0419C6107F0308F8
:10FAE0003812DCF70D4ABC1926FDED293F3003F72B
:10FAF0001618200602F9EB1CFC01F91E100827302D
:10FB00000F43E60D38ED1918F2CAF3204FAEE007A7
:10FB1000EFEA01E30E03E8DF2341E7DE1D0D0DE808
:10FB2000E4F0E20D261A1FAE24F1E710DBF03906EF
:10FB3000CED35127DCEA2D040D191F1B1E2D1631C3
:10FB4000270502FA040BEFEDF404E201D7E8621A8C
:10FB5000CBEBF106F7CB3C3E4DCFE432DD0109168D
:10FB6000251B0D14EB1900ED0408F806DF0EE1016A
:10FB7000E7DF0E001F1DA2271D24F619263DBFFF3B
:10FB80003CF5E43008FBEB372216DCFC0C071EF7D3
:10FB9000F00A12231022311BF3D92C301912020E55
:10FBA00002DD033830D20C2711240F241F2C281D0E
:10FBB000060CFADEEE050BED06F51A23141EB93716
:10FBC00065F518F3F837D6C5325E36B70B3915EE42
:10FBD000050B10FF0B29EB180EE905F60CF4E3F208
:10FBE0000E0AF01168C22CE1E616E217EE011205CA
:10FBF00039F1F5F4051C2D1801063C01090DF0DB67
:10FC0000F2FCEBE7EAFAE9FBE507E8F01BCFF61FA9
:10FC10001212F0F6EE091806F2D0FC0E331E1AFF8F
:10FC2000071A02F4E009EFFB18F1FEFBE0EC020119
:10FC3000D727CECE3DD2E81B49E4062547F3D72A85
:10FC400015FE191A05110A1EDB2F1FE0E32200FF23
:10FC50000AD8F5F7EBEE55291913D7F6FEEB02FC9F
:10FC6000E4DE190AFCEFF5F2E936EA032EF614FC9D
:10FC70000F38E7DB060D0602F502DEE043E424F66A
:10FC80003A39FB18DBF9E527CBE510DF121D1A29FD
:10FC9000F6D10EFBF6D40D131BFB07271C2106F330
:10FCA000FF31B225DAD40AE41216E9DE1B30BFBEFA
:10FCB0001EE3DDFA18EE04E329EF112DE30A03FC3D
:10FCC0000F05F7F5ECE5F304E1FBFB2326FE252405
:10FCD00009101CFDFAF8EC101D2A05F2F9E4F0F603
:10FCE0003D2D2B18FE2A0A1B06312E24353ABE095B
:10FCF000E7C31C1C1705301CF5C5E6051E211F01B6
:10FD000013DC35333E120E1C03FF08FFE6FFDFE86D
:10FD1000190F200DFDE02620170FFDF908E44342DE
:10FD2000DE0AD4E1F8CB19E11C06EFE8DDDCD616DB
:10FD3000ED1A0EFB13090A0CEF23612E9AFC2D1D00
:10FD40000B26DCF1DF45E7DA3F08F43EED2111E553
:10FD5000E13B2A35191C090F4B2623F11612E2E864
:10FD6000FA4F200B09E118FC0220F61CCD2F540A93
:10FD700031BFEA02E200070BE31AE313E91CEB17B9
:10FD8000FAF12AFD3E27A8053AEE38F20CFFFB11E6
:10FD90001124EDFCF8F11504E2F20003DCE7D50FC5
:10FDA000EAE8F82305ECF4FEEAF8E7F0F3220E1295
:10FDB000DD250A0125DE0F1CF8FFD323DDE20DF659
:10FDC00006F00BE5121107155110EDE21105F6EFE3
:10FDD000122F402CCAFE090032FB14DEFA47EE0A4D
:10FDE000E629FD38082315F1DA3001112541F02804
:10FDF000043D0B16C418DCF537002CA8042D0B09A4
:10FE0000FAD51310D2F7D005FDD300F631F800E98A
:10FE100005DCF91E35F7E1DCF9E1DD0CD905194601
:10FE200010F20C12042D1AF34EF01322D8FCE1FA52
:10FE30001CD33CC3EDEBF8F5E5F0340E10F9F904F2
:10FE4000FEF12038034481D0EC28E4F4320FC323C0
:10FE5000FBC50EEA1339E9E12FFB0F13EB091A1763
:10FE600023EF3E1EEDFBF4EEE93420F7E7B7CB09B4
:10FE70000BE2FC1601431FD30CFB0E0C06091F25D9
:10FE8000E90D17CBEC090EEC040E07FBE6FCEE18AF
:10FE900010BEB527CBFE06F10637DAE431E208DA08
:10FEA000F10BDAFEE71127EAF9E8FDF1061E19E683
:10FEB0000EF0EDF2E2E817C4FA28F44708EBFA4234
:10FEC000CBD84D57D31E210A0826F0193C36712E87
:10FED000DE03041923081507E5181818F0D16F314F
:10FEE000ED1BEB082B20BA094C31D629D8F7E7E1F6
:10FEF000FD2E08000BF1FFEC24321B05DF03EF079A
:10FF00000F0B4B1D1FDEE0DEEDFEF50C19F828404F
:10FF1000EF051F20E7F40028E8EC1DF7FEE50BFDD8
:10FF2000DD121F06FFFAF2010DE88EE60121DC3139
:10FF30001C221E0A04C734FFF522DA2617F3F8162E
:10FF4000F0361D1810F51A0EFADEE301F30FCA128F
:10FF50007CBA15DFF6EE5512DE48D82B13E21DF4FD
:10FF60000DE0FC2E04F0E4060505DB1F0019EC2271
:10FF70001109FB216AD7E3F9F70306172537F5CAFC
:10FF80004CDFBEFFE4F3DEEFFBFE08F1DEF700F42A
:10FF90000E1017EF0EE5E602E4FB2E66C1CC492BEE
:10FFA000DC2A2EAECF50B8EAE327F6F60229F43069
:10FFB0000FD9E1F017152403F523F6FADD032F22FC
:10FFC000E6F2CF291D08210F1539FDFC40FA06E89D
:10FFD0000F3B291C1BD02518393F0505E7FF2114CD
:10FFE0001AEDEFED081346CAF20CD11F2612FF508E
:10FFF000F3A24813F00DEF1115F5F6191D3C181E6C
:020000041001E9
:10000000FBCA0EFE0B1C2DF403FEF302CDEC7DDBD0
:1000100002E432DD30FCE80B4BFCEED810F7B5FC07
:10002000F9F7E8F9010DDEFD244304ED08F3D8E00B
:10003000F30F04413AEE501521E4020D224FB01E99
:100040000C02FE200D05081AF7D429FD0E12F50941
:10005000D32C010B09DB05F906BB320E2A36F4FA64
:1000600000F9E7F159A714E5190DDA0A1310FBEEB0
:10007000EF0EE2F1290E280808F20BEBEE1ED40A6F
:100080003CD93FEC24094AFBDB45E4C40AE1100BF0
:10009000FCFE0DE9F0F8DE0306F71929021EF1D780
:1000A00006D5D02232C9F619CF2BF80A13CB2B284C
:1000B00030D90B0CD6F8DC1EE9E1250209ED0A3532
:1000C000F6F7ED11031306FAF4D56C19F6EFC9ED46
:1000D000ECE0E1F4191511EB1B0FEDF9FE1C1CB55A
:1000E000D02F1211E6F113E8F6220DF80AFF1C17C3
:1000F00009F2011CFDAD2EF81E19CEFE362EF5F5C7
:10010000F30EF1F2E520EB04EAD9EC0201FE27FF41
:1001100004EAF3F3EF11AD3709F1DEC9EBD6F4E0F1
:1001200029F52537E8360BF21EEC46073C053C283E
:10013000F30DCB17F81C0F0D0D0EF0085D1409F729
:100140001835EB37F4CD1B26CBC22707F0B8371193
:10015000450DFDF400F215F44F0C042639F1F8FCBE
:10016000C60CD828BF08EDFFE3FCD52E01060022FF
:10017000E81D1E13DF2B14F90E19FD25F0E7F3EB34
:1001800005220B031619F81821ECCEEE442D042B92
:10019000FD2712DE09126336F746171721D5051D14
:1001A0004822290D161316562EEDEA0E051FFCF6F1
:1001B00004294213241E082000E1FA2DEC0A162916
:1001C000F6EB1333F718F0F6F5C40310F1150B072F
:1001D000FC1C37F8ED23EDFD09F9F4F10DF5E9DE2E
:1001E0002A21CC17F21C0DF52DF90121081124301C
:1001F000EC381A171B0405F81BC20D01FFEA1004A6
:10020000D5E812121136E8CAD13B02D6D5C0CCECE3
:10021000D0DBE3DCC9E3DBECFFE017FFFB190B0FDE
:10022000DBF319EAD521ECFE3ADAD70FF3F520E536
:10023000D00809E9E5F7050C08E4EEFF03131C0FED
:100240000DFBCDE1FECCCA1A20040D10F3E5E4133A
:10025000DBDDF1281810E616FCEBFB07E103040BCD
:100260001016DD30EE000606250501B91F15E9E977
:10027000FBF8F4E70ADD81FB360001101017D8FE09
:100280000BE30F130A1628243E25F9FE080111DBA3
:10029000FF02F009EAE9131A01120B24322118EACD
:1002A000E422E0FBE6E3F5F8E00FE7E2E500EDF637
:1002B000F5FDEAEF161C080F014FFCDC0A19FCE6FD
:1002C0002CD2FDE93E25E3FC1022F2FA1FE6F807E6
:1002D000FE022BF225100CF9130D0BEAE709FF01C2
:1002E00014DC00FB04D7EBF4DAFD3EF7FF0CFF143F
:1002F000043404F6FF0C042721F01AFA00082D122A
:10030000EDEED9CBF8145B0CFAFFDBEE190B3527B9
:10031000F93ACBF301D6F800E21BE8C3E604E71F85
:10032000FA04F1E60607EAC3211A1CFECD1BFFF30F
:10033000FCFBF42708DC0D370EE715ED0F39E70C51
:1003400004FDF4083010191515DCEDDBF1EC011992
:1003500029D52362DF250A01FE1CE1DE01122FDB15
:1003600005ED1A13013A0DF4FFF1131221171209CA
:1003700009F53821FF2D29B6C12F1DFDEFF6F92A09
:1003800001DABB2E2CF900FADB19FAF610F2DCD2F6
:100390000C17191DD20AEFED0514053227C10AE723
:1003A00008BE1913EC13D9CAF522A2D6270208D524
:1003B00001EBFAF3F8002517EDC5FCF9F10B030783
:1003C00002F5B012ECFBFA12F3FF060A0706EE3351
:1003D00035FF0E0ADC1CDFD2F1F6F2AE2716190843
:1003E0002E08F4E0E1C5F41BECE02A27F5A3DCDDE0
:1003F000151B0D2631DAEC1114FFE11AF9DACB03E3
:100400000C3329081DF1E8DBEAE4BDDA1C32D9E13E
:10041000290DE3FB02DAF8FCF9FAE532C1F820F81D
:100420002406311FF914130B2C22E2FF08120B02D1
:1004300013F725E5DAC9F60C12FCE505F9DED02B39
:10044000F30C0DF70E070AF4E1000CDA0A12332858
:100450002F0B26FB0F240C0304F0DB552FBF15FDDB
:1004600001D13107F3F6CD26E40FE61BC6012504C2
:100470000200ED0FF0FEE5C9F1F7141400F11EFDC6
:100480000EE2111DF208F1CA1E0B1DF3F91621C36D
:10049000F2DE0E300A13FCF8FF12CA091B14F5D164
:1004A000CED7F5101E3511EACE5C1CF526FFF11AE9
:1004B000F4EDBF443ED4F406C9F5F4301F0F07DE57
:1004C000F80B1EFE03F1DA0437051903E20B3C09B1
:1004D000E6EE26F9E513AAEC0B4E10EC08E818EF4F
:1004E0001422FC06092321131320021315101BDB11
:1004F0001111FE1723DAE126FEEFEEC7F401EB3609
:10050000DD05EF1EEAF714E4F314F91CF8FEE00031
:1005100007DDFC011FDC13C8FAE0FD1EFF0FF9F533
:10052000CA21DD20385910E208E12DF9E72FE3DE7A
:10053000202A2D20F7E3092013010A05FD0FD2021E
:100540002DEBE30E01F9090ED0FD0E31080C1F173B
:10055000F616011BD7E81F362D0A111DF0FD311AC2
:10056000230BFC00E5F9CEE512FF0209FB0B151089
:1005700017C9141109FB002016FE0B01F81123F214
:1005800022190902FB03E0FC10090E11DDCD210E3A
:10059000CCFCC3E620031A16152D0FF3EAF9F71267
:1005A0002402FF22321B30243EFBC0D7E4F01205A8
:1005B00006B40730F3AB0CFCDD24E1BF014503D7E3
:1005C00005F03210FE21EF0800FD0A2216E019E4C2
:1005D000F502FF0B0C22CA0719F103F0F905E3013C
:1005E000210BF0312837CF35DAE434F41A2DEE152B
:1005F000CFF127233213E4DC07FBD826F813DFF70B
:1006000013EDE7D625CFDE2C3913F72C44FAD3FBB4
:1006100003DFF8FBF607F4D1E6121B06F2FAD4F278
:10062000E6DEF6F21B1DEEFD00F6370910082D453B
:10063000210334F2F528E927DCD8F603FF02211C58
:100640001CFEF2FDE2EC0E0D240505E71BF5090585
:100650000F210D3EAFF40200CCD7FADCDC1BE30A1D
:10066000E7E5D7F9FDE0C1F4F5E6E72717F905025C
:100670000A0718E3F9EBED2BACD2BBF8E7D407EE91
:100680002B0CF2F1FDFCF907DAF0E5D5E3FB02ED06
:100690000CF1F3E82CEEE91BE605E1FAEFB72F0FBA
:1006A000F3E9D6FE23FFE2FC23062334123521E9C9
:1006B000CCE9DDDCF215FB1D08CCA79F122924EF45
:1006C000F3E8FB01082325D73EEF120AB7DFF60552
:1006D000E8B1E3E2001F48224B1A350A03121A2B35
:1006E000191D0CCAD82420F038EDDB3DD93BE8D9E0
:1006F0000C0C0DFA060105302BED0D2011CD1F1449
:100700000AD7D9F7EDD4192985111EEBFAFF14E4A5
:10071000C413EF1811F6DE1607141C18F01A1D2268
:1007200028DCB1C8B9DA111B03FA10C840DA0EF39D
:10073000D5FEE9F7F9CB06EDE8F9F7FCF9FF10F67D
:100740002E0736271E20EEBF0904D9F5F31115EC4C
:10075000DBBADB4428411FE4DED9F4D3283BFDE2B9
:100760000B0E231DDC1E1D10E7EEBFFB0E1F4434D5
:100770002708EC0C31262C262BE6AF5D2AE4ED256C
:10078000EDD81B1F09F2F8281FEF032A181019448F
:10079000EE10ECDBEE24ED02ED12E90105DC28F0B1
:1007A000BB1806F2F12CE116D6BCFD07F1F32509C2
:1007B00026F71C2338FF1B151DC6DBEDCC130F20BD
:1007C0001E070FD2BEBCD93437A5DFE82F27143E51
:1007D000DCC3300409001200F7FBDBDC0C24F52E2F
:1007E0001BF6FCDE3632F9C20F21491FC72143BC7C
:1007F000DDCA262BF4EC0CC423E7FDF21E3A1C34B0
:1008000010F1FEE0030D18ECDBC4C7FBF5EFF6F4C6
:10081000214926D59A031207EB12D9C01BFC2903E4
:10082000E1E417FD1036EE202426352407DED6BC81
:10083000EF0DFAE9F6F70B1F620E9ACDFC16253B79
:100840003AF9C62F0F1FE2EE2104EDD9CBC8363896
:10085000FC143FF9F2FBE4021F0C10FE1FEAF881C2
:10086000A21AEB2C1FEC00D52EE31E35FE14F60267
:1008700016F72B472F171103EDDC3715142B09172B
:100880001B185FFF15FB0A2F16FFFD26222632CE0E
:10089000E614FF060213F622E6EDE5E108202D3509
:1008A00023F5E0E0E9E4E708D7C8173F25B7B91D0D
:1008B000F410090FBCFD28F71EFD1516150021EADE
:1008C000030C010423310DF7090EEAF5FC1D1E226D
:1008D000C79423002AEA4DECDA0FE31925E2FA1F48
:1008E00028040906FC40031E261B01BFEBE3083960
:1008F000040AF50341491BE2F400F6FFDE20B2CF03
:100900000500F80AF406211B0B1335282E03FE0000
:10091000DBDCF0F2EAFC0F0F1D064D970AE4CAFD7E
:100920001F0108BFD21EF9EF07D22D26191A15E7AD
:1009300005232E3B0EEEE405F12C163BF9F820D4EE
:10094000ECDF4612E6E60EDD1936F6FFC0E734FCB2
:10095000EE004030EF0DFADFEBEECE20133923E14D
:10096000EFD9EFF51125483D50A7C5EAF0EDE93282
:10097000FCC8E80DF729DAF91BFD0E0E0C0B03F489
:10098000274023F2D1C4D61638FF0D0C0A33BADB48
:1009900024EEF80149DCF3DEDDF320E3F208FD1973
:1009A000252D311EFC2EF719D005C3CEE90DFA0610
:1009B00004FC32E5A5450FF3F90F14C9221512C244
:1009C00000F90619E81803F00E18DC3228E5D212F7
:1009D000FC10ED310E0320E81028E5F11C0D01FAA2
:1009E000D1DDE2080CDC0B01F0130609191A1F1502
:1009F0000E2F1FDEC6CEE4D103F30C23FC10FC2423
:100A0000BA010DE5FD0A3F00BF12BA3C20ECEC0C28
:100A1000071C31411615F81314F7DCFFD2C6FEEEA1
:100A20000E18040523EEC3CA2141FC29E80A04017B
:100A30001CCE290902F4041E3A151A12D3EE010243
:100A40001707DDE9E3F7D8EFEEF064EFD1E54922CF
:100A5000E4F4FD192B2F1BCAE9FC0FFB071F4EF412
:100A60000FD4D6DFE93B3823E6E0EDF2CAE1F0F23D
:100A7000123EE8070DA200180424E6F7C2FF08E5BD
:100A8000C8EC2ED1392A01D91C3C2E07F7F1EFE32F
:100A9000E2C8F913FE0840302DD1EE1B182BF70FDA
:100AA00026FC1411E12E06DEF1132F36D112D6DA10
:100AB00002472D39FFC5BBD424EBE0FF22C5D12668
:100AC0002A2FF100F1CA0F461D14EE0C2C1FE60868
:100AD00038123827E9EFDCDC09131A1E3EFEE71254
:100AE000DCE4E1BCEE34FF23171DDB16FF27EB0F20
:100AF000EF1D0A0E15F810F900BEE9FCF9DE301200
:100B0000280505F3FADDE224D4C6332711C70D0604
:100B1000F71F231CCEE236020C1111360340EDCF35
:100B20003C0CF0033F1D293C1C260913261B1318FF
:100B3000C729E1E714E914F4DAD5FB2DF209F8E648
:100B4000F607DB01FC35393D19C200DFC4C92C3C76
:100B50002C2DF2F61004E70C0508F209EAF0245AED
:100B6000D610D401F5F0E5E5F5E804DE0AE5091A4A
:100B7000E3E0F9E70AE80DFF0426F1EC13F81C06A0
:100B80000304F71914E3E6E7F6112E0FF14F0D1ADF
:100B900010F2164119011BFE0813EB1DF30EDE13B4
:100BA000FD153BDDFFFC1711F328CDD517D912F643
:100BB00005082FFE0B050A3110D2DF16FFEA0E0AD8
:100BC000EF240DFE08FA23DC4C0BDE0A0EE0FBEFEF
:100BD000FE2532AAFEEBC30CEFC9D01507E6E5FBF4
:100BE000EBFD17E9CE171908100312D9EC0BFA1B0D
:100BF000150A13DAFFFA2607F9E3E8F7FBF4F0F138
:100C0000FFEFE3F7F80D130909F11AFAF804FF1AD8
:100C1000ED073917130F1F1BDFFF2F1F170AC530F2
:100C2000092A0413FD19EC310E020B04300A000CE2
:100C30000811E4EF271DF4EFFA3AFB39161BEDDE3D
:100C400039082047F713D6E10BF7FDE900FA0C0845
:100C5000E1E9F927FEF0342614E1E7F90911D21A87
:100C60002B0FF0FCF8E8D8024229BEE5F4F9FCEBC2
:100C7000DEF1D90DFA1310EFFB02EFDFFEF1EEE229
:100C8000050E16F60FCE023128E8F92D0E1DF6FDE1
:100C9000F2B1FA1E03F31306E2D41EEE391F240F3D
:100CA0000AEAF6181DE719F0FB1716D4E0DB153E2B
:100CB000DE340D030CE42EEFECE1EF01F4EA0F0457
:100CC000150303112D1919120626F008E2D704079F
:100CD000D1DD94234C100715F8F004F825F5DBE777
:100CE000F4D1ECFE1803FE07EE14E6F51A2CFD0213
:100CF00016E5F106F100C3F5E4244BDAE605F2FE51
:100D00000BE20608052FDFF025FADFE8C7F229F32A
:100D100006F7FE2A0C17171EFD13F229F12D9E541B
:100D2000F0DF15FDD10B2FD0D037E4130229E10DF0
:100D3000E1E50A02020822EF090BE708EA0DE901E2
:100D40000B12550DC8080F0421272B0D0C0DEB12AB
:100D5000EFC8030A1EF823100708C7E5FC46061172
:100D60002D172E1720F61203E2E5232F1CED0BFAA8
:100D7000210114EBDCE8E833120D02F7EC1415D670
:100D800004031309F611052909D2032AF51DFF955D
:100D90003250C31B0D00F0DEE0293AD9F6FEC4053F
:100DA000EA19E6FE071212D4FD001BFCDCFE16ED6C
:100DB000D0050B14FBF2E8FF1D000AFBF10AFDF65B
:100DC000522AD6E50B1BE9EB0AE8E9F20205EFFB34
:100DD000FC0F1B1C07080E1809031D89CC7FCF06CA
:100DE000F2E9030707E9EBC3F5E52C23130011F53E
:100DF000130B2F100612FD09D3FDF7F3F2F20824AE
:100E0000DC06001F28EC121C2903F10CFCCC122C70
:100E10000004131CD51104F9162BFBF5FFE6230281
:100E200017EFF9131515E904B31E1E08DE0BF304C2
:100E3000E0D13A18D4F014F8E8E524DE09FA13EC0E
:100E4000E2F80F0207ED020603E00B07F5C5263CAA
:100E50000BF0F223F7E80E452CF0C716D100ED0990
:100E6000F6E3120EF41DDFFB0AEF1405FD03E6F9AD
:100E7000140D24F3DD09C126EB06D8AC033DDA21BD
:100E8000E701F422E0482A23F614E30DF7192EFABD
:100E9000EE000AF3130418201AD90F0006F30B030F
:100EA000E9CE2E2A4E04010B011DF10DE10F04FEC7
:100EB000010FE80EFAF6F41AFDFC0A0DEB07DAD57D
:100EC0004A240501E3EEEC050A354BAFD3FBE7EB13
:100ED000F515C004FF12FF10CE0511100702011016
:100EE000FEF8060036DF0BB62E140EF622150F01A3
:100EF00023D4E1CD0FF91FE61820EB0BE1D7DAF38D
:100F0000011705E5E4FA16F3FE0534D9D4D41B31F4
:100F10001432142AFBFE06C0F7D0F600F918F825A3
:100F2000F5E2E8FD2C0709000E09210A02081D114F
:100F3000F0B915224CD4E4FAF3F0F72A46F0F4089D
:100F4000DFEF13220DCAFE160BDE0CF50FEA0C0FB5
:100F50000CF8D9F30805362BD8D9E91F242C22ED3B
:100F6000F900042301EA040126F1201AF4FBE71832
:100F7000BFF4112020F406141DFDE903074EEA1802
:100F8000E236E3DA0F171F10E2DBEB031CE50A0180
:100F9000E7090A02D80004022B14F808DEE7170B51
:100FA000EE1D0B04EC0E30072831F1271723CDC1BD
:100FB0001BF706ECDC0ECB05FFE0EFD10235230773
:100FC0000D331D0607F41A180CCE282127EEE2F186
:100FD0001814D1D606F42E30312E6F0FEC1AF8F714
:100FE0003E241202120B1102FDEE07ECE6FE09EFA1
:100FF0002CC502E5E51508DDE700F40A1F08E7FB4C
:10100000CFCD0F02291C0709F6DF07E4F6E2EBF368
:10101000ECFF1FFFCCB9DC390E07FB2C000EFD45A1
:10102000DECF17F8FF0BE3CDEF1E343F182B1B1D4F
:10103000FEFA2F1B130801FBE9181A0E090A100902
:1010400015EF04160EC01CD6F309F803272F193527
:1010500009FFF5E1E6EFFF26C4EFFC0114282A247E
:101060009C53BC2AC71BEA2229DD19D505E02413AD
:10107000F30B22EC1FE8BD210A331C060707122CD4
:1010800011FF0FF911C5FDF3962328F60EF317F89B
:10109000ED30D3DD0AF115F9F3E0E9100C342F122D
:1010A0001F09171F210B27220E07F41DE8D057E553
:1010B000051F0503FFFA17EECEF1070423E9D0154B
:1010C000FF301B1E15FB1D36E7321411091A1002E2
:1010D0001B20A412F700F5F11A19101A12FB27F8B9
:1010E0000903131F36261C1F3A07EFD5FDF00DFD2F
:1010F000F2ECFFDF1E322311F1AE1F671DC609FEA1
:10110000E3FD1C0C0D0204D9240B0227EEFB0E2874
:10111000261904FA08223B22080B0DF30C28BDEB1C
:10112000E63F0DFC041415ED301CCD0CEE0A0ED973
:10113000F913E720242B1E282713200D1B16FCFB78
:101140000100F8224EE84941DE071400F9F42017A7
:10115000FE06F1DD0A06252714ED312222E50AF705
:10116000022926E912F5002607EE2619281E1BD6AD
:10117000F8E925FB0FEC1B1FCF3B1C151C0FD9DF1B
:10118000F72C2DEE15FEE9FC200918F3DF022AFDED
:101190003B18CC0AB222FC16FFFE11281EFCD11E01
:1011A000190E1BF9FB060F2C3F3E1A201D1B181BA6
:1011B0000CF2092A2617E93C3816D0261C3413EE07
:1011C00018F012013C300E170E2509EDC8E7002477
:1011D000032D06E8142303FC07FE08111CE82B92DC
:1011E000112027040619222B0241BB030E0CEA2A08
:1011F0000B011B292D14171911E1FF1A1AEEF136F4
:101200000D071A130B28012E0A1008240822DDBC32
:1012100003FA041E09FD09F4F804EE20EE1CFC1F7D
:10122000071A1D1B13E1D0EDE0003225CF1C0A2167
:10123000F70207DADF16F619EF2119150FF83A0849
:10124000F1EFD9F3FC0EFB101BF1FE24011738DF80
:10125000C2B12C34120C16051007F0E42FE5260F4E
:10126000E0EAE4EA24F22FF50EDF270D110FFFF17B
:10127000F908F816414C08BC0A2E04F111FAFD00D9
:101280002C17A4F5FF1A11F2FEF71E240F21111CD2
:1012900023FD06190A0F170B031A430250F000082A
:1012A00012F6EE120F1706B33CE30DF7EA141332F1
:1012B0001DF80421CF0508160FF8FBC4070F1518F9
:1012C000120D0F19D62DFACC0B0202311407161F7E
:1012D000EC0F0E1E2A1A0616DB03BA0B060F172593
:1012E00005FD0D19FB0B1F364CB8F6CAF915061C87
:1012F000F5150019E7FB0F030AE8DFB1FF0D4A2AD5
:10130000022319001013010CEDFF210C38E49F2774
:1013100020FEF500060EDB30F0F801E0291B270562
:10132000F3ED201B49071D1902FB172407EDF216E8
:10133000092EEFB801570CE6EB0D1EDA112CF3CC99
:101340001F0C0D0A0A2A050F0E38FA2321FE140D70
:1013500017EA1B0516F6F7227FF2BBF5F912FBF828
:1013600009FBEA3B0F05151C1D110909F0F71C0FBD
:101370002CFC1F13140811162307FF29151336021E
:10138000964CF4FEFDF30AF81D2F08B3021EF1126D
:10139000FCF2F10C212B4312F6F91708151320F07B
:1013A0002415190A71E644D02703121924FFD41B0F
:1013B0002318E40B1BF31E04141BD92815FC25FC71
:1013C000FE08251C1D051B11FD1EEBFE25182B110B
:1013D0001716F11D19E4D60301FB23EEEDEFF73CE0
:1013E00000E2160849FBF919260E132404F506F746
:1013F000232CA831CCEDE214F608E80826FD1C1BCE
:1014000002FA20F915E308273125FB0C2616141AD9
:1014100038E10B2A21F5C320F10614271722241ADC
:10142000E0FFB6E6F8F11008101D0D15C8C9071940
:10143000F3C922FFF2040B2500FCDF1E2DD529087D
:1014400035E004010208F5D31CF6EA2C0205FF0082
:10145000182A23EDFE24F6F4F81AFC1A09F52E26B4
:1014600016FBF702D844FF1D1705F9FA1E22DBEF21
:101470001E05E5FE1228D113021906F8F7EE16082C
:101480002C032607F908FAEEC936220FEF1725D7E5
:1014900016F2CD1EF0ED3530080AE1163A6303CEA0
:1014A0000AD4D7EC0ECDE9F2ECEBF7130019F6E213
:1014B0002915D8B40FDC19D70DEF0D262200FA0A32
:1014C000081609EBE2F52B082F400EEEE4ECF903C9
:1014D00011E719FD35BB11F5FFE4F6FAE9F1F10466
:1014E0001F062D1D25E7FFF9EBF2E6E614F71CE9D0
:1014F0000E04F1F4F5F7E61500F7C0FD400A052AE1
:101500000C0D13E5083336FCFED8E414EC11200171
:101510000C13131B06FBFC262E1700062E26F406C2
:101520004BF60B0F11F40F10F5FB2A01D503160A29
:1015300007161A08CF0DF8F5EC0B292CF7FBF3046E
:10154000FFF0162327222914BCED41EB190705FCF7
:10155000E308F9011218F20AFDE0FE0CEC1506F59D
:10156000F3120203FBF5F80F0A080DF9F8E6400A3A
:10157000EA0BFDF6FFD715FC101B0AFCFCDBEC0E9A
:101580000AFDEBFB21FA08F4F2E4FDF2F8F7090991
:10159000DBC21F111723EA0327F115FA021E1121DE
:1015A00001E20309EC0A4CF6FBF135340603192F6E
:1015B0000D0F150E0BFB042836E80670FE1D04D92E
:1015C0000E0FF424E7EC3A06F100C9142A01F5F0F5
:1015D000F202090FFF0AE202001CF402E8E607D853
:1015E000C9EE1CE5060204F9BE1A16F620F910F23F
:1015F0001CDD10E1F615FD0C05F6EE07F509FF06FA
:10160000050519E7AEFA7FEDEDFB0BE61228E513B1
:10161000FE541EE6F6F8E11B26F109F8FDFAFF215B
:1016200008030FFDF3F2FB35130FDB1421D6F3FD96
:10163000F9E2F91B0EF0DF2DFA150FFFE6FF300E71
:10164000F8080825F208F3E90C0A05F20316F1067A
:10165000012A0A0CCDC906FB1D0703CCDF2BF50FB1
:1016600020F5F8140300110AFD1D0211F11402FF08
:10167000EEFE09F606F4021AF7033AFBFAFBF21A39
:101680004CC4C113F40D0A1A072FE9FC24FFCBF850
:101690000609FD0F23020B070FE3080EB0F720D851
:1016A000E227DFFCF1EA25B724070D0CF1F13FDC5E
:1016B00001FD02CD13120106DDF311F8DBF90B0D6C
:1016C00004071BDFFF16061FFF1007E333EE381376
:1016D0002B2C221BFEFBF50B1B011AF3F8F5F6ED84
:1016E000FFF60103E312191F04F2341204FD0DF397
:1016F0001EEEFB24331033D9FB01D04546EC0BEC36
:1017000007F80AFFE7F906F1ECF93019130EDCF6D9
:10171000FFBF41D4FCFC1408EAC0180EF22AF5EF12
:1017200012DA0E19FC071B0E0021030D0EF00FF844
:101730001415F3FDFC012E00E624E3FCFC0BFDBCBC
:1017400002270F010CE3F50FF026EDE5EA23031065
:1017500002EFEFE103F6EEFEEFF2D3E432D8FA0F38
:101760001109020D16C2400D1707D90F1D12DC0218
:10177000EFD0F5EE0100E71508FB0008FA2C0E1B70
:101780001A4E25F503FCD7F0254112F8F8F7F90FAA
:10179000DDE5164215FA0C070713270B0DE31103BD
:1017A000FC0B09040107FAF93919C72B3EFFD012C7
:1017B00012E7ABFA22180E1C230103FD06FEE8F225
:1017C000160005F9F80505EEEB1608021709E3CD3A
:1017D0000CF708E2F8FFEAC22C001315FBEDE90351
:1017E0001B03E9F940FC1805010C05FD08150C0A5E
:1017F000111510BFFAF7110304240FE904DA15EDEF
:101800002A19F81D1CD0F11FE51505F61A0D080A56
:101810001A0E0709F309161BF63124110F170209D6
:101820000BED1CE82929FB1C1CCDED21F00B02F36C
:1018300021FBE7E9EBFE14F0F3F5F1F61F0123318C
:10184000E2EA2DF1FFF2F911E2D33B0E0630F60D7C
:10185000F700250A03081A0FFF0AFA00E803FB0A3B
:10186000FB0314FBED210E35EFF600D824F3C70C73
:10187000F5331B0B0DF6FC22F002E9020228DAF325
:1018800000F402FA000420FDFF16B01B120C020740
:10189000041B25F7082712F327F415EDF1EB32139B
:1018A00002140210DB00F0EFE9FA0BF3F60B020D65
:1018B0000F22D4CD37FEE4FDEE073A9624270C32F2
:1018C00004EAEDCF0601E7FFDF0F01F9FA090BED9E
:1018D000E9171FFC09FC5CC9082206F1F9F70005AD
:1018E0002608E2AEFF29153F1AFFE726140E1BF962
:1018F0001E1EDEEE0806F704F40A231BCBDA2F11B6
:10190000005AF1ED0C0B04041CFB0DE210F8CB03A4
:101910004F1414081306060B05F7FCEC140A2200FA
:10192000F112EA20F9E311FC0F1008F0E5D20302EE
:10193000F41904E6F12F2EF319230AF614F00FFE22
:10194000170D09EC01151DF5182035E30C0D0B1BC7
:1019500008FB2A322005E3CBE8DDC92FF8FBF1F4C0
:101960002F1BF3FB132E17092519130A0717E4EF92
:10197000BA531143173426EB260DD719E916EEFB9F
:101980001135BDF5FE24F609052529041F2607009B
:1019900005232E0AA604D43EFDFEF5440F17D3D22C
:1019A0001B1A434CE907E2F1D9232B17180804FA54
:1019B00016E5F2F8F526F1DDEBF9F4E6F8F3D0FFE1
:1019C00022E7EA0311FF4F2ED2CFD1DE2D402E3277
:1019D0005B0C0118111D030207FCFBF01516171A0A
:1019E0000C1F411B1B150BEA2715FB410A08D400ED
:1019F000142005F505FF162F06071BE2F70B241729
:101A0000FCE72D38140DB301CA1415EF043A431B3B
:101A100014D6F322220D28030801E6E01F11161B3D
:101A2000E6FD07F0EAE924F1F7FCE0F4EFE5151034
:101A3000180136282126F9BD373CFE5D2621F5D652
:101A4000DCFF131C05030D13FDE900F7FF1DEAD8A9
:101A5000E5D5DCB7CFDAC4202214DC28EE0C405BDD
:101A6000ED221504574FD91C3DD81E1A010E20FA3D
:101A7000F9E500D4F4DE0A08AE211736C10438288F
:101A800005042F291F33351019020B0DCF0C1BFC39
:101A9000F9E400111D0CF1F0160F09ECEDD7E11B74
:101AA000BD3D08012D0E1ACAC61F2A1B053E04F1B2
:101AB000CEF6BAEE142E19FF3F12F8E7F314FD0A22
:101AC000E8D6D7E802336EDABFFC080DED122E0E11
:101AD000F77F0AC0F317341019202C15EFC7052B18
:101AE0001D2FCDE7FD08050327F70F1B39E2E1E9BC
:101AF0000A2EF2E60E2DC0263C2723DB29EFCF115C
:101B000001EF02E9D817171EFEE1FA2124E9EDFDE5
:101B1000F3CC4B14FC480EEB13F65215BA0A2CFB0F
:101B200003481ED8F0E9BE150DF008F2FE34EDE2D0
:101B3000F61129FB00F00C15A7C51535F9F6F5DCF3
:101B400054419F16FCF8D0341FDB0307FD20070724
:101B50002CFE1407F4DA041D431FF80B2FB7DBE348
:101B6000221B0A13191759BBF409AD32163407505A
:101B70000ABF060DF92808F11FFF032906382C18A3
:101B800024D7C530214F070C0BE1F9E2160D0DAA41
:101B90002CF7380CDA1FDDE4E623E8E90203192606
:101BA00037EDE5D0FF06E801242B0CE79316521D14
:101BB0000CF906C626390D12CEF22F05BA28100DE3
:101BC000C6CE031A10F0DAE9EE171DCCD4EDD535E8
:101BD0003D4335220B45F80B15A1D64C200A1D407C
:101BE000E8EC06DB0808110EE1FBFD0FE8FD24130D
:101BF000120C0FF1FAC3E6D6020A062E2722FF4581
:101C0000F01E3E31E54614EDF5E4E91313041DDB47
:101C10000C04ED05E9F6FCEA00DEBA3203E2BF1778
:101C2000FD14FD283ACB082BE7F0FC171DF84914EA
:101C30002D061417EA01151429091E14FD0FF511BC
:101C4000193DFE0AFB0C0829C3DC2B42045E28D494
:101C5000E5FC32ACE22FFAFB00EE10F60A18EDF3C9
:101C60001D12D3FDE300FCE62AEDF5F3EAEB0EEFDF
:101C70003D3D9AD54D27013713E9D8FF0DF4060FE6
:101C800007150B2DF3E6D9273115F508E7CD0756D3
:101C90000425F62B2BFF49E8AF3E4329392A43DDC3
:101CA000E3D3FD0A1905F200FC0AF1E3092309F563
:101CB000EDE2B3FCFD51C2ECEB2019D8E80DEE26A5
:101CC0001028260CE3FB3919310D1B2EF3F304ED1C
:101CD00028091BF61421E51CEECF130B0EFCF92985
:101CE0001A1F23FCB823330C21272ED2DFCBE11B94
:101CF000332003F8E921E5D8FC070511E3E2CE1C07
:101D0000D913E7FD141C252046DAE42B300E221CE3
:101D10001FD0EEE4FA0530EBF620F805EBFDF731C5
:101D20000AE3F7CEE7133EE201E40D13070EF2F9E2
:101D3000E136432A24F8C6C3C51EFD022CFAB3E0DF
:101D40001A060EF2FC003EE6D4FDEB284109FEED3A
:101D50003215F605E8F4F72210372AE1B7DD0D4F0A
:101D600018F6E4DAEB0CFF1427E5D304270BEAF7A7
:101D70001421A2CE7317FA0926F46DEAD6351E088F
:101D8000E2FE1D1806D7EB0E02EF0CF22913F0EA63
:101D900001290EE103EDC81D24230F06E2BFF04721
:101DA000A827F2D7293D2F24EBD516EEEAD9020752
:101DB00000E8EB2B0C3001E7F5091615D1E02CF00B
:101DC000DDE83319F64309D33844F1141906E92D37
:101DD000E213E51F09F9E2EFD1FF242FF21308F413
:101DE000F4E6554335F1370601FEFBE40BDE077DD3
:101DF0001205C2B02F190A0E0512E7ACE7EB040D6D
:101E0000FDF40D1A18CAF5FEF524F3BCC91823EE2B
:101E1000B9D52A3815E6E2E1DCE15D21043E24086B
:101E20001B1509251AE703F7F9FF13EFF02FF80147
:101E30001A0116EC23DD2BF1F33FE61E040BFB1514
:101E400010BB413B0506271E3C07E9EC012E273459
:101E500033073032ED19211611130024FA0F1FE950
:101E60002BF80CFBEC00F208E3DC100911F5FAF298
:101E70000C1AF905FF0604FC141C63402BF2F9EB65
:101E8000E7FCE0E3001B072DFC13FFDF100D132020
:101E9000F3051513D91321FB121619FCF3EB0C08EB
:101EA00018CC0DE912190D16F80A31111302D710CA
:101EB0002BF6D9E3120DF5F4F004FEFAF408150A36
:101EC000131B040B2AE8DD02DB0E28081F0D1CF88B
:101ED00011001405E8FB1FFB030A27F7FD161EFD82
:101EE000DD07011507F5EAF014080F1E16FE230C96
:101EF000020A140BEC2117FB05ED050C02091F1952
:101F0000F0EC010A1AECDE0CF7FAFDF10507FF0907
:101F100018327FC136FCDBDCF8EDFDF5F6C62E206D
:101F20003DE1FAEA2E3B24FFF805E2FAD701271833
:101F30001A0BDEEED6F602FB1C01E8310921271B45
:101F4000F5FD05E907ED2013DE00081706D50E069E
:101F50001DF9FFED0003F2F613050D09F50FE01C66
:101F60001929210A100601100709FBE52D1613FC9B
:101F7000F9E50E07230026EFED061118FB0B1104FF
:101F8000F8060216085758C418120B00F8F0FD1F87
:101F900008D8FB131D1F100301E80B19F402E0FE23
:101FA0001803EE092020EEE1FEFE19E4FC1B120FDF
:101FB0002F280E0B0B16C41FF7F90CEC06F6F3F5E1
:101FC00003F805E1F6FB04F6F4FEEF1F19E7FFF353
:101FD000C7C8F5261839081A0B0DDB1C082317F59E
:101FE0000010F2FA1FEAE013081304F3F70CFE05E1
:101FF000081B20FFF2FE2AC802EC0F2C0BFA09097D
:10200000E513F201EF0E293E1803FE06D602FBF897
:10201000030601D5D5FAFFF6E2F4F905351B2BDDF1
:102020000B1004EC11120547D006432D3F1ACE21A8
:10203000100716F1FB300C06E907E90E0AF61BF44F
:102040001F0BB433EEF806090C03F101F1F832DF8F
:10205000C2EC0C03FDEA15D5D6E2FBF7FEF62F0520
:10206000EA03F4FF13FCE4E2150C45DC0C19E3046D
:10207000DD0309D20016E53603101704FC03131B19
:102080000003DBF7FCFEF9F708ECF6EDEDF8D239CA
:10209000E6FC37091A191F0826002102E8F2F71E8C
:1020A000F806EFF1F3FEF814F0F4F1E901EE05396A
:1020B000FE0402F9F61811E605180722231A110A80
:1020C000EE08241001ED20FD03F3FCF5FE09FAFFF4
:1020D000E2F20506F0E1061306FBDD6424E30108E5
:1020E000E817DAFBEF141B0F0B0B24E6DA21F6F5E9
:1020F0000F0816040A192AFB0CFF03110CE90BEA5E
:10210000EFF2FCC41F0A0A15F21C0BE8E922CC35D9
:102110001C270DECEB0208FD04E1EA0A0301F1FFC4
:10212000FA1CEFEFF9E9E3EDD6E00524F9102AF403
:10213000E92EE81CF7F8F10727F5FFE0EB03FF268F
:102140001CFE02FB1EF2FF0C2AF50516BF27D71254
:102150000D0908F5260800F9031FEB280F1CF903E9
:1021600014DD08FE1110FA07010503F3FA1A10F640
:1021700004FDBF52E51C051319FEE9ECFCE228F250
:10218000F9EAFAFFE91EEBF42B1410E314F4010D45
:102190000B00092B0C0FFCF9C8ECCE0EEC1602FC60
:1021A0002B07DDCBC627EB0EFB2E140F21F4F3FE1D
:1021B0001003D8F90211EADEFD080A01FCE8BC06AA
:1021C000E70222FF1B1A2AF431F21C30E10703FA5E
:1021D0001304F7EBF3E92CFCFF020302FFFB00FA08
:1021E000FBF7FDFCAEDBD717F31903FB16151A1C22
:1021F000E9F714E4F0F305F7EFFAF50522EAFF0634
:10220000F117E8F7210300ECF2F61BFCD4000E0FE7
:1022100008EA1713141804E7CAE602111802BDDA17
:10222000FDF801F7110E0BFDE40E0F0022F5E6EFAD
:10223000D40234C22F2D011B321015F0C510DD1E43
:10224000253BE1D71C0A00F7FB1D06EBF406F7F36C
:10225000F92E01DFFBE8D0C8E3D2020310EB130E26
:10226000031B12D702B010F40400F6EBBC2FD91AEE
:10227000F312071809E2E9FC0B16FBE8EBE2F900A0
:10228000F0D80602EF03161EE206F522F4EB232A2D
:10229000EDED16102104D8E4081B140219F7DE0432
:1022A000F7F906D939E022140719070902FD07F4E6
:1022B000C909F625DEF30102F219E6EE12EE07F681
:1022C000DE082B1AFFE6DAFD1629DDC6F1DFDDE4B4
:1022D000C1FA10F70F17DE0617361F0EE3080E17A8
:1022E0000BDCED2323ED07E5E5E9DEDBFD1B070C49
:1022F0003736F8ECFF16E900FE1BE90C0325EA1956
:10230000F0D8081518F622FF260B02F310FBFC1B71
:102310001D18E9021943E60607030D17EAE4F11157
:10232000F6E5FAFDE0F7D8EE0E132BF5E8F0F3F83A
:10233000F5F01FFC082123FA052C5ACFBB11041716
:10234000F50EEC1513D2CEE43D1BD112340433024A
:10235000D606F30C180B2E07100005ECD400160659
:102360009EEB02E7B435D0D40DDF0A00F726F71F45
:10237000ED0E441405EEFE0C4212E01F360BF9067A
:1023800023F60C2428D4EB34000AE209FA011EF7E4
:10239000FB201CFC0A0D03FDF9D7F81A242709E0DD
:1023A000F1FCFD0708030411FC05FA1249D7FD0CE6
:1023B000000A3024E6EA09F802D3FEEAFEE2D6FA81
:1023C00020340819D5EF081321FE0F0D0318FEFF66
:1023D000153CFBCCEA13FEFC112BEE13FFFC9E0B0D
:1023E0002007DE11F6ED11DBE8FCD3E4F30306145D
:1023F00033F810EDE3F6E41634561FB8170CE91C59
:10240000F0FF2D0016C6E9E6F90F1FEA0C23FA2C9F
:10241000EDD305F909E4380CEA0E07F8FE1C40F785
:10242000010000131F0D0BEFFB1AD30DFBE006E2BA
:10243000E304F434190DF72308E4FC180BF7F80A49
:102440000B081C2A6C7F8BB93206E40229FB09D5E4
:1024500000D30EF20AF62DE4E7EFFC072AFFF4049E
:1024600029060D19F80CF3F2E8114DF8D5260902EA
:10247000DD1C1C10FE1F22D7FF051C021FEC15E5FA
:102480000A182603FAE0DCE30200021AECF300D497
:10249000C03666D90DE8E8F51408D8D60FF408F66A
:1024A000F8D5F8FBF802231522FBD1F812020F171A
:1024B00006EDE105FCF317BD422FF71CF53B10EDCF
:1024C00008F20720FB39FD0035C7E2E6C9041D26E6
:1024D000F7FE1D17E7FF15E20515E7F960DAC333CC
:1024E00026F5053BFCF5BDFFEE031236B5FCFCFD01
:1024F0000124F84E2AE4EF0A39F71F0447EDFF0BD9
:102500003B15D74C3EB20C09150629190C1122E6D1
:10251000E90D112C2520010913F7E93FEAF1FAE052
:10252000FE190C1613FEDBE03A14C11A2010F11448
:10253000F40B2A0EEBC11421F30F170619E70E0A4C
:10254000C5D3F807FA341B1831FE0819E9F01A1B35
:10255000CB49CFFE0F102FF007FC1BFE1404010720
:10256000FAE1E7042F2A12D70EEA1DE81501FB1045
:102570000E14FEED0026081813F4FDF91D2CF0379B
:10258000B80EF405050BF10FD905351939F9DD1F22
:102590000605F70B08F1FA0808166244D60E21FA70
:1025A0000B0ED8B90C14F5E0F6E6091809DCF102B7
:1025B0000800FA21070418020C2911F9FDEF080F91
:1025C000EC88F6030811F5F415F8F016EC20F20B80
:1025D00025FC17F2FEE1FF0B1014EFECE9390FFDBB
:1025E00008F0261103E1A03553EB28F2DE0D0B189D
:1025F000EAEC18F7F71CFFFD2105D103F0FB22F3ED
:10260000B72A15080300020A17090901012E100E46
:10261000EF28F4122FFAF413E5F5ECEBED09F7DEF1
:1026200002072C23E4F3DCF40DDD08F3F8EF0811C6
:102630000EF82E4DBF23EF1CF40A25CE17300C08E0
:10264000E7FFEA0CE422FA26F612FF151304E6F778
:102650001411FFF91DF308EF2646F9FF00020302EB
:102660001BF1C34FF9FDF921F624E017101E2708CE
:10267000EAE8E41211F20506F407F221FB1106273D
:102680001828D717F8112005D23BD7EBF8F6E9FB4D
:10269000FE01ED1D3A31BCF3EFFAF9070DFAE3FF45
:1026A000FB1FEEEC02F142C72EF2050B0724F8E403
:1026B0003EF80B0C0A00EE000D17FF0525C5FC3790
:1026C000E7E511FDEC0C2DEAF2FE3F01EF0805FAFB
:1026D000F50CD62D140EFBD0101419180D1AFF0C82
:1026E000BDB10A2833DCE2F4160912250DF8E6E83C
:1026F0002000D148F622FB14040EC3211403151B3D
:1027000011F312E6F1EF023B17E6E8F50F04F803C8
:102710000B05EB161CCD8A181CDBFA05E704180F15
:1027200013E3FB3DE4ED1A2E250EF4FDC3EA015E32
:1027300017D60C19E5EDF1011717E0E36D39CDF669
:102740001601F716EBF0DAF41BDE06F7E6112C049F
:10275000294600DBECF3FF1AF8FE11FBE3F3E6F584
:102760000EF43738D3DDE8FDE813F60E234CEFE224
:102770000632EEFBFF001F25290AE40DDFEAF30213
:10278000EE0B1411FDFDE1E800ECAEF50F270BDEBA
:102790002A00E1EEE70F4BFAD222471018D7DEE409
:1027A0000533FF2028313305FADA01F5FA19013231
:1027B0003DC4E70AEFCF0BFBF5EA34FDFB2841F7F8
:1027C000F70FE5EBFFF74136F3F50B18E4FE1719A9
:1027D0002A27332B50040DF60B1C05EFE6FE210BC8
:1027E000F4DF0D0CF7110914EB00D5DAE5DFF10980
:1027F000EF19E30DF50110F6E4F61A36D3F22020B6
:102800001408FD022AFC192818FA4324E3231A3578
:10281000451BF908202F1C052B17312840271A1EAD
:1028200015EEFCF71F132B0AF0183043E7F1590897
:102830002303D61806FC0AE3EEE0DC11F60E080EC0
:10284000E1E3F2F80E1D5A03360BF41310EEF4EC2C
:102850001736C81A020ACA0D191B2815DBBF000655
:10286000E6F7F5E7D5040CF91218FDED49FE1C0C4E
:102870001BFE02DC111305AABD0105D6F8FEF4EF1C
:10288000E6E0D7030C0C00F4F6EDF8F2EC1DF3F1E2
:10289000CEDD3555A9DB0E0FFD090C140E0AE61925
:1028A000C6301D09D42F2C3B0D2111051734F91505
:1028B0001E082E31330F23EA4C21F4C54E0CFDF1D6
:1028C000163520E0CAE60A2B0DEB0ADB13F0FBFD00
:1028D000D8FB06192311D707FA0C1005F2F60AFEE9
:1028E00009D51221EDE1F70707C622E808DA091831
:1028F0001FF20FC7F83A07D2EEFE02E3EFECF3E85F
:10290000FE08F8F11FE58147FE0107362322F71A7A
:10291000BC0439060726DDD72119F5FB293B12EB4C
:1029200037E0FF15FEEC1539DBE409FA15260F1D1B
:10293000F40D2F2A111A16C90DFBF61FB7FCF9F377
:10294000060E07E61BEF22041509FCF731290F1FBD
:10295000A82DE355301001260F08110CE3BEF7FE39
:1029600024D8F0EBFAE6E1DFE81D1103FBEDFFF000
:10297000FDC6D6FD0BF019C8F03B18CEEF2F0D1B8E
:1029800032FA18DAFEEF3131DD532D12F9EB15036F
:102990001CF608F032120A2B1A1211FDCA0471EC4F
:1029A000D4E318F4F8FF24D1C3E6E4DDE725EBE631
:1029B00024E7FF001540FCF22804DDF3DEDA1AEE0E
:1029C000C90271F7111122151A28220345121A2083
:1029D000F92A09E537F1E3FFFC0AECE2E22E1B23BA
:1029E000EDE7F5EAF6102340F213C90D19F7E10FF0
:1029F0004D2AEE06F3FD06E11616CE00EB2423F772
:102A0000E2160B2A20CE24E6DA1E20360E13E2C789
:102A10003B0ADFFC10F2000A221BC7110A0BCA0294
:102A2000252114E6D105FA14E4070D0BE120E2DDBF
:102A3000F4DCF404C8FE5C3208FFFE0606F903E18C
:102A40002ACBF70217D8FD0C11ED13F5E40807E0C7
:102A5000FC0EE5BC0A1512F3F5D87BB80501D6F0DB
:102A60000C180DE606ECDC060DF3151F1E13041AF8
:102A70000C14FD13FA19FB151914FB1B1BFCF413A2
:102A8000DAFDE73A3E09FF24212FFDDCF2B816F407
:102A90001035BE0E020919081625330B2AD7270C4C
:102AA0000D1703071203FAF7B53D0F24F01DE62CAE
:102AB000E64032BD141419F0161D31121DC8EA0C7F
:102AC00025DF1B32FD07FEFAF6EAF3FA1D36F11395
:102AD000F50310011A09F208D6F515250FE5B1081E
:102AE000F701EF1CF710EB030DFA1200E40AF9FEF0
:102AF000F8F05EE515E1130B07F9D3BE2A3A02E8B8
:102B00002C301A102A170FF8EC020120DB1DE711F8
:102B1000E7210E0208252610E222440417130D16A1
:102B2000DAE5111243E1F3F92EFCE9F7EB08FB2398
:102B3000042FF0FBF6DFF217F5181614F702E12464
:102B40000906101A091B09EF09FEF20A20EFE2013B
:102B5000E506F406FCF93F0A00080BD5EC08EA0884
:102B600012FF0708E02C252013270F0A1C29E82D47
:102B70001A1CF60CE105480410E5DC07F0FADC2528
:102B8000F42DE6EF2515DD1900F5771B182B0F1B2B
:102B9000191D14120F4D26131E14D9123CF121DFFA
:102BA0000D15FDDBF4FF240DE4FB07EF0C0D0F16F4
:102BB000AACB4F370A2B181805F5641CE6FD1CF14B
:102BC0000934D7262AE5E308060D28FE35DD051A67
:102BD000DB092D11D8001949FCFA16152C2A28FCFE
:102BE0001F264C3CCA2428EE12361138F91D180B4A
:102BF000DA25F1262D240502C6DD0B1B3B2EC61C53
:102C0000E324F72318170A50F608122E030D29D2D1
:102C10002109262C59FC05E10F1CE2064606302C42
:102C2000FBF81F1420250B2D141A042C223E200023
:102C300035E31E4BF9040015040302F6261D23FCA0
:102C4000142FF207132C191A4BB7FF1B1F09F13E63
:102C5000351AE5CE26FC420A16321D40034217EF14
:102C600014291F0D000F282D2927260AFD0CEBC261
:102C7000FC14183AFC31F3C7112813E130FAD30ED3
:102C8000DFDB3103222B00E71AE0E6FF1D0415EA23
:102C9000E306EBF2FFE025202C211119F7FDE816E1
:102CA000F625ED06FDF7F31317F3E6EC0E0100220F
:102CB0000FFC220D1A131704F3019E98EBF50C0379
:102CC00005FF0DF8EB25CF16EA112700F622F619BD
:102CD000340610F8E6E3FDF8EEE5D2FEE2FDFE1D57
:102CE000F84C41F9C2FDCC020FE6D30C33F8FF1AC1
:102CF0000A0C140006FEDD0EF30EF71620FE130577
:102D00000B06F4EA03F14E06E129250715F2EBFE66
:102D100008E41B230203DBF9F910E6100CEBF913AE
:102D20000F02040404100C0E09F1F7F5D0052C0E67
:102D30002C1A1C02F7F910E7280B00E5FDEFFCF454
:102D4000FD00EC030C0C002D00EA1013091309F62A
:102D50000C24B2F5E3012012FC1E08211B22CC3604
:102D6000E501EBF7FA19E11733FF23DCFAF7D4FE9C
:102D7000FEEAFFFEFC0405FDDFFCF00B25E2F01986
:102D8000F3091D21143A0C000817E80BEDDFFAF1E6
:102D90001813F60EFDF220FB2204FFE8F309FB12E4
:102DA0001D27201BFBEB000224E827E0010007EFB2
:102DB000EC37EAFBED21060A2418F5DE16020D0EAB
:102DC000FAFC0D03CBBC8162EC04FB1CF006DDFFBA
:102DD0001927D61FF5F9F812D90617FA1FEEFE1AB1
:102DE0000BEBF0F5DF06EBE6050906F0CC06F3EA9F
:102DF000EF03042316EE06261EE0F710F3F5E40EAB
:102E0000F106F903FFFC1C1506FC0EF302060B1578
:102E10000AE3A9F1EA15151A090716E51B1230F4A1
:102E200002F3FBF1F8E1100AEC040F0C1B1CFCFD93
:102E3000FF090B14100EBF063F03FB0322FD110C0C
:102E4000DB0006EA33E00DE42309EAE5F40C05DCD7
:102E5000FA1704F001FD07140DF3F41DA82625E26E
:102E60000C191C0DE90E0C08F70F04F21A19E0EF0B
:102E7000E6F4E212F70E0A1E01E2DCF4F91CFF1779
:102E800005EF45EDF9D3F8EDDBE21AFC0E11FFD7A3
:102E900022FF010A03DAF0C0FCE0E918FF19E82379
:102EA00024EEFA0912020DF8CDFA9A09070EFD0177
:102EB000241CF7250105E9101DF20409E3F1FC01CA
:102EC0000C01FFF5FDF00D2BFDE7DD090D201C13B6
:102ED00004290D0715E81708EF1B1510F40ADB1776
:102EE000F5200F180B0302EE1C1800FBFA1A150050
:102EF000FAECF90F1F230F080603011317ED1A0B45
:102F00002C2917F3060603F9ECF2FAFAE50B12097D
:102F1000250C0DFDFEFB09151CFEC6B8042031EA88
:102F2000FCEC0502E0F424E304011402FEF40510B5
:102F30000CFD0318F623EC02150012F70BDD0D2132
:102F4000E1DCE316FDFBF0D836220E1B13260BFF47
:102F500009FF0208C613E01BFF0EF7000EF8FEFE85
:102F600001DB07FA06121843DEFBF2FDF62101FE33
:102F700008E4E91114E9F4090601FAEE1206070261
:102F8000EB160B27FAF5121D03090105DEFCFD1EE9
:102F900028141C0EF223FB25EB21FB10FD01F0FC95
:102FA000E6F8E505F2FEF5F80F01030FFE0E1A0133
:102FB0000D2624DF0AFD1E0AF9EFEFF8DCDCE9211B
:102FC0000A1CEE0A1A3F2B01F409FE4E03FE0C0206
:102FD00008E5110200F1010522E5E8111C072411A2
:102FE000E7FB101BF61E170C04F902F90505020792
:102FF000F9F919EA050901FF06130013F8F30AEDC0
:10300000EA0B151407F7F31726FD23F8E3090E0161
:10301000E204F8070017E706FF0B12EDFC090B0CA2
:1030200011F40E127306E0F410000DFDFF031623D9
:1030300017F52BDE05F81EF006FDFF0AE1DD15D8B9
:103040000D1416F9FB0CEEFA04FF2FFCDF07E1E28A
:10305000E3F3E50F0F100517F9F9F90AFBF7BC0DBB
:1030600010E3FCF330E9091119FFF504EDF404163F
:10307000FFD0E53FCA0C0EFEF513F01B130206034A
:1030800003ECF01DECECFC20FA00F90B17FA050B31
:1030900022F40E000BFA214E0CCAF7E7ED24F0CD16
:1030A000182604FF0D05F4050B0501EDE30F0615C9
:1030B000ECEA11271802F80BF600F1150AE9BC1228
:1030C000F7D1E916FCF90122FC2121EC1FEBF2DB20
:1030D000E6FFE2DA3324FEF2EA14FA11F110F8F313
:1030E000012DFCDAF517F5E803D5F60C14001609E6
:1030F00027F216EDF816B628EF012504FFF203FDBE
:103100001E0604EE000D0A08ADB7130D20FD09EFF1
:10311000120BD3F70206C91C21F11F23F220180459
:10312000F4FAD5030CE1F6F506DB07F1071B251DC4
:103130000D32FFEC00F503F2DEE4E6EB1A05031AAC
:1031400020FBFE020F03F7FE2618EA09F901160616
:103150001210F7E5DA1FD411020EF605013128230B
:10316000CFE9211E01221731F0091D0DF232FEFBBD
:10317000F20B31290207F403D5FF07D1122B0815F2
:103180000903040B11C524F4CE0610E718DE04F27F
:10319000F6E6ECF5F51EF6EDC8E12E1F31002D0226
:1031A000FA22F4DDB2080F031500F2F30DEB1C1147
:1031B000BFD8D51542F3051921DC21E8F7EBEA2346
:1031C000F414DAD4D9E9B91BED42C811E311FC12A9
:1031D000223AF0B3EB2C19252A362DEA2EEEF8010F
:1031E00012F723FF18342CF400F704001BE6E20268
:1031F0001CFD180E1D2E270DBC0C2318081C2025A5
:10320000141C1518142C0000D4332E2AF9F6FFE0F4
:103210000C06F61B122C250DEC1CDD01FAED19E64F
:103220001BE3ED120CDCDDE50210FAFEFCD510C547
:10323000D9EE21FD12292F0DE10EE347E827050302
:10324000F925F436FE20030DE61D0D1CFE1A0F1F96
:10325000F201FB14DE0F2F1424DA0EE31AF700E557
:10326000053CEE0B081E0915201DD61B131D212C35
:103270000F30F428FA210FFCFF02E8FF2B1CF001AD
:10328000F6140BF2E8F7CF2A3521ED20DC06442CAA
:103290002EBCE7F5140A1E29EBFDFA0A25101CDCEA
:1032A000DDEDFF080A14F8E21E0AEFCDD8142F3224
:1032B000F8F90CEA010C3019CDF6DFFB2108F2ED2C
:1032C00021160610F8F1F704091402E0E8F90804E1
:1032D000E0385ECF4B300EFA050A233246F4E11691
:1032E00012111913160810121AE10F07ECF5F42346
:1032F000FF032901EF18E51023FB23041AE507F566
:10330000F72946F0ECE3FE0BDE0418170EF900BCBB
:10331000E90DE5DFF8170F05181000F63891810B5D
:103320001DF80BE60A103FF6E7020DFE31F5F81B1B
:103330000019EC31FC320D120DFC1D11261E14E398
:10334000CEEE37CBADEEE112EEE3F808F403D03663
:103350001CE6E4EC382B25DE4D5019F1E714F81D7E
:10336000FB08000614F0F007F0A508123FF143EC4B
:10337000F7F5FFE71A05D4E5F6FF19D1EBFFF418CE
:10338000FFF5E40CED0AF8FCF7EAEAE40A1BD014B6
:103390008B49EA27D80BE10E2A370FE1CC19F80D3B
:1033A0001F18EAE92F03F4120DE011FD0D0511EAD3
:1033B000F7EF08F8EAC4110C3B20F40113000431C4
:1033C000D60BF4EF210A050A2E08E5EC261108F9C0
:1033D000FEE0FA3D2A1A1FFEFE073115AD5B101BF9
:1033E000F9160D3D374FC539F91126151E1AEE0293
:1033F000062BFC4AD4FCE21AFEFD09ED10F71B0A6D
:10340000CCF2011A15E617D8C8E7F9253E9DE7DD8D
:10341000FE00EAD101FF13070D0DF4F90C04E81CBE
:10342000E9E8F109F802F4CC15BF2803D7E90DE368
:1034300001161D19CCC2100DE72C1B11EBF933FB43
:10344000FC22F9E80CFE1B16FDF70EEBE2FEEF3F47
:10345000E016D42AFF0F2A2C1CC9F40F11033411D3
:103460000FFB441F080C1D0902F70E202CF4FEEB85
:10347000E10BE532BF4CCA2DFF3C112CE82BBF2DD0
:1034800025F1F1EC001E05F308FDDAF017FF09E95C
:10349000F70CE809170A1EF7E403350F270600F8B2
:1034A00010041BF404D31D270F1B11FE0AFF271A5B
:1034B0001502140D130FED1E192A0D13E803B106A2
:1034C000035EC7F8FA07F4F93C341CBAE31AFE2885
:1034D0001015000A1823161532E004E51723250CF1
:1034E00019FEF6180ADA2E844400120DEE10FD10B3
:1034F000270BFD00E10B38250FF5DFF909FD00B0C2
:10350000070C22FCF40EEA15061117DAEFA504FEEB
:10351000FE01FFE8F7E4063F03E1F4210F1CD41994
:103520001D010AFA02260C021CFDF914F0F7EEE068
:10353000B52FB3401605E0FB1EE0261B57FCD91241
:10354000111433FE0FD918352304220FF3160A0F76
:1035500027E0F516E60E39FB08DAC70409E8EC2186
:10356000C5FFF6103DE6D9C2FC45D7F8C3E607FF14
:10357000E70608DE17F5F2F4F9ED011056E2B7138D
:103580002DF6111D0832F6F0103BFB21022E12170A
:10359000B8D5061017190011DF34FADDF3FCF8E690
:1035A0000E22EBEBFDD111B7F40CD5F30CE603D9E9
:1035B00020D6F8303ECEAE0DE50A09FF170F110FE9
:1035C000F8FFD9F2F5E9DE10DBF92821190A171DF9
:1035D0002AEAEE1D131BCB243AF500CDE23727076C
:1035E000F9F0F8FF06EAD00A081413363DE206297E
:1035F00031B505E8F8DE102D12EBD90723FBF21BDD
:1036000004F247272BF00CEF01E20100D7D6FDD5DD
:10361000F1FAD6CCC61CCB22F0FAED1214FBDA1963
:103620002BCEF832090FAAF1E1EBD5F0CFEBE6276C
:1036300023240021F3EB03D91A18492AEF04E40DDF
:103640001AF106351ED611E506FCCE02281E1621FB
:10365000341AFB2EEF0EE7EF1DEB07F2F113080013
:10366000F2D90B0D1A11D1EE0CF80B130CE12B2132
:103670000BE7F70807FAF016030918F82D24E1E91B
:10368000E7001710F904C9FBBFDB61E9032402F569
:103690000300161DE7F440F3E3D8FFE7EED1EAFE9E
:1036A000230609FC270D0201FB0CEA053EAA21CDE9
:1036B000C9FC05FD25E6E91C4AF2074EFCF411FAA7
:1036C000D0D10DE8FF10061F3C0002FC0D06FAE207
:1036D000FA144AF10DFED6FA12093622AAFC17E4B2
:1036E00016F3FD132A1DBD110F06E403F30BF600BC
:1036F000E010F6F7FCF007FAF6110131F4D03ED7EE
:103700000E1AE50711F8E6382D00F3E9ECDCEF02BC
:10371000F6D90A2913EC100B2C1A1AFC020DEA2216
:1037200086FFFDEF1F0C06F2E92D0116DC3C08FFB9
:10373000C8F3E5DDF516F8EAFE14131E2516E6DDDE
:10374000F0EE1D1358522CC0CEEEEFFD032FFFE01C
:1037500016F7EAEF26ED3C0D1B1B020AEEF71BFAEB
:10376000E11B10152DF5DC030CEA1BF51AF7E0B18F
:1037700003F8F4F125DD211E291D2D013CFFCDF0BC
:10378000EA222ADE26FBFB090905244312FDF0E1AB
:10379000EBE2A1CBD611070DFF1E29E8CB3725E8B8
:1037A00016011BCCE4E3DAE300D211E6161C04197F
:1037B0000E11ECFFEE0A3BC53BB1D415F6FDF60247
:1037C00020ED03E31B28F5100CDCDB352023D8E8C3
:1037D000F6E7FA3D1315001EF0F8E7D863B436900B
:1037E000D7F5FA05EF1D0DD5D322E32BBE0BF1184B
:1037F00006FD31DCDD0DF00A3707FD020FF6D2E3DE
:10380000F6F6CE48F935F70BE2EC121610F3072F57
:10381000051B1BFDCCFFEFEAF03F11FB031116E087
:103820001916062B2BF4100757172AD8B8E216F0F2
:1038300023350DE123F91D09F11435E8B1FF1029F5
:10384000011E1A06DFE11F2B26E6D0DE04FC00F184
:1038500047817409E60914E7F6D419161AFD33ED09
:10386000DDE0FBF8DAE4DCF10BFE0910ED01FF2FDF
:10387000E4030008D8F3FE00EA11F002032602F187
:10388000CC293609195B15E1E2F9E9C1DBDDE8294C
:103890001A2312DE02FBE4F2E9E31B5287E3DC1099
:1038A000F70C1216F0DE2740FC31E6EDD00E392081
:1038B0001FD2E419E8071AECF60FFDF0DBD4200F55
:1038C000072717D0AC020810F8151B02FBE54302CE
:1038D000F3244312F9150C340C202B1BE901EC1FC7
:1038E00033200903F6E9D608E406C3B619FFF3F559
:1038F0001A03E623FE38001DFFE7F50813F6E8EF8C
:10390000F2EA020219FA1B4814D6FAE10419F4F596
:103910001DCEE609260EF3CC1D320AFC2718FFF94E
:10392000EAE8E8DECC04FC15200D0B212014DBF9BD
:1039300005FFD946E43206EA1F1F0DDCEF171DE72D
:10394000E2120EE6D7093600D4FA0B15F01013DC9C
:103950002E16F0110BE7000A28E41005061D0505D8
:10396000052F0BF8244105F60C1A1907D703E1F9C6
:10397000F8E9071A38070117FCF005F2F7FAE41224
:10398000C8C021F509FA1CFFF0DB362010FE310C0F
:1039900003F4DDFAEE1B0EF61D1E0118F4101320C1
:1039A000F4E8EE17CAD8E1F6F4F0FAF3011DDD22CF
:1039B000EB470A0A2007D1D3122BDBF13F0CED2491
:1039C0000C000E0F22171921F6F928250DF8FAEC34
:1039D000F40809FD0A1511F8012039FAE1F5EBF6B2
:1039E00003271F181C11F9EA1A112C25240F0B03A9
:1039F000F5F852AF15EAC90801F754B80A2D160FA9
:103A000001F006150E08FB21F2CAFE08F627FF0397
:103A1000050AF00208DFD2EA27101311EBF207F9CA
:103A2000E00FCB1915160C2CF4DF1BEA100C0D4619
:103A3000FADCFD03001116222419F8FDF712E62026
:103A4000EBD2F9EC09300AD336FEFC1A05112E47E9
:103A500012FCDE0636011007F00C09F00EF6E41534
:103A600004F841122FFF070DFB2E00060DFE150571
:103A7000013306FE0EE2FAF2FE30F7FF2E15BEE825
:103A8000F22429161BF00A0B1E2608C3B81702F9E8
:103A900033200DFE0BF5F4DDF0FA510CE1452E2834
:103AA000D9FBF9250A22091FE9CEE8FAE6E3FFDB94
:103AB000204B232F1F00FAE73715F1180215F4D811
:103AC000F3BF3628E71E0CE5FCE90F0F01E9D6FD30
:103AD000D2DC02241D3C2101051C14241917EF041B
:103AE000FDBE2DF2040717F60EF3E3F304F1D3073E
:103AF00019F8F610060DFCFC02F8CDC7C118EF014D
:103B0000F9E4DBE81514055429CE29EDF014F4216D
:103B10002D14E90F241414FC26FDFB15090EE502F3
:103B200015F0E123F42FF1E8F9F6CC6220109E04A1
:103B30000512F70423F4DCF3E6EDF015F9F2131D9A
:103B4000EAF814F81E080D2952FBEF271F11310661
:103B500009130E10E6072E07FE48F9FDDEEAF910FC
:103B6000F3F5FF01F40519F1F407F5062818DA3327
:103B70001C170A242B0FDAD0A5F5F31028FD09F144
:103B8000E7EEE3EBF8F900190BFFFC020502F4F88D
:103B90000DFB9CC3C92EAFFAEA060D12FF13185590
:103BA00013E1FBE1F806F30B0FFAE2E5040D08EE72
:103BB0000AEA09F8E7E7F2F3F6213ED9FAF214111E
:103BC00028FB1A15D21E44FD170F24F8D9CBF5ECAB
:103BD000F8E9ECFC0800FCF9FEFFF1F3D905491106
:103BE0002CFFFC1A2C1626D9F3EAD70727F5FB1071
:103BF00011E4FADEEF1819EEFE0411DFFBF9F3FA17
:103C000008EAF6EFC923A0AFD202E6F7FB13E5CE30
:103C1000F65605071313DBE9F100160518DE141339
:103C20000EF4FF1404E50C0AF1FDFA07160001E397
:103C3000170EF0042005AE10E80BFF00070EBBE9DD
:103C4000FBFEFAE610F308F60FF01606EFFFD50EAE
:103C5000052739B61F1913080E2A37D4E7E6DF14F3
:103C60000329EE00E6EBE8EBD2F621FD081FF8F39E
:103C700000E0ECF1E7000604060AE218F4EEF80DA5
:103C80005006EBF2D90506181634291E0E0A1BEF52
:103C9000FEF71BF111F3170A00020D0AF6DFC069E7
:103CA0000BD40CFA1EFE34E53AB53ECA40FFE407D9
:103CB00005E7F608FF1602050CFD05FCF9DF06FD19
:103CC0000003EFF43BDE23F0EAE8F4F12C1C1BCEFA
:103CD000E0F4EB0AF803F4E4C7E7FCEEE7EAF40DDE
:103CE000F2FE0A1005E6F9F7E70EFA1BB600F0142B
:103CF000240BF5D3C04F0FDA1EF8E6E0DEDB05102B
:103D0000D8101A0919EBEFF4E7F6FEF9F308FD54A1
:103D1000C963DE2402F7FD1AF7F508DE09032EF762
:103D2000F813EF1CD1F41304F50EF5FE00141AFC81
:103D3000F80919FDF3CF26092111160C133518E3E4
:103D4000C9FEFF0CFA201F13F8CC0CFDD0060A1098
:103D500010FFF9F707FF0DF8EBFBE8248A81162521
:103D6000091A10EFFBE64B242B1E0CFCFEF3291D59
:103D70002104E1210C172BFEF9190E0015130AF886
:103D8000140E23EFD311FD21122EF5DEFA2EE007DB
:103D900007F6F3EFFFF10F23E7212C0F1D020BF4C1
:103DA00027F5E3EDF205F5E142FA31FDF30D0909DE
:103DB0002A36BAE203FA08210CF515F504F60F08C5
:103DC0000F0F001205F00719E5FEE50B171F67E15D
:103DD000F10C01FF1D100CC5E1D412211301E1FC0F
:103DE00000EFDFEEE401F6F2101502F816FAE60431
:103DF000F2EC0A33F9C52504F21018DAF52522C4CD
:103E00001FE91C0518140F1DFF001320DC04050416
:103E1000091018FA13F7F108EF1B6B0834050BEFC4
:103E2000122244BFC3BFF00118EB04E9E4F4EA181E
:103E3000041429031007FD051C02FA04F8102720BA
:103E4000431EEA0819193E1D12B3D21EF5FB05FBED
:103E50000FF2FAF8DBEE110A0C06FCF4E907F2FDAA
:103E6000FFE7FB06F1CD0A3022E11CFE1B0906FE2E
:103E7000F5E113F40EEEF906C9ED0C070E04EAF9AC
:103E8000E413FEED0800FCFFF603250E0011F0D947
:103E900007F9F6F41E2AEC14DFEA08F20EEEDEC88B
:103EA000DBE90CDAD5EAE7060E0210F7ECF0F2DFF8
:103EB0001014F84EF10E1A0A1A093C06B5DBDD158E
:103EC0000B28E619E9E3EF160FDA1DFC020900FFE3
:103ED00015010EFF091CE821150A0FF5E1CAE20AD7
:103EE000FF3F25ED00CFF3F3FEF514F8C6F91720D8
:103EF000B9E800190C13F01100E406F7FDAE051245
:103F0000E9F2001FE60C1EF9EA4517FF0EE12EF05C
:103F10001300E90E2A001500F40E110F0DD318023C
:103F200006F81A47EEEEF01709EC072301FB1F1401
:103F3000D32900210202F8FED00AD3E910F717F8BE
:103F400016091DE805EEDD1CC1DC06D7F20401F5FB
:103F5000D8FDF2F8092ACDF41EFEEA0E1214331130
:103F6000F42513120E16051227F8E2F0F9FE202BA5
:103F700004E2691F2209FDE315503009D4151F2200
:103F800022272137151DEDFC0FFAF7100C0B140733
:103F9000131318F7D717EC0F1B00D91B23262AF68B
:103FA000D5FAF3F42DEAD8CFE0E916292A1D18FA3C
:103FB000E9F8041D00001B03EAC0482AF005EC18CC
:103FC0000807C61E10E33D023BF717E2FB19431139
:103FD000CE000FECE2EC0FF2FD0602F5261601F71B
:103FE0005CAD06E50325E6043717F702552908BC42
:103FF000F6320FEEE11D1524F5320C201FF0121FD2
:104000001D0A08D32C0FEA0F0026FF30E5DA0C1C3E
:1040100004E900E7FDF3D6E0DDC4D3E4E60A181DA9
:104020002304FFD1F70A1AF4F90CF6F9EED6FA18C0
:1040300027D5F60CD81408FF3200EAE400D0D6D514
:10404000E6DF150DFF190AEFEE1B011DF70AFCF75D
:10405000EFE7369D1325D8EEFEDDE9150AFA08F4E0
:1040600011E209031D15100E00F3E9EFE7EAF71C52
:104070000BDB09141604FAE59D0BF6280613C2FEA5
:10408000060723E30315E5EDFAE6E4E119E9191B58
:104090003B15E9CDE31236242AFDFE18FEF1F61A8F
:1040A000004304EFFDEF0F123A1FD01E0429FDE676
:1040B000DDF5E50920EB091503FFFC1608112100C9
:1040C0000106D2DB7F69F8D11A3FC5EA0BD624E698
:1040D0003BD1FE38FE48E314FFD2191EF4AEF1FFC7
:1040E000341D111803F2223806F6EBE44846242565
:1040F000E70002030D0163CCE327F415D401EEE2DF
:10410000FF211E0AFD142C3AF7F400D013040AEE26
:1041100011311EFD232EE1F503E1071A05CCD11B59
:10412000EFFE05D30CFAFBFD0EF90E0BEFF007F3D3
:10413000FB0CF71103FE350536FE170C021AF6D0FC
:104140000A0E27F7190E0C1B25F2EB05260CBDD322
:1041500001241CEAEB0909EFFC011612134DEB19BF
:1041600069CE12FBF9EA233E594D3A106B1D150832
:10417000F9E7F9E2E4020A0ADEEF0021174118101C
:104180002F009222EE11201E0EFD03F2DDFCBE0474
:10419000B1DEF7ECEB0039E2040819161E24000D1D
:1041A00031E8F6F7D50318212F223C17EBE8E6F5A6
:1041B000E818DDD5D0FE171B0AEB27FD4110232799
:1041C000EFD0D3E70E29130C020B35FEE8E21620E0
:1041D0001C380E0810F9EF0F320037DDFDE40C0635
:1041E000DAF5C6F01E0EF115FA0CFEDB120A1FD22C
:1041F000130C06F7D72FF3EE02DBEAE4F10D1E21D4
:104200000202C41AFC15F8F2D5E7F2010C161B14D1
:10421000D701122D1DF7F10314F9F379D304FBE252
:104220000713132E1CEB423423ED23FDC802F7EBDA
:1042300003230F14160F0BD4FD1512FB021AEAC844
:10424000F2CF22F92606F2F5FEF003190D18EA1650
:10425000152409160B031DF902BC07181D2C09F5BE
:10426000F0DA01FFE502C5301BF30A2B081C20CB56
:10427000071E0D23A3260B2914ECD9CDF6040E043A
:104280001C0D1CF5F501F806DE1019040116FB1DC6
:10429000FEFEF3F0170633140BE1EA08072CF7F2E1
:1042A000030A3FFE1BEF2A05F2E81221090410F56C
:1042B000E9FAB93BD61F1B02F9FA1E0E24B82805ED
:1042C00006E33CD1E8F72FF919FA330732FDF50779
:1042D000112211DF0B130CCF40F6EFE9F902DEEAF1
:1042E000FBEE162100D416FB0E30F815CDE70AD3ED
:1042F000FB091A03F7CB130C10FE15F9D7FB2A2B79
:104300001E28EA2300D9FE332C1DF7D0F00FD21B54
:10431000CE1CF004091C0F2102E4E7FF0CFB130F75
:104320000A05EFE0C5EC10E819101B2909230FF767
:10433000CFF3C7FA02D6F3E40AF3DE132536F6EF1D
:10434000FE17F30CF0E3DC0A28E1ADDD13141D1FAA
:1043500026EB31FEF8D9D6E0AAFBEBCEEAFDE1353B
:104360001A12251EFB0313282AE8D3F503111FE7B1
:10437000402CDF195D270E0BEEDF143843C8D9F946
:10438000F02FDDE2F6D629E7F70A1A1426D3F11A40
:104390000DE309FA01129BB20CE512302117061247
:1043A000DFE6E907D3AE12F71EE727FA0EE506F0BF
:1043B0001515010E10F4F0FEE2CB1B1BE0D33D0AF5
:1043C000E910051BF82402DC0B0A1B65EEE2E51C74
:1043D0001E2C0906CBFED0F2F62714091202F80EA5
:1043E000F6EE2EFD0F0B31160C1118F5F1EDE3CFA3
:1043F000091BFA0EC81B1F3A2E361408161D0D0194
:1044000005F1030027200101DD56EBED06F1EEE09A
:104410000DF00D23003A441FF7ED30110832192337
:10442000B2DEE0FF0D0D13EA0F182109EEF73F434E
:1044300036E0E6E9E6033419180C0F3E1C140E3B77
:10444000ED25CA090CDF1513DF45EEF3ED2B1C0C2F
:10445000FCF8FB02F0DD4CF7FD01EADF0B0B2AFD57
:1044600012FDFBEC08E40D1F090B05F92A091B01DD
:1044700006F02C0116080614371AF95418FDEC0D35
:10448000251EF9122FF6B52901412E153503E8F541
:10449000DA1F2E1C141C13060221FF05150EFEE266
:1044A000F1C3EB292825E3F1FF2BCACE560DE51405
:1044B0001CEC07F0EC112BF10404FEFFD80AEF000E
:1044C000170E07110C1C4DE704C913FB1CE9F90575
:1044D000041D26FDFAFFD1F3032303F81625FE027F
:1044E0001CF60D2C02F7F9FD0E171715D42C0D0034
:1044F000E7FEF80607F11713F92022C3F6003D2363
:104500002D0C09051915FE1010F1FB0C0E0A1F0BDE
:104510004221290223EFEF070B13EA0A3529B7F2EC
:1045200006040E16100CE4031A1422FE1018FB17D2
:104530001F2D050C050CF1FEA1FB4C04EBD9EF3B44
:104540000DDADFF32A2F07F90BE12EFF0E1B17F010
:104550001E2304EC0BF80328E4FB20111523091695
:1045600002E31EECDF0F06126CDB0E1A06D2FDEE24
:104570000E142C1FDE080F3111FF1E1C0BFE0BEF5B
:1045800013140A33522760D6EFE83D302007B713E3
:1045900004B52B3E040B08000C290DEA0C2F281D36
:1045A000F00C191CF2FB051BF115182F461FB8A9BA
:1045B000490BD904E0F6E5E3FF29FD061107462F74
:1045C00005D7BF1603F5F4070C0C0312081E0F10D5
:1045D00041F595E3BDD9F905E80CDAE023E5FE2DB8
:1045E000DC1AE6081B2511D8EA1BFE040A0B173655
:1045F0001005E913200923474AE7A32C05D70E121B
:10460000A21620D5053CFDFE1CF3FE1113274D39E3
:104610000318130D250104030F28ED0BE57F31FB73
:10462000F5FDFFFB20F7D25B0F51512FFB11060A5E
:104630001A19192104EE09ECEBFEFDFE2318EDFA20
:10464000F825A91507224303FB0F0CFFCDE8FFDF78
:10465000C4FA00F608000B33E8C605E3F1FFE917DA
:104660000710FF0910220107352E47FDC62601223B
:10467000C3DC0E1CD010EB3E1F2721200C07F3EAF1
:1046800022360AF70C1A1B37EDFE0E3917FE2B20C7
:104690003BB925E11CF40DECD34021EC1CEB05DC0F
:1046A00019181D1C03F9E511160DF6FA01FF1E1A63
:1046B0000C1703213A34BB0BECF52604FCE1FC0398
:1046C0004211EEF1F2E6DC161A063820F9DF0EF19F
:1046D000E8EF1D30FAFA0D12160BCF05F0DB10F6DD
:1046E000E80523D6C22125F930211BE91A180BE36E
:1046F00003204BDD0FFC06FD0517F71D1303020712
:10470000364D40D9E932422118EF1AF10C23EE2A36
:10471000192DFD1A211903F41BFCF602081E171DA2
:10472000F9ED100F29000D32071ADFC60800052F1A
:10473000D1FA58FFD00E06D908F0F345122AD80C4A
:10474000092A19140519F62011FBFE0DFCCC12BF25
:1047500005DB14DAE10D014620F9FCFFCA2DDF0B61
:104760002722E70103F9EAFBF2251312FC080019DE
:104770000D07E4E92FD537B41EDD0D17050D14EE36
:104780000ADE1511180D03FF1EF71E140B10311150
:10479000F0E40E150D04F5FD2CCFBF0A01F918CD7C
:1047A000F500F73B23CFF30CE41DF41D351B00028D
:1047B000F01D0716F4F5FB040AFDF503201A3BDA99
:1047C000DBD403F9FFF3EFF7D023F309F5F1FAF7A0
:1047D000F60D2914FAD1BF261601051F2D221CFF44
:1047E00004FC1727E4E23143E4D2E726D5CC3C05AC
:1047F000EBC0E80FEE2DF5FEFB12301CCEEA2E3496
:10480000F30A03080BF4FB0F1F1AA13212580ADF38
:10481000E827F6FCEA02D9EABDDF1C1C06FA38C418
:10482000FDF2E7FC240C1BED28F902F8181C281DEA
:104830006C0119B0A72D55DDED068B20E6DD0E2CA1
:10484000EFE5DD2E114602D8D21EF4F6F80FF60C75
:104850002A0A16140804AFA62A354015E8083AD9E2
:1048600028E809F1DEDD1AF7111C01EB4112FCD337
:10487000F404061A130D0824F8E5EAEDA1C665FC58
:10488000FEB21C38FEDA1E33C4DF13EEF5F74B26FA
:10489000E802F7EDFD203D2433FC0B46E106091349
:1048A0002B202A2D2432F0130D162BF5FF2AEDEACA
:1048B000E90AFE15D30B12F3F8F1273ADD2D0C2788
:1048C0001906F70C0B160A0B0E57F8FCE818090D21
:1048D000D412F495FCF9053A0E2A40DEF9C5D72525
:1048E000271F3230FE3C0A01F9201019FC1121E08B
:1048F000E84501D3ED140E2DE01038F3112A1A0605
:10490000F5FAEB1C0B26162B0519FB140B211307CC
:104910000E0B11113106DA1A0805F8F62D162CFEC9
:10492000C514090FF30DF3E405F615081FEDF9F0B2
:104930002EF114FBF90912EEE323F3E0271A220605
:1049400003F80846DCBED35F3CF42AF733000009C5
:10495000F1FD1E250F0C1421F1F01713FE1C10FBA6
:104960008124211409D6F0E43B12DDED2E00C6FBB4
:10497000E3EB2D1A07042B1A1AF71EF50F19250D54
:104980003605110FDED6253ACFE958EC07FE062092
:10499000441C31DBF715DEE0F2CF02E6E80F1DF62E
:1049A000E201160B1111E401FFEA0DF92FBA3D17D0
:1049B00007181101F01F48F8CAF0F1160F01CCE0FA
:1049C000F2E10A26EFDF1911F90E1102DFF0EAF623
:1049D0000C50F6D31B01190CF53CEE05BDA8313582
:1049E000040E0A123FFAC21D2807281B08F102D93B
:1049F00004F212F10A01EF042C2CFB29D31AEE1257
:104A0000081E08D6DF1734E702241706E60BE9E78D
:104A100009F4240DF6EBF8FB0AEC10F4EB271DFC6F
:104A2000B938260A06E4FB412EE6C2FF21EE360F16
:104A3000D539D7091416F61C2D160F1714EF0A0DC9
:104A4000F80A160D4F1341D234F70D2DFF09F0C4AB
:104A5000FCD1F5F1FBCA270BE91A020F281A0E0543
:104A60001210F91BE11EFDE609FF0C090FE61011FB
:104A7000F90CF70E0723FCEEF71229EA0709110CCF
:104A8000FAF5D92307F5EB021F0AFD1508D4EA054C
:104A9000DF633F271B2816EB0EF3DA355CCEFF0FE2
:104AA000F9F62200000DFD0D2E12FDEAFB07F816A7
:104AB000F4EFECE30D08E209F8CB3C1A300E4008A5
:104AC000E6382AF6D2FCEFE40DA4F9FFE816FD3330
:104AD0002020F826150A22F1FCFCD80C36D8EBF081
:104AE000EB16FE23F7032F40A2B42EF0FB243B5617
:104AF000F8D23534E80AD2FC010B010D00F9003080
:104B000032151F02FD1CD0180D1E1FF8FC193DE3C5
:104B1000D4F0C218E3F1FFF8F41D180EFF1202F7EB
:104B20002E300A0E17FCDFE7540DDFE224012605C4
:104B30000017F2D4F428ED2CDE19340B9AE9F4FDB9
:104B400007D5FD03FDD019051A0FDED7F80DF01BB0
:104B50004EEB6CD51705F5FD3344EBEDFE19180A45
:104B6000DC12F8EF1A1D1006E90C150A0904F424EA
:104B7000F0030EFBAA1F311BE9FB06F916F5F762DD
:104B800006C017F9E44616F503DAEDEA1907DE1058
:104B9000ED12F814F5E704030E161CB82B52D818C2
:104BA00028051B2E2600B51814F904FE02CE2DE4AC
:104BB000FD23340EDF24FA0B37032B150CEFEF1B0C
:104BC00019FAF3D82C0019FE06FEF0241501E411A1
:104BD0000EE729EAEEEEDCF22B0C10030F090209B6
:104BE000150BEF0C12F0CEF7300BE6261102E0D3D6
:104BF000194C22F3E3F70C34E8EBEF20050E2B0100
:104C000002EE05170E14F3E51EEAFB054225E70147
:104C10002B04212113F52A13EFE0FB45F62C09FFA5
:104C2000F3E00EED0DECE607F9091FF4E1F601D90A
:104C3000080D45EAE541C81CF0001A22FA3CF116BD
:104C400029ED0CF0D141461E0A180EF50E27371734
:104C5000280C0B1F1BF207F22730F92D03111C0B38
:104C6000141B0947C3CD191BB9223FD4EF0706D93E
:104C7000FF01D8031821EE06EE06EB0214192F3CB3
:104C8000D9DD2AFD05F7061F3936DC041520FCF4B2
:104C9000FF09E9F5E8FD0E03EB1DEB1709FAD81241
:104CA00000E6070BFE5029FEBF2F1B09F52F40041D
:104CB000E0D837191C1DC6CB24E5E5EDD0000CFF6C
:104CC000071910091B1627DEE81DE20927DEF62A60
:104CD000010A061BF7010308F70120FBD0032B2074
:104CE0000004F90431E1001121F3EC1B00E2EE01B4
:104CF000F136E7997AEB2102D1FA146BEACC05166A
:104D000004C12827FDFCE0F9E61FE101FC1DFB13AF
:104D10000D03F5EA1EEC01142F05D200FCFCF3F89C
:104D2000162A2E03F3FFFE16F4DFE21713E01CFF32
:104D300014DFE9090D1A020A1911F2EB4F2118CDFF
:104D4000DAFA190E031922E5D92E1EF4F9230523E8
:104D5000C210D2FBE420021417141216EB1B14022B
:104D600006334E0D13DD46EB223316180E1907EEEF
:104D7000172BC2D62AD310201A05251EF4160EFCB6
:104D8000E2FF16090BE0EBE5CEB8DBFE2F0325E3CF
:104D90002212CE0B182BC91116075FE80624F50363
:104DA0001A07F7102DF40EE4F0ECF918FE07F722BD
:104DB0000B2802E135043015080325A01C23361DFD
:104DC00025E448242717142EFFFD050AF633103377
:104DD00032052C16F4EAFD13EFECF0E9FFF804EAD3
:104DE0003228E8E427E4111213F9FAFD04FA140753
:104DF000FB130E06EB0904060EF5F2B1181BF9E2DF
:104E0000F9F8FE130B2BD038CDDE0D11FFECF62E8A
:104E1000120329151B05EB050918E003F0DE041247
:104E2000193B0AD600211105F4FAD91017E4CF076F
:104E3000372B1CEAE409F7F3EF00FB00372301FBF3
:104E4000E20C112F08151E2DB4E441F118FDECFC05
:104E5000F7C61C2B20F10EFC0A291A0EFB271E0F89
:104E6000FB07DC2F171102FC08000426E7D51BF313
:104E7000F914D4041CE7D8EF1D19F704FAE803FC71
:104E8000F5162E00050219042E00F811F6F70F1082
:104E90001BF015AF3308EEE2DCFE12F7E7CE10315F
:104EA00014E60611DC0C1C18240D1210F707EB1E7B
:104EB000F617F3FBDDE1F0FB13E3B82B51EE0DE544
:104EC000EDF113DB0B241BFF12E6051703F20D01B6
:104ED000FAFBFB220B1EF1F3F91EF21000ED081590
:104EE000D31014FBEF10FB0EC9D146090C051210AC
:104EF00034E5FEEB0C1914F012FD2B0D0E0BF9111D
:104F000016F415F2D4F85F1618F129F9F718F2D64D
:104F10000F3A09CAFAFFFD1EFA2B0407E20B060F2F
:104F2000F3081AED090109ED0810EAD9D9231EC4C6
:104F30004AEBE535FFDAD3251C01F0010C28E8FC2B
:104F4000FAEC16F0191B0209FEFC091EEE0EFEF625
:104F50000BE114F6C70711FAFA12F3C9F42844F06A
:104F6000FF080C2903F6FFE4F30DF909F5F51F1A04
:104F7000F20DF8F81719F3015F20D805FC00132390
:104F8000DC1DB2FE272FDF060B14F90E090BF8F516
:104F90000C02E136F825EE00F0100905F2EA3A03BA
:104FA000B4FC0118F713FE271AF02438031024E983
:104FB00002DD19E108071422FC121004211309096B
:104FC0002110DF07FCE91236050208EE140606F48C
:104FD000F91A1915EA0903FD05F9E1F804060400B8
:104FE000F4F8F3FA071CFAF9F2BA35430D10D013AE
:104FF000FD0C00D411500AB31B05ED0200F1F807B7
:105000001B27071721F5F2071CF700E101FDD92E38
:1050100029A738E024F228F3DFDE0F1809FD0FD9A5
:1050200017F51E2BD8030B05180AED1710111C13CA
:10503000FA1B062C1BEFFBE1E00DFD05F911FBD976
:10504000E00F3802EBF4FA111B0E140D0B25FDFBDB
:105050003B0B1F02FC0DF203EC01811D73CFDE1828
:10506000DBEF14F7E4D24429DBFB001EF82318061B
:105070000806F3220A0A0EFCEFDB091BFE190DF9E4
:10508000E1D12F0AD60604EC2E17E4CF03340AEC44
:10509000E7F10C2CE42AE30FDEF8110DF215FE16F1
:1050A000FAF706DC14F1E207211A09DA351402ECEA
:1050B0002021B8FE4916F4F6F5F0260D1BFFF3FF8C
:1050C0000C2007F50105F5081C060BFCD92DF6DCB4
:1050D0002AF62CE81FEBEDC9F03B2701FFE3ED2694
:1050E000100AE0F0FFFFF907D82BF8180D1F140184
:1050F0000722E7FADA0116FE04DAE00DFADB3104E2
:10510000D90314230CFC21F70FFFF514F60C08004B
:1051100001E3FA1009F7030BC0E8C134F81807E1FE
:10512000EAFC0AD3CC3707EAEBD51810EF100510CC
:105130001C1C0108E10C0815EBFAF3E70C04DD1D5B
:10514000F5E832E31CFF170CC7D8F53C18EF02F561
:105150001001F822F416FC12150FFC200D0A0DF7B1
:10516000FCF410FED91AB942140E1005E7DD23F63F
:1051700013FE2DF4FBE7FD1FF8FA2512F009F21DCE
:10518000020905F409F1F0F1F2EDEDF7EB0E301E36
:10519000121B06E40D1A131C071308ECFA0618FE7E
:1051A000F7D809D4EB1311F9E8FC15FF02FF090B3E
:1051B000E5E038CDEDD935D7EC1015E2B80C2A1062
:1051C00002001A091827F4F111FB05FCF6FDF3E6BD
:1051D00005FD12ED0E0A32FFF7E2011F1BF9F2E2A4
:1051E0001C13F1E61B26FB2BE1DC23FC1F2FD4F85C
:1051F000E02109FE0DECEE0114142002E3BEF3E6FB
:105200004BDDEFF50F0E23E8DF2803C829EBE9F2A9
:10521000FAE817102FEDF9033A06031CEFF5F41B1B
:1052200009FF04DB101C052A11F30809F5F12648D3
:10523000EE043712172700ECFEF6E8E2F3FC0BE968
:105240000CFB00000D041201B2EA333EE2DCDBDAB3
:10525000F617E021E913BFE70F00DF0BFB1E141761
:105260001DFF020DE10A140C10F7EFFBFAFE2F34BC
:10527000ED59160F20EA0B00FF11042DDA1502EE8E
:105280001D1803E8E707EF000DFA09073E1D090E98
:105290001A0E02256D057438B753A038EB6BAD3884
:1052A000CF99BA38D9FEA6389238BF3816DBA03865
:1052B00034FBC9388369B2388B5C753822939738D0
:1052C00093177B38029AA838920CAB38FA538E3871
:1052D000F7E298384DC49338DFFCA43854FCA73863
:1052E0009FC7CC387A0A8E38AA6DC8389BBCC138A3
:1052F00094D7AB383651C638599E9F38E11BAB382E
:10530000C388D6384684A63803A99B38CAF2A83881
:10531000F1E4AD3884C70ABD4025EE3CFE2ED8BB73
:1053200042B4CC3CCE6B42BBA2F0193CE492363D79
:1053300043B0113CF91FD03C548E543CC2F41B3C8A
:1053400018CA423CCE608BBCF0C6283DE7E7BB3CA8
:1053500017EA19BC44FE053C47BAE93BAD1C8ABBC1
:1053600040C5B4BB2D61313DB8CB843C060E16BBA5
:105370000599993C2E3CFBBA7406E53BD2D70C3C10
:10538000875C963C6EB8B93A64F4183DF066953C7B
:10539000D157C1BBF3FAEE3FFBBDD73E4044B93E07
:1053A0005ACFE23EB3CAAC3E52DDD23E7569D33E1F
:1053B000AD77B93E2F06093F529FC13EC11BC23E89
:1053C0000DAAFB3EDC75C53EFE279E3E42FEE53E35
:1053D000B98C123F6A79AD3E0265113F38E6C83E8E
:1053E0008633FA3E682FB33E8E9E063F1511C43EAB
:1053F0000B01BC3E9341F53E62E2BD3EACF7BE3EC2
:105400002C94D73E17B5DB3E849EE73EFFDBD93EAA
:105410007D380F3FA39DB6BD8084BABF872480BF6F
:1054200010A1F8BF6C1EC0BF915CE9BF5BA00EC0AD
:10543000B8B4A2BFCE0EDCBF896728C0A63E41C06B
:10544000C12B16C03147C0BF6ABFD6BF6F28C3BFCC
:10545000D8B519BFD8C693BF3ED543BF66DC30C0B0
:105460009803EFBF6E1AB6BF121699BFF2DBCCBF1E
:105470008BA108C094758CBF48FDAABFB88E8CBFA5
:10548000A2C88EBF565FAABF4DA12AC04A1901C04B
:10549000CDB8BEBF800020000C00803F010101009C
:1054A000523E0000000050BE393D31BE2A3EF53D5F
:1054B000EB3D813D7BBD2FBE2CBDAC3C1F3CF23D86
:1054C0001FBC453EE4BD43BE1F3D5ABDD43AF2BDAC
:1054D00036BE543C1DBE3DBE4C3EA23D473E683DDF
:1054E000DABD84BD2FBECDBDB9BC393E0D00D4BAE6
:1054F000543CD43CB93D1FBEB6BD1A3ED43BFBBDA7
:10550000C7BD2CBD343E243EF53DCA3DFB3D253E86
:1055100027BEACBC4C3EC33D15BE393C18BD0BBDCF
:105520002CBECABD2CBE3EBE6EBD1CBE183E5ABDB2
:10553000EE3D153E183D39BE2ABE84BCE43D92BD09
:10554000243EC33D543CE13CE1BD173EFF3DF2BD6E
:105550009FBD27BEF5BD183D50BE1F3DB3BD523E99
:10556000753D3EBEAFBD43BE20BEA53D543B953DFF
:10557000E1BD393C09BE433EC73D33BED73D54BDB6
:105580000BBDE8BD25BD333D20BE15BED7BD393EA0
:10559000C33D84BDCABD17BE7BBD013E313E843CC8
:1055A00004BD50BEB3BDC03DA23DDABDD4BA393D45
:1055B00020BEE4BD363EEE3C2C3D6EBDFB3D40BE04
:1055C000CD3DB9BD22BEC73C1F3E36BE88BDC7BC5F
:1055D0000E3E4D3E7BBD363E9FBDE4BDE13C12BE5E
:1055E0004C3ECD3D4C3E083E1C3E403E1F3E47BD1E
:1055F0001F3E2E3E9F3C0E3E08BE42BEFF3D453E36
:10560000033E683D33BE9FBC253D6EBD883D9F3D3A
:1056100047BD12BD48BE54BC3D3E27BE1CBE29BE80
:105620009F3B12BDFB3C08BE1D3EDE3DFB3D2ABE3E
:10563000403DFB3DD4BC1F3C68BDB33D0D80093EE1
:105640000DBE0BBE423E92BD083E9FBD25BDC7BCF0
:105650002A3E45BEB63D39BEFB3C2E3E313E20BE05
:1056600012BEA5BD15BE683DDEBD0B3E063E20BE8A
:10567000EE3C13BE22BED73D5A3D473D95BD333D5E
:105680008BBDC03DEEBC20BEC7BC3D3E4ABE3B3ECE
:10569000D4BB613D2CBD22BE183D403D04BC403E04
:1056A0009C3D683D8E3DE13D88BDF83DDABD473EFD
:1056B000C7BC22BE5A3DE13D403D123D543D923CA7
:1056C000883D393CC33DAFBD203EFB3C36BE01BEEC
:1056D000B93D183EC33DA23DF83D17BE48BE1D3E34
:1056E000E4BD0B3D04BC133E953DD43D953D333D9B
:1056F000203E95BDE13C543C473DEBBD18BEACBCE3
:105700000BBE04BDDA3DC03D6EBCFB3C42BEC73D96
:10571000DA3DEE3C9FBB083EFB3D8EBD9C3D123DFD
:105720004FBE473D4FBE393C1ABE6EBC0D000EBE8B
:10573000EEBD9F3D333DD43D84BC273E453E92BDEA
:10574000CDBD983D18BE4D3D4D3E923CA5BD54BBD0
:10575000E1BC9FBB4DBE4D3D54BC2CBE39BD03BE0C
:105760008B3D843C983DFFBDCDBD1F3E40BD38BE46
:10577000473E4DBD013EE1BD75BD9F3CDEBD84BDD4
:10578000243ED73D243E09BEF8BDFB3DC33D40BE8F
:10579000683D253E8B3DEB3D1FBECABD52BE543D0C
:1057A00025BDD4BA1FBD2E3E98BD6EBC2A3E203EFC
:1057B000DABD453E9FBC273E20BE133EBD3DA2BD87
:1057C00004BE0BBDE1BD2FBEA2BD54BC0E3E243EA7
:1057D0006E3C9F3CE1BCF2BD1FBE45BE24BEEEBD8B
:1057E0003DBE5ABD43BEEEBDACBDA23D54BC40BDA6
:1057F00040BE84BC27BE0D004D3EE8BD923CA9BD15
:10580000503E8B3D483E2C3E8EBD5ABD47BDE13CCF
:10581000183E063E43BE333EAF3D52BE4DBE393EFE
:1058200036BE333E2ABEBDBD45BE92BC4D3E523E45
:105830007B3D4D3E6EBD403D2C3D92BD40BD4A3E40
:10584000543B6E3CDA3D04BEBD3D25BE243E4D3D7D
:10585000B9BCE8BD983DF2BDEE3CC03D523E9FBB99
:105860003B3E1F3D423E22BE453E473E1FBC03BE5F
:10587000043D54BBB93D543B0EBE6E3D98BD1C3E2D
:1058800004BEE1BC25BD3DBE1CBEC73DE1BDF83D2B
:1058900020BE923D063E40BE4D3D4DBD12BD393E3F
:1058A00008BE18BD173ECABD473D01BE3BBEB9BDCF
:1058B000EE3CA2BD0E3EFBBD7BBD04BD92BD10BE45
:1058C000293E2FBE223E223ECDBD103EB93DFBBD3E
:1058D0001FBED43B08BE38BEDE3DB3BD4CBEC73C88
:1058E000C33D61BD4D3D3E3E1D3E42BE223E9CBD80
:1058F000393C293E10BE273E273E3E3E3BBE7BBD87
:10590000D73D2C3EACBC0B3E24BEEEBCDA3D92BD76
:105910004D3E04BD2F3E9F3DEEBD8BBD223E063E5B
:10592000E83D333E03BE33BD1FBC7BBD183EACBD5E
:10593000E43D393D243ED7BD043D9F3BA9BD2E3EED
:105940000B3E0BBD423E123D39BE363E04BE54BD39
:10595000EE3C243ED43D4DBD2C3EA23D12BEC7BC04
:105960001ABE0D3E2EBE503E84BD4F3EEE3CC0BD25
:10597000543C093E6E3CCA3D2C3D123E503E0B3E0F
:10598000033EA5BDF8BD543B4A3ED43B813D39BEE4
:105990000EBED43A0BBEA53DD4BD18BD3D3E843DE0
:1059A0002A3E10BE33BE03BE1F3E123DE8BDB63DCB
:1059B000EE3DDABD403DF83DDA3DC73C1D3E2CBD15
:1059C000D43B8E3D4D3ED43D083E06BE0D00B63D57
:1059D0007B3D123E613DF5BD39BECD3DDABD6EBCAD
:1059E000FFBD383E48BE42BEE1BC47BD543D10BE7F
:1059F000D4BD2C3E03BE25BD04BCE4BD09BE223E81
:105A0000FFBDE13C03BE043C08BE293E253D093EE6
:105A1000E43DC73CD43DAF3D293E843C393EA2BD68
:105A20004F3EF23D43BE38BEB63D613D043CC03DF5
:105A300075BDE13D92BD2FBE203E34BE9CBDE1BD93
:105A4000543D15BE9FBDE43D293E543C9F3B333D34
:105A5000043DE4BD0B3EEBBD043D0BBDE83D36BE51
:105A6000F8BD25BD52BE4F3EF83D04BC043DF53D9A
:105A7000543DD4BC92BD95BDAC3C843D343E423EC9
:105A8000EEBD2F3E8EBDFF3D0D000B3EFBBDF53D37
:105A9000843C2EBEEB3D4F3E123D2ABED43CC73D5A
:105AA000CABD9CBDA53D1DBE123E423E843C04BE07
:105AB000403D223EACBD42BE393D25BD1ABE1F3C15
:105AC000403ED4BA393E543C043E1FBC923D6EBCAD
:105AD000D43D2C3ED43BB93C1F3C923DDA3D10BE38
:105AE00031BE34BE4DBD4CBE01BEB93C043C68BDA8
:105AF000093EE13D3EBE4CBE03BE3DBECDBD133EA4
:105B0000EBBD39BE15BEACBCDA3D203EE4BD75BD73
:105B100004BC25BDFF3D1ABED73D1F3DE13DA5BDDF
:105B2000BDBDB9BDB33D9CBD54BD1F3DD7BD253ED8
:105B3000F5BD0D3EA93D503E20BE36BE31BEDA3D1C
:105B40009F3D8E3DB63D54BDD43AD43DACBD34BE30
:105B5000203E3DBE0D007BBDD43A0EBED73D2F3E4C
:105B600050BE50BE84BC48BE1FBEE8BD2C3E133E96
:105B7000333E543B153E1DBE2CBE423E39BEFBBDDE
:105B8000C73C0B3D1FBC33BED43D183E983DC73DBE
:105B9000AC3C9CBDEEBD92BDFB3D24BED43D0B3E56
:105BA00052BEA5BDA23DD0BD403E27BEEE3DFB3C52
:105BB000D4BB6E3C4D3DA5BDCA3DEEBC50BE543D70
:105BC000D43C17BE4F3E423EAC3C543B043D47BD27
:105BD0001F3D3B3E253E9F3DF23D5A3D6E3C09BE7A
:105BE00045BEB6BD39BCCDBD093E273E0BBEC7BCC8
:105BF0009FBDD43DEBBD8EBD12BDC33DA53DE1BDF6
:105C0000F5BD2F3EEB3D09BEE43DE1BD10BEB3BD89
:105C1000C7BC33BDE4BD18BDD4BA253DD43D293E33
:105C20004CBEA53DC73D4CBE083E133E7BBD2E3E3F
:105C3000223EFBBD34BE403E52BEE83D08BE9F3D05
:105C4000753DEEBD39BDC33DF2BD6E3D243E2ABE5D
:105C500020BE503E9F3D453E88BD4D3DACBCF23D13
:105C6000D03D153E843CA9BDC73C4D3D6E3DEEBDCB
:105C70000B3D203E923D2CBD243E39BD433E393C78
:105C8000E4BD40BE313E923C2C3EE43DFB3D3B3EFC
:105C90002CBEF8BDC73C843C883DB9BC203E043EC8
:105CA0001DBEFB3C0BBD50BE0D00F8BD043D47BE04
:105CB000093ED4BD13BEA93D12BE243EDE3DD43CF8
:105CC000483E61BDD4BD25BDACBC043D1A3E1C3E62
:105CD0004D3EA2BDD43C183E12BE92BD6EBC92BCDD
:105CE00052BE39BC2ABE4C3E6EBC88BD103E22BEA0
:105CF000923CCA3D43BEE8BDC33DE1BD0B3E013E03
:105D0000013E393E47BE36BE9FBDB93C1FBC173E63
:105D1000EEBC9CBD01BE54BB50BE27BE473E253ED7
:105D200098BD343E843D18BD753D2CBEEB3D40BE54
:105D3000FB3D543B98BDC73DE8BDB93DF83DE43D52
:105D40001ABE0E3E293E84BD9CBDD43B2EBEE8BD8E
:105D500043BE4F3E273E5ABD2ABE42BEC7BCFFBD12
:105D600048BE9F3C123E52BE9FBCBDBD543CB33D9D
:105D7000FFBD40BDAC3DDE3D48BEE83DE13DE4BD7C
:105D800061BD103ED4BCA2BD3B3EE4BD1F3E34BE4F
:105D90007B3D47BDE4BD253E9FBDCD3D3BBE3B3E6B
:105DA00043BE1FBD0EBE383EC73DB6BDAC3C123D26
:105DB00027BE243E12BD0BBE683DD4BCF2BD2E3EB4
:105DC00095BD1F3C433E3DBE15BE203E18BE6E3DF8
:105DD0000D3ECDBD483E393DD03D1D3E8EBDC7BCBC
:105DE000C0BD22BE24BE39BDEBBD4CBED4BBEE3C13
:105DF00034BEEEBD3E3E8B3D40BD813D1F3EAC3CC2
:105E0000AC3DFF3D1F3C4A3E503EFB3DA53D13BE11
:105E1000123D61BDC73C093E123DEEBC473E483EC7
:105E20003D3E75BD1F3E4CBE3BBE4A3E84BD393C27
:105E3000483E473E393CE13D523E0D006EBC13BE2C
:105E400047BDD43B063E183D54BB1A3EE8BD433E19
:105E5000843CAFBD13BEDABD2CBD36BE33BD92BC93
:105E60000EBE3B3E403D29BE2F3E1CBE753DE43D6F
:105E700033BDE8BD1F3DD4BC84BC123E393E8EBD4F
:105E80003E3E54BCDA3DEEBC40BE54BBAC3DB9BC5A
:105E9000D43D453E8EBD333E813D543DA9BD47BEF8
:105EA0003E3E333D123DB9BD403DA5BD06BE9F3CC3
:105EB000C3BD9FBD923C813D47BE393CC7BC2CBE93
:105EC0009FBB1F3EEE3D8E3D613D95BDEB3DAC3D24
:105ED00004BC473D2CBED43BE4BDE1BC9CBD8EBDA3
:105EE000E83D1C3EF8BD433E12BD22BE4A3E543C36
:105EF0008EBD293E04BCD43B29BEE4BD3B3ECABD99
:105F0000473E04BCD43D043CE13C543D043D1FBC31
:105F1000273E2C3DBDBDD4BCC73D433EB93DA2BDCF
:105F2000133E03BE5A3DEEBC38BE393E013ED4BDE1
:105F300047BE043D92BD393D3BBE2E3E92BC3EBEA7
:105F4000923C3B3EE1BD39BD0E3E18BE843C3B3E1B
:105F5000FF3DE8BDA9BD223E843C843C15BED0BDBA
:105F6000E83D20BEEEBDA93D273EFB3C04BD75BD0E
:105F70004ABE093E923DEB3D433EEE3D473ED0BD1D
:105F80000BBD923C543D8B3DB93C3E3EE13D393C1E
:105F90001F3D20BED0BD043C04BE0B3DA9BDC03D8D
:105FA000F2BD95BDBD3DDA3D1FBD0E3E7BBD203E21
:105FB000A9BDDA3D06BEE4BD1D3E25BD92BCC03D77
:105FC00038BE123EE13DD4BAD73D9FBBD7BD1F3D81
:105FD000C7BC753DC03D063E81BD54BB81BD15BEED
:105FE000253E4F3E39BC123EC33DF83D543D253D54
:105FF00043BEEE3DA9BD843D123D22BEA2BD4DBDB6
:10600000843DC7BC043DA2BDD4BDBD3D5A3D923CBC
:1060100054BD1A3E1CBE923C203E2C3E483EB6BDAE
:10602000FFBD1DBE48BE9F3BE8BDD43AE13C153ED6
:10603000523EE13D2F3EAC3C03BE95BD9CBD45BEEE
:1060400012BE20BEEB3D2F3E2C3E923CAC3CD4BA5F
:1060500033BE1D3E3EBEFB3D403DD43A1C3E2ABEF3
:10606000AC3DC0BD2F3EE1BDC7BDACBCFB3CC7BC19
:10607000103E0D80403D04BD6E3D3B3EB93D98BD98
:1060800043BE95BD0D00123ED43D18BE133E33BE37
:10609000423E84BC81BDFFBD2C3DE1BC2CBD4F3ECA
:1060A00003BE9CBD18BE2E3E2A3E343E013E20BE9D
:1060B0001DBE1F3E09BE98BD54BC33BD15BEB93DC3
:1060C00024BEB93DFB3D18BD0BBE8BBDF5BD923D59
:1060D00010BE95BD4F3E20BE92BC9C3D22BE473DAA
:1060E0009F3D9FBDA5BDD43A04BD9FBC9F3C88BDCC
:1060F000383EE13D9CBD273E393E503EB6BD08BE10
:10610000393E33BDD43B61BD7B3D75BD33BE06BE5C
:106110004C3E54BD1D3E95BD5ABD543C25BE17BED8
:1061200001BE4ABE29BE40BDC03DC7BDE4BD4D3E17
:10613000FFBD0D3E923D06BE9FBB03BE2ABEA9BD5C
:106140004D3DA9BDD7BD883DD43BACBD6EBD3DBE68
:10615000923C47BE47BD483E2CBE18BE3B3E29BEC2
:10616000AC3DA93D9F3D313EE83D7BBD6EBD17BEB8
:106170004FBE543B1ABE4A3EA23D3BBE483E813D07
:10618000123D2FBE1F3EE13C043DCD3DACBD363E31
:1061900025BDA93D31BE33BD473E2ABE0E3E92BD50
:1061A000DEBD18BD183DEEBD06BE42BE843DA9BD94
:1061B00038BEAC3C45BE923C923C9CBD1C3E133E5E
:1061C000F8BD4D3EFB3D1CBEEB3D093EA53D043DEB
:1061D0009CBDFBBC1FBE4ABEFBBC27BE173E9F3DFD
:1061E000393E4C3E123D4DBE683D3E3E0B3E8EBD9F
:1061F0004FBE0D0098BD04BE123E4F3E17BE1C3E62
:106200005A3D09BE043D8B3DE43DFBBC183D12BD2B
:1062100092BDC33D47BE9CBD3DBE483EDA3D08BE73
:10622000F53D013E843C7BBDAC3C153E10BEBD3D02
:106230004CBEFBBD4F3E9CBDF5BD1DBE29BE84BC02
:10624000FBBD43BE1FBC04BC543C2F3E093E613D18
:10625000B9BDF53D3D3E3BBE9C3D333DACBCA93D8B
:106260000B3E1FBD043C9FBD1A3E333D243E1CBE69
:10627000C3BD203EEEBC273E75BDC0BD34BE1FBEB3
:10628000483E313E6E3D9FBDAC3C6E3CF53DD43A40
:10629000B6BD12BE08BED0BD063E4DBD6E3D9F3B95
:1062A00054BB22BEE4BD433E84BCDABD6E3CC0BDDF
:1062B000D0BDD4BA4ABE1ABE6EBD8EBDAC3D25BEA1
:1062C00039BC043EE43D2F3ED4BB0BBDEE3DE13C6A
:1062D00045BE68BD433ECD3D4DBD31BEF2BD253D01
:1062E000253E1FBE923D103E2CBE88BD253D68BD9B
:1062F0004CBEBD3D223EC03D4F3E39BE17BE3B3E6B
:1063000048BE33BD063EE13C92BD38BED4BD013E21
:10631000C03D25BE1F3C17BE983D2CBEAF3D013E83
:106320000D00A23D543C103E25BE753DC7BC39BE94
:1063300050BE923C0BBD92BC103E4ABE433E0E3E48
:106340008E3D293E013EFBBC273E923D1FBE543C84
:106350001C3E483ED43CA9BDF2BD47BE84BC54BCE3
:106360000B3D083E0BBEF83D42BE1ABE92BD4A3EF2
:10637000C0BD12BEB33D39BE2CBDA93DB9BC1D3E4A
:1063800012BEF2BDFF3D8E3D06BE39BD1F3E04BCB0
:10639000EEBCFB3CDA3D36BEA2BD3DBECA3D5ABD99
:1063A0001F3C333D2ABEAC3CB33DCD3D92BDFB3CD2
:1063B0003DBE36BEF83D36BE9C3D0EBEAC3D543BA8
:1063C000C3BDA23D0D80FB3D4A3EB3BD0B3E54BD57
:1063D00068BD4DBDD43A483E36BE3DBEDEBD1FBE93
:1063E0009F3C9F3B203EFFBD1D3EB9BC42BE0EBE42
:1063F0003DBE27BE0B3D3B3E0D80523E54BBACBC68
:1064000068BDC7BC95BD39BDC73C24BE123D2C3EFE
:10641000253E313E043C18BD483E433E47BE473E04
:10642000E43D6EBC253D34BEEE3CACBD45BE383EC1
:10643000A93DACBD84BC0EBE47BEEB3DA23D6E3D4A
:10644000CABD4F3E6E3D24BED4BCA23D1F3C0B3D99
:106450001F3DEEBDF23D52BEFBBC123D2F3E183D2E
:10646000D7BD333E333D92BD01BE2ABEC03DE43DA3
:106470000E3E523E883D523E683D1ABE393C54BCE9
:10648000C03D84BC39BD25BE9CBD153ED43B09BE74
:10649000FB3C47BEFB3D383EC3BDEE3C0BBEEEBCF5
:1064A000333E54BCC7BC4FBE543D423E4D3D1ABE68
:1064B000173E123D04BC1F3C0BBD383E1F3DA23DA4
:1064C00015BE4DBE453EC73D273E333DE43D8E3DA6
:1064D000E8BD22BE9FBC1FBD9C3DDA3DA5BD9C3DD5
:1064E000FF3DA2BD84BDA5BDD4BA473DEEBC383E3C
:1064F000393C47BDB9BD1ABE4C3EFFBDF53D9FBB03
:10650000A9BD61BDDEBD123D39BD39BCE43DEE3DE6
:10651000923D39BE6EBDC3BD1FBDD43A293ED73DA5
:10652000D4BC22BE33BE50BE403E1D3E2FBEFFBD7A
:10653000FFBD7B3D2F3E7B3DF53D4FBE04BC473E3E
:1065400068BDAFBD473EEEBCCD3D2EBE9F3C40BDBD
:10655000E43D433E6EBD29BE4ABE043CD43C18BE59
:106560009CBD4D3E3BBEB33D843C1FBC5A3D48BE26
:10657000343ED7BD0BBD54BC12BE31BE27BE013E5A
:10658000CA3DB33DC73C813D54BB333EFF3D2ABEAF
:1065900004BD123D423EB9BD68BDFF3D183D8B3D77
:1065A000543D103EB6BD10BE0B3D92BD0BBD8EBD21
:1065B0009FBCAF3D3EBE393E29BECABD2E3E0DBE7C
:1065C000473D473D04BDD73DAFBD1FBD0D8034BE27
:1065D0008B3DEE3C093EB63DAFBD9F3C1F3CD4BD5C
:1065E00018BEEEBC4C3EB33D54BB543D523ECABDFA
:1065F00048BEB93C8E3D39BC54BD4CBE183E7BBD37
:106600002CBD093E31BE183E243E3DBE33BEB93DD1
:10661000E13DE83D153E12BD4C3E9FBC543C40BEA2
:10662000453E8E3D333D843C333EE1BCB93C4CBEDF
:1066300022BE133E183E423E393EC3BD1DBE343E0F
:1066400068BD9FBB5A3D843C183E29BE6E3D4DBD82
:106650000DBED73DC73CC03D1C3E6EBD043C2A3E2E
:10666000EBBDD43D15BE043ED73DB63D39BD4ABE57
:106670004DBE9FBB1DBEF83D0E3E50BE61BD043DEC
:106680005ABD333E18BED4BD2C3D423E0DBEB3BDF7
:10669000243E043C0D80393C2CBD27BEE4BD043DA6
:1066A000483E12BE8EBD9FBBE1BC843C7BBD4ABE52
:1066B000B33D2CBE2ABE123E093E52BE95BD47BD1B
:1066C0004D3EF23D523E25BEE8BDEE3CA53D98BD97
:1066D000AC3CFF3D88BD0DBE29BE3B3E923D1D3EFC
:1066E000923C683D75BD753D9C3D183E20BE43BE45
:1066F00012BD883D34BE92BCDA3D45BE9F3D613D32
:106700002C3D0BBDEBBD273E54BD333D013E423E0B
:10671000133EFF3D753D983D54BD153E9F3C543B97
:1067200040BDE1BD4FBEFF3DF23DEBBDAF3DA5BD60
:10673000A53DE1BC483E1FBEAC3C52BE15BE04BCEC
:10674000FBBC38BE48BE043D753DE83D043D10BE6F
:1067500092BC54BC39BD543CA23D4D3D04BDEEBD80
:1067600038BE4F3ECD3D1F3D12BE27BE2C3D3D3EA7
:10677000393CD0BD4DBD88BDD43B523EA93D3B3ECA
:1067800022BE2E3E8E3D1D3E043D9FBCEBBDCD3D49
:1067900033BE95BDCD3D04BE0E3E54BB2ABE253E44
:1067A00084BDDE3D2CBDF5BD36BE343E333D083ED6
:1067B0000D3E8B3D52BEA23DF2BD1DBE9FBB013EB4
:1067C000333E12BE40BD543B2C3D203E6E3DF83D55
:1067D00034BE54BDEBBD81BD2C3D95BD203ED7BD23
:1067E00047BE40BD43BE25BE54BD133E9FBBFB3CD0
:1067F000B93C18BE31BE4DBD753D52BEBD3D1F3DBD
:10680000063ED0BD52BEFBBD393CE1BD543C04BE8A
:106810003BBE4DBE3BBE273E393C273E123E403E6E
:1068200043BE313E2ABE27BE40BE4DBD2CBEE83D14
:10683000543C45BE47BEC03D54BC38BE013EE8BDD9
:106840000EBE7BBD8BBD6E3DD7BDB93D0B3E2FBE91
:10685000D0BD453E2F3E133E0D8039BD4D3D033E1C
:106860003EBE6EBC423E9F3DB33D31BE2C3EF23D2E
:10687000D4BD2ABEC3BD01BECA3D4FBE1FBD6EBD45
:10688000313E4FBE47BED7BD2C3EE83DDEBD1F3E6C
:106890004C3E09BE253D153E2C3EC03D1FBCD43CA0
:1068A0003D3E4DBE1D3E333D093E88BDE1BC043C2E
:1068B00075BD4F3E43BE42BEDEBD52BE68BD203EEA
:1068C000D43D3E3E43BE403EEE3D04BD5A3D04BE77
:1068D00033BDC33D0EBE92BCD43AE8BD34BEC7BC86
:1068E0004D3D38BE1D3E083E083E47BE43BEFFBD7F
:1068F000273E173E4CBE2ABE47BE52BE1FBE043EB8
:1069000040BD1CBE3EBEB93C04BE2A3E6E3C433E6A
:106910004ABE923C38BE1FBE0BBD42BE203E543D17
:10692000123D42BE03BE01BE013EC3BD383E343EF1
:10693000133E4DBDA93D4F3E363E52BE473E153E2D
:106940007B3D4C3E433E043D29BE0D00253D543B5E
:106950008EBD40BD273E95BD313E243E18BEEEBDE6
:10696000F8BD4CBE2EBE273E0D00B6BD063E54BC43
:10697000153E38BE4DBD1D3E04BD4CBE183DE83D24
:10698000F2BDDABD1D3E1FBC6E3D123E01BE0B3E88
:10699000AFBD98BD13BE423EEE3D403D4C3EAF3DC7
:1069A000753DC33D95BDD4BBD4BD4CBE33BDCABD42
:1069B000C7BC2EBE523E17BEA5BDD0BD12BDD4BBB6
:1069C000A23DBDBD123D273E043DE83D92BD1F3CAA
:1069D00052BE84BDD03D1DBE18BE1D3EDABDEBBD0E
:1069E0009FBC4DBD4FBE483E1F3E4A3E9C3D61BDD3
:1069F00054BD4DBEB9BC9CBD293E52BE383E6E3D15
:106A0000F5BD293EF8BDE43D123DD7BD27BED73DBB
:106A1000CD3DA2BD03BEC03D7BBDF8BDCABD483E55
:106A2000483E4CBE52BEE83DD43A15BEFFBD4DBEF9
:106A300095BD4CBEB9BD2EBE063E52BED73D0D0023
:106A4000BD3D13BE253E1F3DDE3D1F3E9FBDE13DCA
:106A50002CBDA9BD48BEC7BC54BD33BE613DF53D8C
:106A600039BC36BEC0BD39BD043E3DBEB9BD453E94
:106A7000423E43BE22BECABDFB3CCDBD18BEE13C7A
:106A80009FBBB63D54BC923CD43AAC3C4A3E9F3C82
:106A900043BE503E2FBE9FBD403E34BE25BD40BDCF
:106AA000B9BDB9BDD0BD7B3DC73C22BE2FBE09BE1E
:106AB00047BD52BEA2BDCDBDC73C4CBE313E9F3B83
:106AC000BDBDF8BD393ED4BDEE3D043D0E3E0D00CA
:106AD00024BE473DBDBD2FBE103EACBDB63D7BBD07
:106AE0009C3D3DBEA5BDD4BBD73D393E39BED03D52
:106AF000CD3DA53DB63D4CBEFF3D43BEE1BDEE3DA7
:106B0000363ECA3DDABD33BE6E3C03BE10BEE1BDAB
:106B1000AF3D10BE43BEA23D103E4CBE84BC34BE51
:106B200006BE3DBE4ABE3B3E6EBC083EB6BDF83D0D
:106B30001FBC33BD173EA9BD54BCC0BD4FBEFB3DFD
:106B400039BD84BCAF3D273E04BC203E613D273E9D
:106B50001D3E7BBD52BE18BDF83D3D3E473E423E08
:106B600050BEA93DA93D9F3B2C3E083EA53D40BDE2
:106B700042BE433E1C3E4ABE2CBE3D3E613DE4BD8E
:106B80003EBEBDBD543B04BD2EBEEEBD6E3CD73DEA
:106B90001D3E843D453E4C3E6E3C1CBE39BC2CBD6A
:106BA000983D083E18BD183E6EBCDA3D333D98BD99
:106BB0002A3E84BCB9BCC33D1FBE08BE25BD6EBD08
:106BC00022BE81BD403D523E2C3ECA3D0B3E253D7E
:106BD000B9BC043E17BE013EACBCB33D42BEC33D92
:106BE000D4BC333D523E033EA2BDE13DFB3C2EBE34
:106BF000393DA23D54BD18BDAFBDA93D3D3E343E1B
:106C0000473EB9BDEB3D543B18BE1FBC84BC923C13
:106C100034BEFBBCD03D39BD34BE54BB383EDABDBA
:106C200043BE393CB93CD7BD8EBD0D0001BEAFBDE2
:106C3000173EE8BD1FBE52BEA53DE83D01BED43C97
:106C40000E3E4A3E54BC18BEB3BD4FBE5A3D6EBC4C
:106C50006EBD813D03BE61BD92BD393E1F3D4DBE3F
:106C6000243EFFBD1FBD95BD473ED43D843DC0BD04
:106C7000DABDB93DA23D983D4D3D133E3B3E1CBEA5
:106C8000EEBC18BD2C3E7B3D7BBD243ED4BD2CBE4E
:106C9000B9BDF23D4FBE1FBEC7BD9F3B33BD243EB5
:106CA0000B3D923D22BE2E3E1CBED43DD4BAC33D08
:106CB0002CBE9F3B183D1FBD093E393CDABD7B3DD4
:106CC000223E45BEE1BDD7BDAC3D12BE4D3E33BEFA
:106CD0003D3E123E98BDA23DB3BD0B3D22BE0BBE54
:106CE000173E54BC5ABD40BD45BE043C40BEFBBC33
:106CF000253E04BE173E3DBEF5BDFFBDBD3DE4BD16
:106D0000E13D313E3BBE403E103EC33DDE3D3BBE1D
:106D100018BDF5BD48BEFB3C45BE033E2CBE4C3EF7
:106D2000C73C39BEAF3DC0BD7BBD0D008B3D4ABEEB
:106D3000D4BC2F3EF53D68BD2C3E343EE83D9F3D22
:106D4000063E183E223EB93C103EDABD04BE3DBEB2
:106D50003E3E1FBE43BE4D3D3E3E543CAF3DDA3D40
:106D60009FBC81BD173E9CBD4F3EAC3C0B3D2F3EB2
:106D70003D3E043CFBBDAF3DD4BD54BC1ABEF53D09
:106D8000E83D17BE403DD43CB93CBDBD9C3DD03D27
:106D9000923C25BECDBD843C153EEEBD12BD25BD49
:106DA00034BE3B3E1C3E3BBE123DD73DEEBCE1BC7B
:106DB000E83D04BD54BD173E39BEBDBD2A3E043E6C
:106DC000F23D29BEEE3CE8BDFF3D683D0D00EE3CC6
:106DD000183EAC3DA53DFBBD333D25BE4C3E223E9D
:106DE00027BE333DB9BC4ABE2CBDEEBD363E43BEC8
:106DF0000D3E383E1FBE1C3E223E22BEF2BD39BCB7
:106E0000D43D2EBEC7BC273ED4BB40BD25BD4DBD25
:106E1000F8BDEE3C0EBE20BEE8BD20BE9F3B6EBC62
:106E2000C7BD153E6EBD4A3E223E333ED73D313E84
:106E3000543BE43D393E84BC0B3E4DBECA3D543DFF
:106E4000ACBC393E273EE43D84BDCD3D683D2A3E85
:106E500075BD0E3E3E3E75BD2EBE393E12BEAF3DE7
:106E6000523E92BC54BD08BE04BCD4BBE1BC0B3D39
:106E70006E3C1FBD183D25BE123D453EF8BD6E3C23
:106E80006E3D33BD54BC133E1F3EB9BCFBBD9FBC21
:106E900034BEEB3D393C4F3E753D4D3D8E3DF8BD1A
:106EA000EEBC5ABDA23D43BE423EACBD9C3D17BEAA
:106EB000E13D9C3DEE3C54BD1F3CEEBCCABDE13CF7
:106EC000FFBD433E473EC73C0BBD3BBEC73DB93D42
:106ED000483ED73D1A3E173E1ABEEE3C04BC4D3E1E
:106EE00050BE95BD183D613D033E7B3DFF3D9C3D41
:106EF0009FBCD4BBC73CA23D0D00C33D8BBD01BEB2
:106F00003B3E03BEDABDF2BD3E3E68BDEBBDDABD21
:106F10001CBEAC3C033E15BE523EC7BC4FBEB9BC06
:106F20007B3DC73D2C3D043E393D0D3E1FBD9FBC02
:106F3000203EC7BDD73D0E3E043CDA3DCABD923D62
:106F4000F5BD3B3EAFBD88BD923C4D3EACBDA2BD44
:106F500052BEFF3D9FBC9CBD84BC203E8B3DACBD62
:106F600006BE2CBD013E083E03BE093E36BE4FBEE6
:106F7000D4BD2A3EFBBD473DE43D12BE45BEE4BD47
:106F8000CA3DC7BC613D2CBE123E173E983D683DD0
:106F900061BDFFBD2EBE54BDCABDFBBD12BE61BDED
:106FA000433EB6BDE4BD9F3B54BDF53D54BD2ABE36
:106FB0004D3E0DBE843DEB3D9F3C683DC0BD9FBD39
:106FC00054BB4F3E403DBDBDC7BCFBBC043D253D51
:106FD000CABD84BD1FBEBDBD61BDB93D43BEAF3D91
:106FE000843C24BE27BEE13D2CBE6E3CAFBDC7BD78
:106FF0001F3CC03DD4BD0D809F3CE1BD4A3E2F3EAD
:10700000CABD03BE103EA9BD27BE9CBD09BE1C3E25
:10701000B33D95BD47BEB63D47BEDABD2ABE103E64
:10702000043E473E343EFF3D403ED4BDA53D523E6A
:1070300004BDC73C40BE2C3ED4BB483E0EBE0B3EFA
:107040002A3EB9BD84BCC3BD34BE2E3E683DB9BC2A
:107050002CBD9FBD433E47BDA93D40BEAC3D2C3D30
:10706000E8BD153E1A3EE43D09BE88BD153EEEBCA6
:107070007B3D04BD2A3ED43D27BE9F3B3EBE10BE95
:107080001FBD8EBD2C3E4A3EB93D18BEFB3D20BE05
:10709000A93D50BE12BDCD3DFBBC2A3E1D3EF53D77
:1070A000203E08BE17BEFFBD3D3E753D183D4ABEA1
:1070B000E43D98BDD43CE1BC203E40BD293E613D4D
:1070C0004A3E39BEE1BD1CBE33BDC0BD1A3E1FBE27
:1070D0009FBB453EB33DEBBDD03DD43C123DE1BD31
:1070E000E13D22BE8EBD2E3EC73C13BEDEBD293E15
:1070F0000D3E203E4D3D223E123E313E133E6E3C43
:10710000E8BD4ABE3BBE3EBE3DBE22BEEBBD473ED5
:107110004D3E09BE1F3C42BE843C333D84BC20BE74
:107120001A3E253E88BD6EBCD43C4A3E953D06BE07
:10713000843C0BBD543BAC3C4D3DEEBD0E3E043E8D
:107140003BBEB63D293E29BE36BE40BE34BE083EDB
:10715000843CC33D063E983D12BEDA3D253E253EA9
:107160001F3CD43CBDBDBDBD92BC01BE9F3C433E57
:107170006E3CC03DEEBD063E54BB47BEF8BDF5BDFE
:10718000223E12BD1A3E483E423E453E2E3E0EBEB7
:10719000E1BCC73C393C133E68BDEEBDD7BD133ED4
:1071A000FFBD083E50BE8EBD753DACBD13BEF83D63
:1071B000D4BD923C753D92BC95BD29BE253E5A3D3D
:1071C000253D523EEE3C0E3E12BD123D25BD7B3D9F
:1071D00029BE1ABE9F3C0EBE75BD753DAF3D083E33
:1071E000543DDA3DC0BD47BE9FBC7BBD81BD0B3E5B
:1071F00033BEE1BCE4BD333E203E9FBDFFBDD4BDE8
:107200000E3EEB3DC7BC17BE4C3E173ED0BDD43B37
:10721000923D98BDF23D98BD4F3ED4BB033EC7BCE6
:10722000FBBD043CB6BD50BEC73D9F3D84BD03BE03
:10723000203E2FBE4F3EFFBD18BE433EAC3DCA3D73
:1072400003BE39BD6E3D293EE83DDA3D31BED43C3A
:10725000063E84BDD4BA543D2C3D483E133E543DB9
:107260009F3D0D00A5BD45BEDEBDFB3CCA3D6E3D4C
:1072700004BE2C3E843C3BBEC03D123DF8BDEB3D00
:10728000273E313E9FBCFFBD39BDEEBD47BE9F3B93
:1072900008BE39BE33BE0BBE15BE9F3BF5BDACBCB0
:1072A00039BC6E3C4A3EB3BDA2BDFB3C09BEF2BD3B
:1072B000D03DE1BC40BD9CBDE8BD093E393E13BE9A
:1072C000F2BDE1BD3B3EAC3D613D1F3E50BE043CC6
:1072D0002F3EB6BD343E3E3E29BE12BE95BD423E57
:1072E0009F3D043CFB3C523E2F3E013E50BE393E8A
:1072F000543B3DBE61BD483EACBDDA3D01BE2F3EB4
:10730000CA3DB9BD39BCF8BDD4BDD4BDA5BD543C42
:10731000E13D453E06BE393C27BE9C3D6EBDB9BC35
:10732000013E54BC18BD123D403D9F3C983DF5BD0B
:1073300040BD8E3D33BE33BD2A3EEE3DAC3DACBCC0
:1073400003BE293EB93D403EA23D393E3DBEFB3D18
:1073500004BD173EC3BD133EAC3DD7BD4FBEC73DB8
:107360000D3E333E383E2CBD10BED7BD04BD403E61
:10737000243EE13C3B3E4ABE043DD43D54BBACBD43
:1073800048BED4BCC73CB9BC9F3BE83D433ED7BDDB
:10739000613D153E8E3D923C173ECABD453E1FBC29
:1073A000EBBDE4BD9F3C223E31BE25BEA5BD1FBC4A
:1073B000FBBD33BDFBBC8EBD2C3DD4BD403E38BEB5
:1073C0002FBEB63D06BEAC3D403D043D093E5ABD14
:1073D000D43D92BC25BDFBBD0E3E8B3D2CBD42BEB7
:1073E0002E3E3BBE1FBDD4BA333E843D683DAC3D0E
:1073F000B93D363ED03DA2BDE83D1F3EDE3D423E9A
:10740000CABD543B36BE54BB843C1F3C0E3E883D37
:107410000B3D25BE4ABE2EBEB9BC25BDD03D2A3E81
:10742000AC3C8E3D22BEAF3D1ABE0B3E0B3D543BE5
:10743000E8BD54BCF83DD0BDD7BDE13DE13C2CBD1D
:10744000B3BD123E923DAF3DFBBDD43BF83D253D63
:10745000DE3D2EBE2FBE5ABD6E3DA9BD54BB1F3DA5
:1074600013BE253D5ABD033EB3BD12BD2C3D0B3DA1
:107470009FBDAFBD12BECD3D5A3D043DC73CD03D82
:1074800052BE393CD4BCEB3D20BED73DE13D15BEDC
:10749000AC3CAF3DA2BDCABD0D802FBE47BE333D43
:1074A0009CBD33BDA23D5EBE1ABC8F3E29BD3F3D93
:1074B000D8BCB93D323E82BD9D3C3ABD04BEF1BD53
:1074C000753E88BD84BE1E3E54BE10BECC3DBF3D41
:1074D000CB3EEEBE783EB33D153EA8BE983E623E22
:1074E000E1BE9FBE443E18BEAD3E56BE033EF2BE58
:1074F000E9BB993E863E343E0EBE04BF993DA1BA1B
:10750000383E1BBF243F58BE933E4CBE45BD713E26
:10751000F3BD0E3D873EE3BD5D3EC3BEA23D983D3B
:10752000A8BEF03D83BE8DBBA33D1F3DBEBD7E3ECC
:107530003ABEB73E333D233E95BE72BDCCBA91BE36
:10754000873EA73E223E40BD8BBE1C3E9DBDDDBAA0
:1075500007BDBCBE3CBE093DEBBCEF3E1FBE23BE1B
:10756000D13E9B3E12BEC13D25BD483D4CBE2E3D89
:10757000483DA63AB33D043ECE3DC1BDD2BD07BE97
:1075800055BE933E73BED43E5A3DEC3DD8BE08BCBA
:107590009D3E09BEDC3D45BE02BE51BE153F973E35
:1075A0006FBD6CBDE2BB30BCFDBDA0BC10BDC3BC9B
:1075B000FF3E8DBE72BEE5BDA1BDBD3DC43DA7BEB3
:1075C00016BD533DC23E0B3F9A3DD93C8C3EA0BEFA
:1075D0008BBD67BE8CBE30BD1C3E7F3C8ABD4B3C24
:1075E000983E26BEA3BD8A3D563DA0BC9BBEB1BE03
:1075F000C93E8E3E2ABC863DC33DAF3DAE3D223CDA
:10760000E53CC43D553D353E353D5ABEAABEBFBEE4
:10761000043F3D3DE9BDEFBD1A3DD6BE573C883E17
:10762000E6BECD3DEB3E1EBE2FBE2DBD283EC0BEEC
:10763000A93E45BE61BD393E053E1A3EB13CC83C3F
:10764000DCBEBD3DA83CE63E953E723E99BE17BEEF
:10765000D5BE9A3E33BD74BDB9BDA93E433E1FBEE3
:1076600080BED53D723DCB3D8C3DDEBE483E8CBCE0
:10767000543CFD3E5C3DE53DC3BDE03C20BE0EBE3E
:107680001EBD1A3E54BEA63E48BE4C3E22BE053E1E
:1076900096BDD43DDE3DDCBD2E3C933EE7BE9A3E1A
:1076A00079BEE63CB93D4FBEF6BD83BE4B3E713E52
:1076B0006DBDC83DF2BCA23E393EF1BE3DBCBFBD72
:1076C0000A3D013E16BE8EBDAE3B633B363E20BE3C
:1076D000D43C5BBEA13DAF3EAB3E013DB63D6DBE71
:1076E00001BE943E8ABECB3D083D923DB3BE2ABC4E
:1076F000E5BC7DBE19BD8C3E79BE973E213D2B3E3B
:107700009A3EACBDA93EBBBE9ABE013D0ABD95BD29
:1077100015BE0A3E483CC33EE3BD4A3EFCBE3BBEEE
:10772000633E353E8FBE09BE3E3D483D603E9CBE39
:10773000E7BC9ABE21BD84BDA73E923ECB3E893EAA
:1077400071BB47BE86BE103EB6BC2FBE8F3B70BE1F
:1077500026BE9E3C583E093EB33DA33DFB3B00BECA
:10776000213E95BE053F643DDC3D8FBD853E9A3C84
:10777000A0BED23DD0BE03BEA8BE893E6A3E323D09
:10778000DD3D16BEB7BDF23C2DBE1C3E41BD613D88
:1077900015BD083F9CBE10BE1E3DB53E1CBC463EFE
:1077A0002EBECFBE113D0000040007000B000E00EE
:1077B0001200150019001C002000230027002A00D9
:1077C0002E003100350038003C003F0043004600E9
:1077D0004A004D005100540058005C005F006300F7
:1077E00066006A006D007100740078007B007F0005
:1077F0008200860089008D009000940097009B0015
:107800009E00A200A500A900AC00B000B400B70023
:10781000BB00BE00C200C500C900CC00D000D30030
:10782000D700DA00DE00E100E500E800EC00EF0040
:10783000F300F600FA00FD000101040108010B014C
:107840000F01130116011A011D0121012401280154
:107850002B012F013201360139013D014001440164
:1078600047014B014E015201550159015C01600174
:10787000630167016B016E017201750179017C0181
:107880008001830187018A018E0191019501980190
:107890009C019F01A301A601AA01AD01B101B401A0
:1078A000B801BB01BF01D4D45AC89CBC8B9BA8BDF6
:1078B0004909113B63109B3EBA9FBD3EEFA8633E52
:1078C000EB6EE93DC0C2B43AA8BA58BDB6859ABDC0
:1078D0006BC683BD71AC3BBB6D6E643D4771643D4F
:1078E0002F57B93B3E5357BD6066F2BCDA59A93DEC
:1078F000082F073EE2FB5D3D5E1213BCD5DC24BDC4
:10790000B9B25EBD74AA90BD9BFA9DBD159C27BD02
:1079100019F9DE3C62BE3E3DB780F13C3F640C3D50
:10792000BA10323D26A8DF3C6BA7CBBC4A6E66BDC1
:10793000009269BD5080E8BCAA9EBE3A27B33EBB08
:107940008C6996BC56879BBC293D5EBCB465B5BCB2
:1079500056DEF3BC6C464FBCAE37463C751EAF3BA3
:107960008948B6BC409FEEBCEB14A3BC52E791BC67
:107970006E749FBCD75334BCF258E0B9E507903B16
:107980002AFF3A3B0A1E353B123BBC3A669071BB5C
:1079900090266FBB9AB0293CC66EE93CAD553D3D83
:1079A000D437363DD33DDF3CC5A2833C385B443CF5
:1079B000C9DD2C3C1BB4333C8576603CDDDE6F3C7E
:1079C0009E9BEF3BDCC536BC786DA7BC8D8B4ABC5B
:1079D000DEE8163BEA215B3CA41F563C5B59033CA6
:1079E0005BA9123BF75ADDBA33882ABBA999C73B7A
:1079F0008EF7DB3C08621B3DF479193DED16E23C45
:107A0000ABD0353C6FB0153ABA8440BCD96AA6BC3D
:107A10001227DCBCBFA7D3BC0678A5BCAD9B9FBC1E
:107A2000BE72BDBCC353AFBCF2B83EBCFCE8B3BB36
:107A30006F1286BB75E2D5BB49143FBCBDD38BBC6E
:107A40007E93E1BC3DA715BDDE200BBD63F593BC65
:107A500040BB7FBB6FC0223C3984843C7366993C39
:107A60004C287C3C45FB6B3B594101BCDE839DBCF3
:107A7000BD69B9BC5478C9BC0305CDBCF542A9BCED
:107A800030EC5FBC0F4E92BBE758C13AE073FE3B4F
:107A900089AB483C3D92813CC843743C52A3FA3BBD
:107AA0001775B43A606DADBBDDFBC03DE2B4B23ECC
:107AB0008C39FC3E17000B3F9A69043FDC6AFA3EA2
:107AC000983DE43E16C1D33E0C35CD3E2760D43EF2
:107AD0002633E73E8A45DF3EDBF9C93EC66ED23E1D
:107AE000B04ADA3EED92E33E4C24E13E76B2C83E27
:107AF00063A3C93EBA89C83E5EB3C43E1739C73EC8
:107B00004BB0CC3EBF36C43EB91FB83E7841B63EFE
:107B100066B5C43E38FFCB3E2A26B63ED2FA9F3E1B
:107B20006D47A03EA92FA93E7817AF3E680FAC3E27
:107B30007B92A23EE441913E24D5873EC97F8D3E93
:107B40002ED08F3E9572893E48F17E3E7C4A843E1F
:107B5000A1A98A3E92B4843E3792793E59F0763E8E
:107B6000E881803EB204843EDBF7753E4A825C3E8B
:107B7000877B5B3EFD9E5D3E2CD0543E72CB523ED9
:107B800025F8653E14B77F3EEA73743E6F53483E56
:107B900054602E3EF78B203EAFDA253EF7A7363EE7
:107BA000EA03413EF08F413E5FEF373E1312283E1D
:107BB000F1651F3EE843213E47D52F3E55C6333E73
:107BC0007A83283EC3E62A3EC9BD3C3E6F0C493E3F
:107BD0000045403E4496273E150A1A3EB4D5143E51
:107BE0005FCD203EE0762A3EB8B4293E39171F3ECD
:107BF000ED440E3ED9430E3EB0ED1E3E7927243EA5
:107C00006BDF163E0603073E5164FE3DB334013E72
:107C10002DA9FF3D5192FE3D1C2C033EBDA8083E00
:107C2000607B163EBF731E3E103A203EAC791C3E70
:107C30008F45103E9DA2033E2718F43D49A2F83D12
:107C4000DBE4023E35C2053E9AF8043EC852FD3DD3
:107C50003108F23D43C7F03D5719F73DA110F73DFC
:107C60001B4DF03D9259E93DAE1CE93DC190EC3D04
:107C70006482EC3DF85CE73D6583E03D5B59D13DB6
:107C80005644C63D8193C23DC786C73DFC0DD03DDD
:107C90002F73CE3D9160C53D623CC33DE16BCD3D50
:107CA000052BD53DE6CFCF3D0000040007000B00BB
:107CB0000E001200150019001C00200023002700F0
:107CC0002A002E003100350038003C003F00430000
:107CD00046004A004D005100540058005C005F000F
:107CE000630066006A006D007100740078007B001C
:107CF0007F008200860089008D009000940097002C
:107D00009B009E00A200A500A900AC00B000B4003A
:107D1000B700BB00BE00C200C500C900CC00D00047
:107D2000D300D700DA00DE00E100E500E800EC0057
:107D3000EF00F300F600FA00FD0001010401080164
:107D40000B010F01130116011A011D01210124016C
:107D500028012B012F013201360139013D0140017B
:107D6000440147014B014E015201550159015C018B
:107D70006001630167016B016E0172017501790198
:107D80007C018001830187018A018E0191019501A7
:107D900098019C019F01A301A601AA01AD01B101B7
:107DA000B401B801BB01D4D464C89CBC859BA8BDF8
:107DB000BF08113B6C109B3ECC9FBD3E08A9633EA3
:107DC000F96EE93D3FC4B43AC9BA58BDC7859ABDFA
:107DD00079C683BD2CAC3BBB626E643D4E71643D85
:107DE0005C57B93B0D5357BDA266F2BCDC59A93DA7
:107DF000FA2E073ECAFB5D3D4F1213BCC4DC24BD06
:107E0000AAB25EBD88AA90BD88FA9DBD169C27BD0A
:107E100018F9DE3CA0BE3E3DEB80F13C50640C3DC9
:107E2000AE10323D20A8DF3C55A7CBBC216E66BD0D
:107E3000119269BD4C80E8BCD79DBE3ADBB23EBB17
:107E4000986996BC5C879BBC193D5EBCA765B5BCB8
:107E500076DEF3BC69464FBC9937463C2B1EAF3BE0
:107E60008D48B6BC4D9FEEBCDA14A3BC55E791BC5F
:107E700063749FBCD75334BC0159E0B9D907903B18
:107E800033FF3A3BC51D353B293BBC3A6A9071BB79
:107E900082266FBB93B0293CE16EE93C9C553D3D89
:107EA000CB37363DD83DDF3CD4A2833C385B443CE5
:107EB000B7DD2C3C1BB4333C7D76603CA0DE6F3CD0
:107EC000BB9BEF3BE4C536BC736DA7BC7F8B4ABC44
:107ED000FBE8163BE1215B3C911F563C6559033C96
:107EE00040A9123B575BDDBA4E882ABBB799C73B06
:107EF0008CF7DB3C03621B3DF679193DDB16E23C57
:107F0000B3D0353CA0B0153AE98440BCC56AA6BCE4
:107F10001327DCBCC9A7D3BC0578A5BCA69B9FBC16
:107F2000C872BDBCD053AFBCF4B83EBCFEE8B3BB16
:107F30005C1286BB86E2D5BB50143FBCACD38BBC75
:107F40008093E1BC2DA715BDD5200BBD5BF593BC7F
:107F500010BB7FBB80C0223C3D84843C5B66993C67
:107F60005B287C3C46FB6B3B594101BCE2839DBCDA
:107F7000DA69B9BC4E78C9BC1A05CDBCEF42A9BCC0
:107F80003CEC5FBC124E92BBBC58C13AF973FE3B4D
:107F900094AB483C3692813CBE43743C5BA3FA3BB5
:107FA0002A75B43ADFFBC03DF2B4B23E8339FC3EE1
:107FB0002B000B3F9269043FFE6AFA3E993DE43E76
:107FC00008C1D33E1235CD3E2160D43E2B33E73E6F
:107FD0009445DF3EDDF9C93ED16ED23EBE4ADA3E5F
:107FE000EC92E33E5724E13E7BB2C83E5CA3C93E1F
:107FF000B989C83E6EB3C43E0F39C73E4CB0CC3EC3
:10800000C336C43EB71FB83E8041B63E6CB5C43ED1
:1080100038FFCB3E3E26B63ED3FA9F3E7747A03E82
:10802000AB2FA93E8417AF3E630FAC3E7992A23EC0
:10803000E241913E22D5873ECF7F8D3E2CD08F3EB0
:108040009272893E58F17E3E7C4A843EA5A98A3EC2
:108050008FB4843E2C92793E59F0763EE881803E82
:10806000B104843EE7F7753E33825C3E937B5B3E12
:10807000F09E5D3E28D0543E6CCB523E22F8653EC9
:108080001DB77F3EF773743E7553483E59602E3ED0
:10809000018C203EA7DA253EFAA7363EEA03413E90
:1080A000F38F413E64EF373E1512283EF7651F3EC1
:1080B000E443213E48D52F3E54C6333E7D83283EBF
:1080C000CBE62A3EC7BD3C3E6A0C493E0145403ED8
:1080D0004996273E170A1A3EB2D5143E60CD203E7F
:1080E000E0762A3EBAB4293E3B171F3EEE440E3ED0
:1080F000E2430E3EB4ED1E3E8327243E65DF163E6E
:108100000403073E5B64FE3DB534013E35A9FF3DE7
:108110005292FE3D1E2C033EC4A8083E507B163EE4
:10812000C1731E3E143A203EB0791C3E9745103E66
:108130009FA2033E2418F43D4EA2F83DD4E4023E33
:1081400036C2053E98F8043ECA52FD3D4308F23D52
:108150004AC7F03D5619F73D9810F73D294DF03DBF
:108160008E59E93DC81CE93DC590EC3D5D82EC3D72
:10817000F65CE73D6B83E03D6C59D13D6544C63DFF
:108180008493C23DC786C73D060ED03D3F73CE3DAA
:108190009860C53D693CC33DDC6BCD3D0E2BD53DA4
:1081A0001C403E40C93FF8BC85BE1BBE43BFB4BFA8
:1081B00081BF7E3FCB3F1B3FA2BD163E003F763FB7
:1081C000DD3FF93F2A3F29BF41BF293E4A3F963F45
:1081D000793F1F3FF6BDA5BEF6BE1DBF65BEAC3ED6
:1081E000663F443F123E433B0EBEF5BEBABFD3BF0F
:1081F000A9BFC0BE063F593F963F483F66BFAEBFCE
:10820000BEBFAFBFFFBEABBE7DBF5CBF223E003E68
:10821000D4BE163F0E40EB3F8E3F013F303F803FC4
:10822000B13FD13FFC3FE53F7D3FA53EF93E833F57
:10823000A93FD83FF93F39406C4055401940B73FFE
:10824000613EA3BE7ABFC7BF56BF05BD8D3EA83FE6
:10825000E03FCB3F483DC4BE5BBFC5BED63EE13E1E
:1082600000BDE3BEFABE93BFA3BF30BFC53DB73F5D
:10827000BB3FD73E383CBF3E16BE5CBEE2BE30BF01
:108280002EBDDC3E843F11403B404B403B403A40DA
:108290002740FD3FD73F993F5D3E81BE0DBE803FE9
:1082A00021BF61BF4CBF7C3E5D3FC83F7F3F86BF63
:1082B000CFBE163FC13ED93E86BD8CBF97BFDBBE49
:1082C000BCBE04BE513F2F3F2EBE3CBF8ABF01BF84
:1082D0004A3E053DF7BD48BE843DC03E123F933E39
:1082E000EEBDDFBEB0BE4C3E143F743FA13FBF3E6B
:1082F0006ABF34BF4CBF5FBFBCBEBBBC86BE4BBEFB
:10830000143E173F803F603EB0BE04BF2DBF3EBF4E
:108310000BBF9BBB023FA73FF63FE83FB43F7A3F0E
:10832000263F02BF7DBF7FBF01BF05BF77BE9FBE97
:10833000B9BE07BFE8BE443EC73E353F403F9E3F03
:10834000993F403FAD3EAF3EF43D533E4E3D5EBE95
:10835000FABEDCBE7CBE863B5A3EA43E113EA9BDA1
:1083600008BFF8BE1BBE863DC53D84BDC6BE00BF6E
:10837000A2BE333EE53E133F1A3F443E29BE1DBF19
:1083800021BF17BF1DBFEDBEC5BE743E293F4A3F8A
:10839000283F553E1F3E123E293C10BF36BF803F4E
:1083A000A73F44BD07BFD5BD57BF20C0DBBF91BFAE
:1083B0009FBF82BF1CBFD63FD63FA43FD43F0C40D7
:1083C000B03F3F3F993F073F9B3DEEBE63BEA83E97
:1083D0001B3E7C3F1C3FA0BC813D4ABE2ABECDBE99
:1083E0007EBF22BF883E5D3D87BFC1BE093F0EBC38
:1083F00021BF15BF04BF2ABFD4BE6BBE1B3D783D55
:10840000333C843EEFBD50BF60BFC2BF0BC0E0BF76
:10841000ABBF92BF8DBF88BF3EBF15BF31BFEEBEA1
:10842000023E3D3F9B3F0840EC3FBD3FDB3FEE3F00
:10843000EF3FBC3FA83FA83F903F793E5BBED93C91
:10844000673E813E58BDFEBDA2BD45BE0BBF4DBFC0
:108450003CBF41BE053F333F4B3F6B3F453FB43EC2
:108460003FBED0BE49BF8BBFEEBF07C0C7BF92BFE4
:108470005DBFAABE1DBEE6BC863DD5BE48BF35BFAA
:1084800035BF84BF99BF44BF6DBCA13FC43FDC3F33
:10849000F03FD73FCD3FB63F8C3F903F853F803F79
:1084A000A6BD423ECD3E883ECFBEECBF1EC003C03F
:1084B000AFBFDCBC3E3F8E3F553F1F3E86BE3A3FBE
:1084C000E23FB23F5EBD84BF92BF2CBF653EF93F25
:1084D0002D40CA3F553DD0BD163F633FF13E4E3E55
:1084E000FF3EB23E48BE8ABE3A3F963FDC3E9BBE50
:1084F00043BE323F513F053E10BF6FBEC23E2E3FCE
:10850000BA3FF23F583F8BBF01C0E7BF61BF0DBC10
:10851000513ED5BEB0BF0CC0F8BFBBBFAFBFF1BFAF
:1085200024C03FC027C0C3BF20BFB13E323F123F6F
:10853000D13EC03E7C3C8CBF05C02BC005C088BF6F
:10854000143DC13E5F3EB4BE65BF52BF89BE1D3EF5
:10855000043F223FF13E143E253FB03FDF3FEA3F5C
:10856000F43FF23FE43FC53F853F313F323F9B3F01
:10857000D23F03401640FB3F9F3F303F413F0A3F01
:10858000E4BC36BF68BF4FBF91BE753FDA3FFC3FCA
:10859000CA3FE03E11BF97BF98BF94BF7BBF803FEB
:1085A0001900190019004B0019007D001900AF00D7
:1085B0001900E10019001301320032003200960068
:1085C0003200FA004B0019004B004B004B007D00BD
:1085D0004B00AF004B00E1004B0013017D00190080
:1085E0007D004B007D007D007D00AF007D00E1003F
:1085F0007D00130196003200960096009600FA0066
:10860000AF001900AF004B00AF007D00AF00AF001E
:10861000AF00E100AF001301E1002300E1004B00D7
:10862000E1007D00E100AF00E100E100E1001301A5
:10863000FA003200FA009600FA00FA001301230053
:1086400013014B0013017D001301AF001301E10082
:10865000130113014501190045014B0045017D003F
:108660004501AF004501E100450113015E01320003
:108670005E0196005E01FA007701190077014B0058
:1086800077017D007701AF007701E10077011301E9
:10869000800020000C00803F01010100523E0000DC
:1086A0000000E7BD7DBE0C3D70BEE2BC33BE2BBEFC
:1086B000F03DFFBE213E23BEFB3D32BEF2BC75BD88
:1086C000303EF23BBF3D67BEEC3D793D2F3E403E24
:1086D0003ABC923EFB3C9A3C72BD1A3E3CBDA53C66
:1086E000723E8ABD2EBC9DBD31BBB8BE883E8B3E5E
:1086F000B63D11BDDFBEB3BECE3D25BE4DBE88BE6C
:108700004C3E79BE8BBE07BE4F3CB53DD1BD013E50
:108710008A3D07BC3B3D5B3DACBE263EE9BDAEBEDF
:1087200089BD073E5B3D773E8FBDD23C0E3E983DF6
:108730008F3EBF3D643E943D5ABDCC3C0A3E3F3D1A
:10874000B53C7B3EB0BE24BEDDBE983D9EBE5DBD49
:10875000C63D083E48BEA7BD8D3CA33D82BE433EFC
:108760001D3D47BE19BDE43DE13D2A3E77BDAE3D0E
:10877000ECBDB63D01BE6B3EBD3D413EFEBDC03DC4
:10878000BE3DF6BDDDBDB8BDD73C77BD313D0BBEAE
:10879000603C9A3D90BDE43D713E953D9F3EBDBE1F
:1087A000233EB83DB4BE693D333EA1BD87BE70BE19
:1087B000953C9DBEC33DC6BD043EBE3CE0BD633E90
:1087C000943EE4BD853DE8BE96BE2FBD73BE433EDC
:1087D0002BBE9D3D743DCE3E173DAABE6F3E4B3E27
:1087E0001E3E2CBDC93DB0BD47BE69BE0CBDADBE71
:1087F000E6BE2B3E523E2FBC07BECBBD8A3EB83DE7
:10880000DEBD4DBD14BDEDBD363D02BEC93DF83CDB
:10881000023E783E4EBC4DBE5D3E3C3EDABC82BE62
:108820003EBD833AAA3D5CBD8CBE28BE9EBE873C41
:1088300036BEA33DBCBE09BE00BFD3BE23BD843E31
:10884000693E49BED3BEB13DD03EA3BCFD3D103E06
:10885000733D753E4BBDD6BDAD3DDCBDAD3E1FBDD0
:10886000D6BD893D2A3EE93D9B3DD1BD4CBE63BD91
:10887000FEBD8ABDFABD47BC55BD9ABE3FBD8FBE89
:10888000243E9BBE33BE553E1A3E6FBEAABC48BEB8
:10889000833E62BE153E693E9CBE883E203E98BD2A
:1088A000ABBC8D3D1B3EAD3D41BE9D3E423DFBBD43
:1088B0004A3E473E603E323E92BED0BD243E693EB7
:1088C000FBBCE63D3C3E5EBD29BD013E32BE63BB06
:1088D0002F3E79BE2CBE3C3E48BE583D903E393BB3
:1088E0001C3D9E3D8BBE573D843DE4BD9F3E063DF5
:1088F000A7BC113EA23E6D3EEDBDDF3D573E153E8D
:10890000BC3C253C91BD4B3DB7BEE33DF03D88BD31
:1089100082BE3D3EFBBDAEBE8ABE373D13BE663E47
:10892000F7BD23BEFC3D1DBED4BDF0BECD3D35BD63
:108930007D3EA93D443E4ABE2CBD0F3EE43DDFBD19
:1089400098BE813E233ECC3D2ABE1E3E543EA13EF3
:1089500034BE333ECBBEE5BD083DD1BD22BE83BE95
:10896000D5BED9BCE5BEB43DFD3D77BB86BD353E29
:108970000E3E733E9E3D643EEB3C88BA413ED3BC06
:1089800005BE7FBE28BEE0BD8CBD99BE0B3EC3BDFB
:10899000C73DCE3DB6BD1EBD08BDA8BD7CBDE83DF2
:1089A000FC3D013E943EC7BE343E54BEE2BD2F3E68
:1089B0006F3E2EBE11BEF03C0E3E063ACC3DE6BDEB
:1089C0001B3EA03E1C3D11BE4B3D6FBCE83D25BE8D
:1089D000D93D233EAA3D023EA8BEC2BE8ABE473E46
:1089E000E33DB2BE2A3D3FBEE2BD1ABE7DBE3DBEE6
:1089F000A5BDA2BD283D963D59BDF53EEFBDC23D8A
:108A0000833D5F3D143D0C3E3E3D0C3B31BE20BEE0
:108A1000B4BD643E223EA0BD343D5A3E063E233ED8
:108A2000CFBDA0BD4DBD89BE42BD11BD8EBE00BF34
:108A3000AFBE1FBEFBBC0BBE00BF5CBE013EBF3D58
:108A4000573EF4BD83BE143E99BCF83D1E3E42BE67
:108A500093BC04BE8A3EB83C173E90BE933E8F3D09
:108A60003B3E0E3E313D213DA3BD823E90BCACBBA2
:108A7000D3BC153E9B3D293E083D103E833DF33D52
:108A80004EBEA2BDE5BD383E3C3EEABD8DBD943D27
:108A900025BC1B3E80BD993D00BF2CBE74BD5C3D16
:108AA000E4BED6BE8FBE8A3D00BF6E3D87BE073E88
:108AB000143ED03D873EC4BDDCBDC3BC6D3D843C8F
:108AC0009E3D85BD9FBE1CBEF93D953C763D653DF6
:108AD00083BE0C3E68BD4EBD81BC00BFC7BEC1BDDC
:108AE000B3BCBEBD01BE06BE3FBEBFBD013D4EBD57
:108AF000B63DC53C3D3D663E143CF53D39BD383D77
:108B0000D33D4A3E51BD673E843EF03D653DA6BD26
:108B10005B3E8B3D61BB9C3D3D3D42BE463E8FBEB4
:108B2000B4BE9F3D8E3DF73D233EE8BD213E603EF5
:108B3000583ED4BD32BE023EE53D2C3E573D9B3EE5
:108B4000733C87BE84BDF3BC8D3D733D67BEEC3D79
:108B500083BE1EBE353E343E763D2C3E0ABA96BEDE
:108B6000DDBD383EEFBD443D063D643D3EBE00BF29
:108B7000E1BE0A3E083E213EE83D3ABD873E36BD95
:108B8000793EB43B933EEA3D523E2D3EA0BE00BF2F
:108B9000263D6F3E473E84BE413E8D3C3E3EAB3E51
:108BA000D2BD9EBD39BBC23DA33D81BCD4BD8FBEED
:108BB0006EBEB7BE253D393DA43DADBC21BE5C3D7A
:108BC0000D3E15BC8EBD433D2F3E4FBEEFBE12BEC7
:108BD000DB3DE1BCDC3D143E84BEBA3D2C3EA83EEC
:108BE000E4BD0EBEEDBD0EBD203E2B3E4E3DF2BCA3
:108BF000A1BEF23D76BD6F3C7ABE2B3E063E5D3E89
:108C0000843ED3BD9ABE053E9B3E123E443EF2BE1C
:108C1000623EA13E01BD08BE00BF083EFBBCCC3C8D
:108C200016BEBCBE64BE173E953D26BE7D3C97BCBD
:108C30006C3E753D0E3EB83DF6BDB6BD1E3D8DBDCC
:108C40000ABDB8BD8ABE76BE8ABEBBBD1CBE6DBEA7
:108C500050BE25BC87BCBBBDF93DD23D5A3ECCBE03
:108C6000E8BC153E253EAEBD07BE253C093E3E3D57
:108C70004BBE00BF83BD28BE33BD1C3E143E75BE37
:108C8000683D81BDFABD313D92BCAEBE3DBE2DBD3D
:108C9000543DB4BC1C3E22BEDABDC73D833EA1BCE0
:108CA000DABDFC3D43BE79BE423D0BBD54BDC73E5F
:108CB000B9BD7CBEE23DC6BDF6BC2A3E053E2EBE19
:108CC000C0BE323DB63DB93D11BE0ABEE3BE1E3C3C
:108CD000CABDBD3D4BBE9FBD803DD83DC9BDD9BDC0
:108CE00044BD85BE4E3E303EF5BDB43B86BDA63D7F
:108CF000483DFBB99B3D483E1B3EF43D0F3EE03CEA
:108D0000D1BDEFBED5BD9BBD08BDAFBE5FBE22BE0F
:108D1000C2BCB63D3B3E34BEE3BE64BE00BFFFBE38
:108D20005FBD933C393D16BD03BEBCBE93BD83BD44
:108D3000723D9BBE223E1ABED93DF83D72BECCBEEE
:108D40004BBE343E813EBCBD6ABE213E433D9CBE0F
:108D5000BABDB4BCAE3D15BEC1BDACBDA6BEE9BE7C
:108D6000C5BD673DFA3D7BBEE1BE76BE2A3EECBC8A
:108D7000073E8E3DAABE9FBE313DE33B2FBE21BEC6
:108D8000D33E223E19BEC03D913D69BEE03D123E3C
:108D900022BD3EBEE4BC42BE813DA5BEF8BE31BD93
:108DA000E3BD32BEC4BD463D493DDD3D243DD83D19
:108DB00096BE3BBDFEBD8FBD843D8CBE3FBE093E11
:108DC0003C3EFABD2C3E9C3D333EE3BDB73D3FBD2E
:108DD000AC3D803DC7BC1CBD703E0A3D793E6B3E3C
:108DE000203ECA3E363EC13D413E253EBABCD63E3F
:108DF000AF3D853C84BE103EAD3D67BEB93DAC3D48
:108E000025BC483DBEBD88BEB5BDE73D6C3E25BD19
:108E100099BE83BE00BFF03C603C1BBE00BF94BE49
:108E200018BD523D5EBC063E833ED53D743D3F3E7F
:108E3000D33DD03DC13D973EA7BD3EBE44BE8D3E15
:108E4000013D74BE00BF15BEB4BD103E153E1DBE33
:108E5000FFBE77BE90BE69BCD2BD92BE2F3D66BE3E
:108E60003BBD593E803E10BE17BEC63D373E1A3D43
:108E700081BC203E033DB23D783E99BC763D213E0B
:108E80003F3E753E823DF13C8BBD073BB53D8C3D81
:108E9000EBBCC0BC98BDFABC71BCAABDE6BE7ABE34
:108EA00036BE27BEFABE1BBE8DBE38BE8FBEA839E9
:108EB000A63CBC3E9DBECA3D0F3EE2393DBD85BECF
:108EC00093BE08BE5A3EE1BD313E19BE913D403DC4
:108ED000EF3D313EE33D2FBE903EFDBC51BEA1BEF5
:108EE000613EC5BDFA3DA5BD70BDF4BD953CF9BC64
:108EF000AEBEDEBC7EBDC13C8BBC0F3E403D78BEED
:108F00004CBE0C3D1FBD333E34BE213EA53C9E3DB4
:108F100033BEF2BE4D3E8E3E383E5D3E713DC5BC19
:108F2000373E523E643E413E143DF5BD023E26BCF6
:108F300029BE303E823E8CBD963C3C3D653C40BEE9
:108F4000E5BD713E343EE2BD3BBD5D3E933E9F3E7E
:108F5000023E213CA43D193E6B3E5C3E76BD3D3E4B
:108F600036BC803EC0BD9FBD0CBDD73D123D583EB6
:108F7000D83C93BC703E2C3E9EBD8FBD813E073ECB
:108F8000D4BC97BD85BD323E5B3EC6BDDC3D993E3F
:108F90000D3EE2BD2D3E46BD8F3EAB3E133ED0BDE5
:108FA00087BD713EB4BE8EBD213E6B3E183E663D10
:108FB0002BBEE7BC61BD633E013D5BBE453CFCBDD5
:108FC000B33D83BECB3DA13DB9BD2D3E70BDFC3C44
:108FD000A63D48BE55BD81BE123D1EBDCCBEB13DB5
:108FE000683D8C3D273EABBDD53DD13D98BEA4BC70
:108FF000133CCEBDA03DE7BDA9BE0DBD52BDC3BC57
:109000002CBDF1BD8F3EF5BD8CBD21BE11BD663EB0
:10901000FD3D6DBE01BDC0BDA63D7BBB02BE85BD95
:10902000A33E1E3E183EA6BD8B3D1E3E9E3EE43D29
:10903000BEBC79BB393E59BEA3BDD0BD0DBE9E3D61
:1090400068BE8EBE863E75BE593D02BE9C3E303E19
:1090500029BE813D133E383E463E143EBDBE42BE53
:1090600019BDC83D363E863D2BBC4D3E163E4CBE1E
:10907000A33D9E3D93BE203E053EA53D3DBD9FBD0B
:10908000013E353E723E623E69BE86BD6DBC193DF5
:109090001DBEDD3C703D7A3E51BE383E86BEBCBD35
:1090A00011BE14BE193E353E1BBE523D99BE233E35
:1090B000F5BD463EE6BDBBBD7FBDFABD013E10BE5F
:1090C00085BC0A3D73BE6E3D253EA33DAD3C4BBD08
:1090D0009BBCA43DF33DED3D9E3DCB3C01BEED3D33
:1090E0005F3D00BF7DBE57BE883E943B2ABE00BF99
:1090F00000BF823DB03D14BDE0BDDE3C323EDE3DF2
:10910000713CD83CFEBD1D3E17BDA3BD9EBE913D2A
:109110009BBE00BF98BE90BD513E213E0EBEA3BE79
:10912000DEBD75BED63D33BD6EBEC93C043D0F3EAF
:10913000C73D90BEE13CE6BC053E9FBE45BD373D08
:10914000873D3EBE4D3E643E883E1A3EBB3C97BDC9
:10915000073B353E743E50BE893EAF3E283E163E2C
:10916000153E2ABE56BEC1BCB4BD633EFB3D5CBBD2
:10917000C43D6C3E0C3D1E3DE9BC073E113C683EC3
:10918000173E363EF4BE183E4C3E24BE95BEA6BDEC
:10919000E63DC63D3DBE9ABC2F3E7DBE3EBE973DE0
:1091A00080BEADBEE9BD333EE53D393E313E743D46
:1091B0000B3EEDBD263E32BDB6BD2E3E8A3EE2BD23
:1091C000B3BD783EC4BC00BEA83DF5BD0ABC05BD1C
:1091D000E4BD903C21BC66BEBDBAF63DF23DBEBDCD
:1091E000133DCCBDF33CC33D9A3E44BD0ABEA2BE76
:1091F00076BE693EE33C6FBD46BDA5BD293E9BBD25
:1092000098BD04BE4B3EE63DC8BCC9BD79BCAD3E71
:10921000543E6A3E183E8ABE89BD41BDB23CE83D1F
:10922000983DABBE82BE62BEB6BEA43D6CBD123ED2
:109230000CBE19BE62BD0A3CA63C09BEC1BD57BEEC
:10924000A8BDC3BDE9BC3D3DD7BD54BE53BEBBBEEA
:10925000F3BE08BDDD3D913DD3BD133E453E05BC8B
:1092600005BE2B3E083EEABD653DBABE7F3E943E3C
:10927000653E84BE01BE173E61BD2FBD9EBE23BEAE
:10928000013EF43C5E3DD03D00BF863E89BC51BCF2
:109290007A3ED7BDE7BD0F3C11BE88BD34BCF9BDD9
:1092A000A23D6CBD9DBE99BEA33D283D80BE41BE82
:1092B0000ABDCB3C413D6BBDC8BDB63D363E583EB8
:1092C000A9BE193EB73C66BE86BD4E3EF5B9033D0C
:1092D000E73BE53D823E283ED23D11BD603D4C3E20
:1092E000A9BE7EBEB6BD933B5B3E813C8CBD123CAD
:1092F000163E6CBD363EA5BEC93D58BD0B3CE8BC14
:109300003A3E363E063ED93D593DEE3D893D523D01
:1093100095BEB0BDD5BCD1BDC1BCC53D1C3EDF3C7A
:109320006EBE38BED03BCFBE00BF5ABE43BE2D3E40
:10933000103E6D3E363D823D71BDDE3D5A3D1D3EC7
:10934000F6BC5DBD68BDB13D3F3E9EBD9B3DBC3D95
:109350009B3D3DBEBB3DE63DB33E153E9ABE88BE3D
:10936000BABD2FBE05BDAABD7DBDDDBC87BD7FBE1C
:1093700084BD013D583E633EAE3DAABD3B3E463DE9
:1093800000BDD7BE733DBF3C943D63BEA9BE763DD4
:1093900069BD04BED9BD06BE923E16BE383E523EE1
:1093A0001ABE11BE473E273EACBD233E673E21BDDF
:1093B000CEBD823E44BD953D0ABEB9BD8E3E833CC6
:1093C000BBBE6ABE9ABE87BD063E1CBE72BE083BCF
:1093D00010BE18BEA03BE5BD00BF00BF163D7F3DDF
:1093E00030BEB9BE423E6FBE3DBE6ABD8BBD203EA3
:1093F000663E5CBE973D6EBEE63C56BD64BE603EBA
:10940000893E313E963C1B3EA73D4B3D633DB93DF9
:109410009BBC333D0D3E18BEB93C49BDEB3CF5BB92
:10942000473EE63D0D3EC23D0E3EEFBD953D2A3E18
:109430004CBE8BBEC9BE85BEBCBD203ED33DFE3DED
:10944000A7BDC5BDA13D6ABEB63D853C5CBE09BE9B
:10945000203EB1BC0F3E02BE873D923DEB3DB0BD0C
:10946000A63E0A3E803DB7BBCCBC3ABE86BE01BE1E
:10947000B6BD8ABB96BD3D3E07BE873C04BEB7BEA7
:1094800010BE233EB53D823E9DBE193EA13BBCBEF3
:10949000413EA73E7ABCA0BEB8BEA03E07BE303E4D
:1094A000623E333ED73D853E973E293EB63D80BE67
:1094B000B9BB43BE9BBED93DC3BD42BD8A3A383C11
:1094C0000F3E85BD0DBE45BE983EC13CC4BEB0BC7E
:1094D000DABD913DF7BE743E23BD7A3E273EA6BD60
:1094E00000BF1EBE2CBE173EE9BEAB3EC03D62BDF6
:1094F00000BF08BD663E8B3D9C3E253D583D8F3DDF
:10950000193E063DF2BD5C3DA93E283E4DBECABE99
:1095100087BD5B3C753EBFBE74BC8BBE6A3E15BE4C
:109520000B3EBBBEEDBDB23EB8BD8A3D2A3D12BC6E
:109530003C3EED3D9ABC0F3ED3BD863E9B3E17BDE3
:10954000EDBDCCBDA4BE0CBE82BDE83DA7BC26BD12
:1095500032BE1A3E993E7E3E893D573EE93C94BE5E
:10956000813E2C3E00BF5F3E583D4DBBA0BE40BE7D
:10957000DEBEFCBDFABC25BEE93DA13D96BD933ED5
:10958000463E203C8A3EA73EFC3BA0BD5BBE663DFE
:109590004ABDE1BC063DFCBE13BE03BE12BE893D02
:1095A00010BD416372796C696350616E436F6C6C7E
:1095B0006563746F7200504F4E47204150414E2FEB
:1095C000310D0A005354415455532054580D0A008C
:1095D0005354415455532041524D45440D0A0053B4
:1095E00054415455532049444C450D0A004E4143C3
:1095F0004B20425553590D0A0041434B20434150E3
:10960000545552450D0A004E41434B20554E4B4E8A
:109610004F574E0D0A00D4D45830303020593030D6
:10962000302041303020202000000000494E4645C7
:1096300052203030302E30306D73202000D4D4D4FE
:10964000D1F71737D1F717B78071313F807131BF2C
:089650000000003F000000BF14
:10965800686AFE6F01000000B2DCFE6F01000000C6
:0C966800749601100000002005000000B6
:10967400FF80FFFFFF88FFFFFFFFFFFF0100500097
:049684000080000062
:020000042000DA
:103B000000000000000000000000000000000000B5
:103B100000000000000000000000000000000000A5
:103B20000000000000000000000000000000000095
:103B30000000000000000000000000000000000085
:103B40000000000000000000000000000000000075
:103B50000000000000000000000000000000000065
:103B60000000000000000000000000000000000055
:103B70000000000000000000000000000000000045
:103B80000000000000000000000000000000000035
:103B90000000000000000000000000000000000025
:103BA0000000000000000000000000000000000015
:103BB0000000000000000000000000000000000005
:103BC00000000000000000000000000000000000F5
:103BD00000000000000000000000000000000000E5
:103BE00000000000000000000000000000000000D5
:103BF00000000000000000000000000000000000C5
:103C000000000000000000000000000000000000B4
:103C100000000000000000000000000000000000A4
:103C20000000000000000000000000000000000094
:103C30000000000000000000000000000000000084
:103C40000000000000000000000000000000000074
:103C50000000000000000000000000000000000064
:103C60000000000000000000000000000000000054
:103C70000000000000000000000000000000000044
:103C80000000000000000000000000000000000034
:103C90000000000000000000000000000000000024
:103CA0000000000000000000000000000000000014
:103CB0000000000000000000000000000000000004
:103CC00000000000000000000000000000000000F4
:103CD00000000000000000000000000000000000E4
:103CE00000000000000000000000000000000000D4
:103CF00000000000000000000000000000000000C4
:103D000000000000000000000000000000000000B3
:103D100000000000000000000000000000000000A3
:103D20000000000000000000000000000000000093
:103D30000000000000000000000000000000000083
:103D40000000000000000000000000000000000073
:103D50000000000000000000000000000000000063
:103D60000000000000000000000000000000000053
:103D70000000000000000000000000000000000043
:103D80000000000000000000000000000000000033
:103D90000000000000000000000000000000000023
:103DA0000000000000000000000000000000000013
:103DB0000000000000000000000000000000000003
:103DC00000000000000000000000000000000000F3
:103DD00000000000000000000000000000000000E3
:103DE00000000000000000000000000000000000D3
:103DF00000000000000000000000000000000000C3
:103E000000000000000000000000000000000000B2
:103E100000000000000000000000000000000000A2
:103E20000000000000000000000000000000000092
:103E30000000000000000000000000000000000082
:103E40000000000000000000000000000000000072
:103E50000000000000000000000000000000000062
:103E60000000000000000000000000000000000052
:103E70000000000000000000000000000000000042
:103E80000000000000000000000000000000000032
:103E90000000000000000000000000000000000022
:103EA0000000000000000000000000000000000012
:103EB0000000000000000000000000000000000002
:103EC00000000000000000000000000000000000F2
:103ED00000000000000000000000000000000000E2
:103EE00000000000000000000000000000000000D2
:103EF00000000000000000000000000000000000C2
:103F000000000000000000000000000000000000B1
:103F100000000000000000000000000000000000A1
:103F20000000000000000000000000000000000091
:103F30000000000000000000000000000000000081
:103F40000000000000000000000000000000000071
:103F50000000000000000000000000000000000061
:103F60000000000000000000000000000000000051
:103F70000000000000000000000000000000000041
:103F80000000000000000000000000000000000031
:103F90000000000000000000000000000000000021
:103FA0000000000000000000000000000000000011
:103FB0000000000000000000000000000000000001
:103FC00000000000000000000000000000000000F1
:103FD00000000000000000000000000000000000E1
:103FE00000000000000000000000000000000000D1
:103FF00000000000000000000000000000000000C1
:04000003000035D5EF
:00000001FF
