:020000041000EA
:1000000000400020F5140000150B000055150000FD
:1000100000000000000000000000000000000000E0
:10002000000000000000000000000000F1140000CB
:100030000000000000000000DD020000F1140000DC
:10004000450600008D02000075040000F114000058
:10005000F1140000F1140000212A0000F114000046
:1000600085010000F1140000F1140000F1140000FB
:10007000F1140000F1140000E5050000310A000051
:10008000F1140000F1140000F1140000F11400005C
:10009000F1140000F114000011050000F11400003B
:1000A000F1140000F1140000F1140000AD02000092
:1000B000F1140000F1140000F1140000350C0000F0
:1000C000D0B502AF72B60120040215490C60BFF32F
:1000D0004F8FBFF36F8FC00400F078FD11480168A7
:1000E000114A0A43026011480168FF2291430160EE
:1000F0000F48C16880221143C16019210160C368A3
:100100009343C36041610B49C160002141600169B3
:100110008068094804600948046062B6D0BDC046E2
:1001200080E100E0E80001402122000008E400E056
:10013000201800410310000080E200E000E100E030
:10014000074BDA6059600178064A11600121996015
:10015000401C186050680221014351607047C0463E
:10016000CC04002020180041044908610448C168FB
:10017000016805220A4302607047C046CC04002093
:1001800024180041F8B504AF274A50680E230340F5
:10019000022B0ED00A2B0CD0042B27D1101F006885
:1001A00022490B69D168002B21D0C0B289B298478F
:1001B000F8BD06201840022819D11C4D6968A868AE
:1001C000814215D9131F2C6826781E60401CA86038
:1001D000631C2B6081420AD110680223984310608F
:1001E000EA68002A03D0002408460FE0D068F8BD72
:1001F0001168022B0ED1022399431160116840232C
:100200000B431360EA68002AF1D00024214690478E
:10021000EC60F8BD422399431160EA68002AE6D0F9
:1002200000219047F8BDC04624180041CC040020AE
:10023000D0B502AF72B6032000F0C8FC0E4802240D
:100240000460BFF34F8FBFF36F8F0C480021016034
:10025000A320400000F0C4FCFF20000208490A6807
:100260008243012080031018086006480460064895
:10027000046062B6D0BDC04680E100E008100040D6
:1002800000E400E080E200E000E100E080B500AFC3
:1002900002480068002800D0804780BDE0040020AC
:1002A000014908607047C046E00400200148012170
:1002B00001707047E404002080B500AF00F02CFC12
:1002C00080BDD4D4FF20000403490A688243032080
:1002D000800510180860704720ED00E080B500AF81
:1002E0000348006880470120C0060249086080BDBD
:1002F000F804002004ED00E001480021017070477F
:10030000FC04002005490A78024200D0704701220F
:100310004A700A7802430A707047C046FC04002005
:1003200080B500AF00F0B0F900F0E0FB00F0C4F9D8
:1003300080BDD4D480B500AF72B6032000F046FC77
:10034000094904200860BFF34F8FBFF36F8FFF216F
:100350000904064A13688B43136005490860054980
:10036000086062B680BDC04680E100E000E400E0C5
:1003700080E200E000E100E0F8B504AF411E89B280
:10038000CD087C2D1FD801210902124A116003F00B
:10039000B1FC114A114B03F051FD0024104B2246D1
:1003A00002F088FF03F01EFB00F022FC0D4E3470BB
:1003B0000D48016802220A4302603078002802D109
:1003C00000F02CFCF9E77D2D01D30020F8BD0120C1
:1003D000F8BDC04618100040FCA9F1D24D62404063
:1003E0000000F0BFFE040020F0100040B0B502AFE6
:1003F000411E89B2CD087C2D19D8012109020F4A6E
:10040000116003F077FC0E4A0E4B03F017FD002439
:100410000D4B224602F04EFF03F0E4FA00F0E8FB39
:100420000A4804700A48016802220A4302607D2DCE
:1004300001D30020B0BD0120B0BDC046181000405F
:10044000FCA9F1D24D6240400000F0BFFE04002044
:10045000F0100040014800787047C046FE040020BC
:1004600080B500AF00F0CCFB01480121017080BDD8
:10047000FE0400200148012101707047FE040020A5
:1004800080B500AF72B61F480221016000F0C6FBC4
:1004900000F04AFB00242046214600F06DFB62B6C6
:1004A000FFF73EFFFFF70EFFFFF744FFFFF7C0FE29
:1004B00015480168012529430160FFF701FEFFF798
:1004C0001BFF00F003F900F01DF900F029F900F01E
:1004D00073F928462146224600F048FA00F034FA23
:1004E0000A49284600F0B8F9044600F057FA2046B9
:1004F00000F08AFE00F0D4FE00F090FBFFF7DCFE77
:10050000F8E7C04604300040F01000403C4B0000CB
:10051000BCB504AF01A80025058069460D801C4AC2
:1005200012680F239A4302801A48019A42400A80B7
:10053000194C2078002803D06846008802F02CF976
:100540002169E08842008918009A0A81A188491E21
:10055000814202DD401CE080BCBDE580607801285E
:1005600002D10120FFF7CEFEA078A168E268002842
:10057000134600D10B466361002800D1114621616A
:1005800001214840A070A0690028E5D08047BCBD8B
:1005900038100042FF7F0000000500200748C168B6
:1005A000074A13680B800B460833C3601068488005
:1005B000106888801068C8807047C0461C050020FD
:1005C000200800410548C168054A13680B808B1D4F
:1005D000C360106848801068888070471C05002040
:1005E00020080041B0B502AF1448016889B24160EB
:1005F000134D6C68611E032919D8C04679440979E6
:1006000049008F44010D070AE96800690880881CC9
:10061000E8600CE0FFF7D6FF09E0FFF7BFFF06E058
:10062000E96802690A800A1DEA6000694880AA68D0
:10063000002A02D0002120469047B0BD100800419A
:100640001C05002080B500AF04480068002800D0D9
:10065000804703480121016080BDC0461C05002081
:1006600004010040002804D002680A43026002200E
:10067000704700207047002804D002688A43026057
:10068000012070470020704780B500AF0120400274
:1006900003490A6802430A6000F004F880BDC046BE
:1006A0008C00014080B500AF02482021FFF7E3FF36
:1006B00080BDC0468400014080B500AF02482021C3
:1006C000FFF7D0FF80BDC0468400014080B500AF79
:1006D0000120400403490A6802430A6000F004F85C
:1006E00080BDC0468C00014080B500AF034840216A
:1006F000FFF7C1FF0249087080BDC0468400014079
:100700000000002080B500AF03484021FFF7AAFF9A
:100710000249087080BDC0468400014000000020EE
:10072000B0B502AF72B60124E50316480560BFF309
:100730004F8FBFF36F8F600500F048FA1248416891
:10074000124A0A4342608168114A0A438260016882
:1007500004220A43026000F025F80F21204600F031
:1007600027F90C48002101704170FF2000060A495A
:100770000A6882430A60094805600948056062B654
:10078000B0BDC04680E100E0E40001400000022B63
:100790002B020000300500200CE400E080E200E0C5
:1007A00000E100E080B500AF02482021FFF763FFC1
:1007B00080BDC046E4000140F0B503AF85B0684697
:1007C0001049142202F09CF9FFF7B4FD6420FFF7F2
:1007D000D3FD00260C4C142E12D2684681197C20C1
:1007E0000222234600F004F90A2E01D0012500E080
:1007F000C82500F015F82846FFF7BEFDB61CEAE74D
:1008000005B0F0BD4C4B00000D080000481E4142F1
:1008100041410248417001210170704730050020BC
:10082000D0B502AF0B4C002020700A20FFF7DEFD90
:100830002078002806D1FFF70DFE002802D100F035
:10084000EDF9F5E7FFF706FE002801D1FFF708FEF6
:10085000D0BDC04630050020D0B502AF0C4600F038
:100860000FF801460020002903D0044949780029E7
:1008700000D0D0BD204600F023F8D0BD30050020C8
:10088000BCB504AF01A900240C80451E1F2D0FD854
:10089000102800D93030401E8022024301A94A703E
:1008A0007C200222054B00F0A3F8072000F024F87A
:1008B000202D00D201242046BCBDC0460D080000FA
:1008C000D0B502AF86B005AA00211170694600F0CC
:1008D00021F80446002809D005A802787C20694642
:1008E000044B00F085F8092000F006F8204606B019
:1008F000D0BDC0460D080000D0B502AF0446FFF7DA
:100900008FFF60000249085AFFF736FDD0BDC04690
:10091000604B0000F8B504AF16460D46044602F0E1
:10092000C1FA01463070C2B20020002A0BD0102A52
:1009300009D8481C3070402028703278681C214645
:1009400002F0DEF80120F8BDDCB504AF01200002A2
:1009500001A908807C200224034B224600F048F8BD
:100960002046FFF7C9FFDCBD0D080000DCB504AF71
:100970000B4601A900240C705B0080001843104353
:10098000082202434A707C200222034B00F030F818
:100990000520FFF7B1FFDCBD0D08000080B500AFFA
:1009A00002482021FFF75EFE80BDC046E400014002
:1009B00080220243832313400C4802681A430260DA
:1009C00001614169012291434161110303688B4335
:1009D0000360D10203688B430360510202680A433B
:1009E0000260016840229143016070470428004181
:1009F000B0B502AF0C4C002525706160A260E560C7
:100A000023616570A5700121A17008494A689206AA
:100A1000FCD40A68102313430B6088600868202206
:100A200002430A600020B0BD3405002004280041C4
:100A300080B500AF1F498A781F48032A0ED0012ACB
:100A40002DD1426882239A4342604268D2071ED168
:100A50000A78002A23D103228A700EE0426882239A
:100A60009A4342604268D20711D18A68CB689A42A1
:100A70001DD9026808239A4302604A68127882608E
:100A80004868401C4860C868401CC86080BD00229F
:100A90008A7001224A70026820239A430260086922
:100AA000002803D00A69C8684978904780BD0022B1
:100AB0008A70F0E73405002004280041D0B502AF69
:100AC00002280AD806224243074B00249C549A1855
:100AD00054709170D17011715171032801D30020AD
:100AE000D0BD0120D0BDC04648050020D0B502AF22
:100AF0000648016809220A430260012000242146B9
:100B0000FFF7DCFF02480470D0BDC0468C000140F6
:100B10005A0500207047D4D402480121016030BF3B
:100B20007047C04644000040D0B502AF012001022A
:100B30000F4C22688A432260616803220A40012A1E
:100B400012D00021616121680A4A0A4063322260A2
:100B5000010322680A432260410322688A4322601B
:100B6000606001E000F05AF8A0684007FAD4D0BDF8
:100B7000000300400030FFFFB0B502AF114C226807
:100B8000114B13406033236001252A0323689343EC
:100B9000C007C00C18182060680322688243C80789
:100BA000800C10182060A802216801432160606A4F
:100BB000400402D400F032F8F9E72802216801432A
:100BC0002160B0BD000300400030FFFF03490A6808
:100BD00002430A604A6882434A6070474C00004002
:100BE000024900224A6008607047C0460010004079
:100BF000024900224A6008607047C0461010004059
:100C00000448016802229143016003480021016009
:100C10007047C046F41000401410004004485A21A8
:100C200001600168C907FAD0A52101607047C0467C
:100C3000003000400120C007014908607047C046ED
:100C400080E200E080B500AF3321CA00002102F04D
:100C5000ADF880BDF0B503AF87B019231C01035B6D
:100C60000519002908D0FF2262322F32934236D272
:100C70005A1C2A80C1543EE0002B3CD001920395BF
:100C80000490401C0690FF220292763200242646F1
:100C90009C4234D20498005D0590002825D0059828
:100CA0002118491ECDB2E1B28D420BD0611C994290
:100CB0001BD2964219D80698045D35488455761C97
:100CC0000C46F0E7641C0598FF28E1D09C42DFD277
:100CD00096420AD800212E4DA955761CD8E700244B
:100CE0002C806868401C686006E00020039908803A
:100CF0004868401C48600024204607B0F0BD00242E
:100D000003990C80152EF3D9214802784178090205
:100D10008B1881780904C27812065118CA181D4927
:100D20008A4230D1017901292DD1027C417C09020E
:100D30008D18029962318D4225D2294616318E4294
:100D400021D1361F314600F027F80690104880194F
:100D500000F03CF80E49069A824214D148792E469A
:100D6000019D28700846083000F030F82E81686038
:100D70000124002EC0D00A350549123128463246DA
:100D800001F0BEFEB8E703994868401C4860B3E72D
:100D90005B0500204150414EF0B503AF0023DA431C
:100DA000094C8B420ED0C55C6A400025072D07D840
:100DB0000126164076422640520872406D1CF5E727
:100DC0005B1CEEE7D043F0BD2083B8ED017842789C
:100DD00012025118827812048918C0780006081887
:100DE0007047D4D4F0B503AF85B01C462123DB0097
:100DF0009C4201D9002064E0FB680493324D2C74BE
:100E00000023EB6029720393EB80687101262E7139
:100E10002E482860200A6874080EE872080CA87230
:100E2000080A6872002C05D0284612301146224666
:100E300001F066FE2146123102912846FFF7ACFF11
:100E4000029968546918020ECA70020C8A70000A6E
:100E5000487004980228039833D3B8680390163476
:100E6000002002903246002C25D02878012300284B
:100E70000DD03146049EB142BCD20E46039988552E
:100E8000711C521CD0B2FF2804D00E460DE0019315
:100E9000314602E002200190FF2200930398029B5A
:100EA000C254019886190291009A641E6D1C049820
:100EB0008642D8D39EE7039902980A5400208855A9
:100EC000701C05B0F0BDC046D40600204150414E14
:100ED000F0B503AF85B011486D4629465CC85CC1CA
:100EE0000088088001208007FFF770FE002420465C
:100EF000294600F099FE204601F06EF82025084EA4
:100F0000002D08D0301900214023224601F060F95D
:100F10006D1E4034F4E705B0F0BDC046804B0000C4
:100F2000924B000080B500AF02480068302102F00B
:100F30000BF880BDF4070020F0B503AFA5B0019217
:100F400000240790002800D131E1002900D12EE1D2
:100F50000198002800D12AE102910020032800D145
:100F600092E0024601201040A321C900414391486C
:100F7000401806901820039250438F490818C189E1
:100F80000591014608310A91011D09910146103170
:100F90001091014614310F9101460C3108911190C6
:100FA0001630049000220598824268D00498008888
:100FB0000C905043069908180B9000210798139045
:100FC0000E920C98814255D00D910898008812908D
:100FD000504314900023184612998B421CD00F994D
:100FE0000C885C4313990C1910990D882E4614999E
:100FF0004E43119909688E19002D08D000216256C0
:101000007156514308186D1E641C761CF4E7149940
:10101000491C14915B1CDFE70E998C0009990D683F
:1010200002F0D0FD295903F0A9FA0A990968095973
:1010300002F0A4F804460025294602F057F80128DA
:101040000FDB20465D4902F06FF8002808D53F20ED
:101050000106204602F092F802F048FD054600E045
:101060007F250B980D9945541398801C1390491CAB
:101070000E9AA6E7FFF7D2FD0E9A521C93E703984B
:10108000401C0699079169E74D48A721002904D023
:1010900000220280491E801CF8E70026494B202EC2
:1010A0003DD01320129081010020079A139300294C
:1010B00008D0002415571C576C432018491E521C99
:1010C0005B1CF4E702F07EFD1496B6003E49895998
:1010D00003F054FA3D49895902F050F805460024BE
:1010E000214602F003F8002800D42C4638488159E4
:1010F000204603F043FA3749895902F03FF8C1030B
:10110000C90F401834494018000C149E71002C4A35
:10111000505212988001139B1B18761CBFE7FFF7F3
:101120007DFDFFF7D5FE2D48056825490020149068
:10113000024600F0E3FF2A4E01F01CF8444244410D
:10114000002805D0002E32D0FFF768FD761EF3E7A9
:10115000224802689542149802D2012109066D18AE
:10116000AA1A20490A6015AD294601F00BF8149A15
:1011700002990B461646202A17D014952888154642
:101180000A46010402C31393F0B28000105801F024
:10119000ADFF2A460028284600D43046149DAD1CD9
:1011A000521C06460299139BE5E7019806702046FB
:1011B00025B0F0BD46090020547D00000000FD422E
:1011C000F80700209C7D00009C1501001C16010002
:1011D0009C1601001C170100FF7F000018E000E0D2
:1011E000FEFF0000F407002080B500AF1F2801D9E2
:1011F000002080BDA7235B0043430248C018FFF7CF
:101200009BFE80BD9253000080B500AF0A49087074
:101210000A48FFF717FDFFF75BFE0948FFF740F8A4
:1012200008480949416000218160052101600748A3
:10123000FEF79AFF80BDC046A81900207813002051
:101240005112000010E000E0FFFFFF0061120000FB
:101250000248C168491CC1607047C046A8190020F7
:10126000D0B502AFC1B20A480A4AFFF7F3FC002822
:1012700003D0094CE078002800D0D0BD5B2082006C
:101280000648044901F03CFC0120E070D0BDC04696
:10129000781300207C160020A819002010150020CB
:1012A000F0B503AFA7B06F4E7078002800D0D6E03D
:1012B000B07800284CD00021B1706B4807AA78C8DC
:1012C00078C200781070694802AA78C878C200789D
:1012D00010706448C68800790090C0B2052909D012
:1012E00007AA52180346CB4001241C4030345470E6
:1012F000491CF3E70A25294601F026FE0446294643
:1013000003F05EFB30210191084307A9087309200F
:10131000C0436043009A80183030487306256C1E25
:101320000DD0B0B20A2101F00FFEF6214143891918
:10133000019A114302AA515525460646EFE70120BE
:1013400007A9FFF789FA112002A9FFF785FA454E90
:10135000F078002800D182E0454C2078162809D08A
:10136000022817D0142805D0012861D16168012016
:10137000424A1FE02589F16814281FD1002D0191F0
:1013800000D0A57AE8B207A902AAFFF72DFF00282E
:1013900022D14FE007AA2020507110710120D07097
:1013A0004E2191701070507030899071000AD07188
:1013B00061680220082300F063F84EE0A720400097
:1013C000854247D1019120460A3007A902AAFFF7BA
:1013D000B3FD00282ED0FE253146264E35700298EA
:1013E0007070C8680199411A0A204843224DA842EA
:1013F00000D328461B490881FFF794FDA84200D37B
:101400002846B070174909893171000AF070080A3E
:101410007071002080280FD0311807AA12588A71E5
:10142000130E4B72130C0B72120ACA71001DF1E7F6
:10143000022010E003200EE0616821200D4A86237F
:1014400000F01EF80298074E30713089F080307835
:10145000B07002E0012000F02DF80020F07027B0FD
:10146000F0BDC046A819002038270100242701003C
:101470001015002020190020FFFF0000492701005F
:10148000BCB504AF084C2725ED0000940195FFF78B
:10149000A9FC002807D001460448012242700248F6
:1014A000034AFEF74DFEBCBDE8170020A819002036
:1014B000D5140000E0B502AF01AA507004480178CD
:1014C0001170416871200223FFF7DAFF8CBDC0461E
:1014D0001015002080B500AF03480021417003487B
:1014E000FEF742FE80BDC046A81900206112000030
:1014F000FEE7D4D480B500AF00F02EF811481249B1
:1015000088420CD282680023002A06D030C8E458F2
:10151000EC50521E1B1D0838F6E70C30F0E70B4864
:101520000B4988420BD242680023002A05D0046888
:101530000025E550521E1B1DF7E70830F1E701F0CA
:10154000B9FCC046642701107027011070270110F4
:1015500070270110FEE7D4D40120C00301490860C0
:101560007047C04604000020F0B503AF81B02321CE
:101570004C0625680E4EFF2131600E49411820228D
:10158000204601F0BDFA00200090306020688021E4
:10159000014321602068402101432160022028404E
:1015A0002168014301200843206001B0F0BDC0461E
:1015B0005400004000000147D0B502AF82B0074C94
:1015C000FF232360064B0B400649591801F098FA97
:1015D00000200190206002B0D0BDC0465400004001
:1015E000FFFF0300000001470249088000204880F7
:1015F0007047C04608000020F0B503AFB1B0016AE3
:1016000006914169059181680491C1881A91818888
:101610000E9146881BA91CC81CC13CC83CC13CC8D3
:101620003CC10E9C1A9B002E00D1A7E01BA8028D86
:101630001192C28C0A92828C0392828B1692428BF8
:101640000992028B0292028A1592C28908928089BD
:1016500001900320C003199000200546079604E07E
:10166000A8B2079EB04200D388E0294605468035DF
:10167000B54201D8802600E0761A1BA94E80002CC6
:10168000EED003994143069A89180D91029941437E
:10169000059A89180C9101994843049940180B90B8
:1016A000002001460F95129605E0109988B20E9C15
:1016B000A0420F9DD4D2024680321092A24201D89D
:1016C000802200E0621A1BA914928A80002BECD0C1
:1016D0000A9941430D9A51181A91099941430C9A5C
:1016E00051181891089948430B99081817901498A5
:1016F000400013900024204604E0ACB23346B442CC
:101700002846D2D2254680359D4201D8802100E06E
:10171000191A1E461BA8C180002C1A9900D01999CD
:10172000239116996143189A511820911599614394
:10173000179A51181D9100F025F8002CDDD026A82D
:1017400002210185C184139A8284818341830283AB
:101750000182C18182810121C18014998180129905
:1017600041800749018019992B9111994C431A998D
:1017700061182E912891FFF73FFFBEE731B0F0BD11
:1017800001030000F0B503AF8EB001780902427882
:10179000120451184288120689180C910179C288E6
:1017A0001202511889B283681A0451180B91848966
:1017B00052490C40032292039D0815402C19C589FB
:1017C0000D401B0913405B191B041B190A93038A64
:1017D0000B4044692504EB180993038B0B40A508C3
:1017E0001540EB18458B0D4024091440641924045E
:1017F000E3180893838B0B40046A2504EB180793C6
:10180000A3081340858C0D405B1924091440C28C39
:101810000A40A2181204D2180692008D08400590C2
:10182000374908884988374BFF2201921A604901DD
:101830000818029082B234490C98505400925618FD
:10184000010EF170010CB170000A70700B983071CC
:101850000A9D3572099A3273089C34740799317560
:10186000069B03933376059B04933377030EF37142
:10187000030CB371224B000A7071280EF072280C11
:10188000B072280A7072100EF073100CB073100A48
:101890007073200EF074200CB074200A194C707410
:1018A000080EF075080CB075080A70750399080EDB
:1018B000F076080CB076080A70760499080EF07776
:1018C000080CB077080A707700200D9020605988C6
:1018D00000290ED0019921600C49009A5218491C28
:1018E0001140029A084D4A554919120A4A700D9042
:1018F00020605888401C58800EB0F0BDFF3F0000AB
:10190000080000205400004000000147FEFF0300D3
:10191000F0B503AF8BB00446684600250585022666
:10192000C6840682C581BD68C580FE688680438006
:10193000084B03807300838483836B008381089446
:1019400005920291012149040691FFF755FE0BB063
:10195000F0BDC04603020000B0B502AF8CB0044633
:1019600001A800250585022585840582C380828023
:10197000BA6842805200C28482838322920002802D
:1019800009940795069106490491F9683A69511836
:101990000122120489180391FFF72EFE0CB0B0BD8E
:1019A00002000200F0B503AF8BB004466846002584
:1019B00005850226C684868345830682C380BD686A
:1019C000858042806A0082845A00028383229200CA
:1019D00002800894059106490391F9683A69511803
:1019E0000122120489180291FFF706FE0BB0F0BD28
:1019F00002000200F0B503AF8BB004466846022532
:101A00000585C584858345830582C5810125C580FB
:101A1000FD688580BE6846800326467004706C00B1
:101A2000848404838481089105930292FFF7E4FD86
:101A30000BB0F0BDF0B503AF8DB001920A46014680
:101A400002A802260685C684002585830682C681F3
:101A50000126C680FE688680BC68448003244470EA
:101A600001707100818481810A9208950793019920
:101A70000491FFF7C1FD0DB0F0BDC046F0B503AF56
:101A8000A5B003920C910FAA022111820A91D18173
:101A900001210991D1808021019151700B9010702A
:101AA000002090831085BD68690091811590189081
:101AB000002B5ED089B2029103210891C9030791DE
:101AC00001460493069504E0059988B2049B984268
:101AD0004FD20A4601468031994205910E9201D8B3
:101AE000019900E0991A0FAA5180002DECD00299BB
:101AF0004843039940180D900020014620E0079DBF
:101B000017950FA8FFF73EFE1AA80A99018584834E
:101B1000018209994180089941700B990170164A18
:101B200023920C99229120941F95069D1D921C9141
:101B300012491B91FFF760FDB0B2A8423146C3D2F3
:101B400006468036AE4201D8802200E06A1A0FAB0A
:101B50009A800024149440000D9A101811900E9849
:101B600001430804CBD10C9817900FA8FFF70AFE89
:101B7000E2E725B0F0BDC04602000200010001000E
:101B800081B0002000900249086001B07047C04653
:101B9000540000400148FF2101607047540000409C
:101BA000D0B502AF82B0074CFF232360064B034041
:101BB0000648181800F0A4FF00200190206002B031
:101BC000D0BDC04654000040FFFF030000000147A5
:101BD000B0B502AF82B0074DFF202860012042045B
:101BE00005480024214601F0E1F801942C6002B080
:101BF000B0BDC0465400004000000147232040060D
:101C0000016802220A4302607047232040060168EF
:101C10000222914301607047232040060168402260
:101C20000A4302607047D4D4F0B503AF9DB0119160
:101C30000446122210466043DE4B1818099000F04B
:101C40005FFF03200F90C002A102081880B20E901F
:101C5000FFF7CAFC12A9002010900880D64EB01ED3
:101C600002252A46FFF79CFF7F20C00112A90880A9
:101C7000301F0D902A46FFF793FFD048B33012A9CA
:101C80000880B01F03902A46FFF78AFF12A9CB48AD
:101C90000880304608382A46FFF782FF12A9C84854
:101CA000088030460A382A46FFF77AFF12A9C5484D
:101CB000088030460C382A46FFF772FFBF20C0016B
:101CC00012A9088008946000301A1A3807902A4632
:101CD0000B95FFF765FF1198808812A90880B64C14
:101CE0000E3C20462A46FFF75BFF01250095019533
:101CF000072021462246109E3346FFF79BFE0095A3
:101D0000019509200C902146069422463346FFF7A0
:101D100091FE119EB08912A90880A74810380B9C2B
:101D20002246FFF73DFFF08912A90880A248123829
:101D30002246FFF735FF308A12A908809E4E143ED6
:101D400030462246FFF72CFF009501959A49163937
:101D500020460D9A33462E46974DFFF76BFE11989D
:101D6000C08812A9088028462246FFF719FF00966E
:101D700001960C9829462A46109BFFF75BFE0096B9
:101D8000109601960F9829462A462B46FFF752FED9
:101D90000E980546FFF7E8FB8B48232149060968A2
:101DA000490603D4411E00280846F6D109988188C7
:101DB0000F9144882846FFF717FC089D284600F03D
:101DC000CFFA0094019405200590410369430B204C
:101DD00000030B910918119103200C900A46764BD1
:101DE000FFF728FE0094109E0196BB204002E901F7
:101DF0000A180E92754811992346FFF789FD009441
:101E00000194724D803D28460E99119A3346FFF792
:101E10007FFD009601946E486C492A462346FFF7E1
:101E200077FD009401966A48861E304629460E9A30
:101E3000109BFFF76DFD109800901098019010987E
:101E4000314632460D9BFFF7D5FD10980090109853
:101E5000019009200025314632462B46FFF7CAFD86
:101E6000009401940C985A490A463346109EFFF795
:101E7000E1FD0094019402200C9011990A46544B04
:101E8000FFF7B8FD00940196504811990E9A0D94F1
:101E90002346FFF73DFD0F990998001D04905D2032
:101EA00080020E9000293BD00B98434A1018801CEA
:101EB0000B9048000A902DE0A0B2019069001191AA
:101EC0000E980A18424841490D9E3346FFF720FDFF
:101ED00012A80C9A0285C2840A9B8384828342835F
:101EE000610001830282C2818381109AC280848052
:101EF0004680384901800B99119BC91816461A91E2
:101F0000334A17921491FFF777FB4035ADB20F9922
:101F10008D4205D200964C1B402CCDDB4024CBE7F4
:101F20000598C001089D68437103401880B2049968
:101F30000C88FFF759FB284600F012FA0998407AFE
:101F400000281AD0009401960325284620490E9AAD
:101F50001346FFF74FFD0096304623463446079E52
:101F600031461B4AFFF78AFD00940194284631460A
:101F70003246039BFFF75EFD11E0009401960420BA
:101F80000023134D29460E9AFFF734FD0096304684
:101F900023463446079E31462A46FFF76FFD0094DC
:101FA0000194032031463246069BFFF743FD1DB0E6
:101FB000F0BDC0460C000020FE2F00004D3E00008A
:101FC000243C000080BF00001FA1070080770100B3
:101FD0000278010001030000F0B503AF87B00646A8
:101FE000252000020690FFF7FFFA12217143234AD1
:101FF000551868896B88515A0093019105214C034B
:102000007443324605961E4EA1190C3152000492BB
:102010008018401C82B20C2003903346FFF70AFD63
:1020200068896988009101910B2109036118049A5C
:102030001018801C82B203983346FFF7FBFC6888B7
:10204000012100900191BB2040020599C9010918A6
:10205000083603200A463346FFF7ECFC0698FFF7E4
:1020600083FA0848232149060968490603D4411E1A
:1020700000280846F6D107B0F0BDC0460C0000208D
:10208000F42F00001FA10700B0B502AF15460446AB
:10209000002909D012206043144A105A4004020C4F
:1020A00017200003FFF77CFD122060430F49002D2D
:1020B00008D0081880884004020C0D482946FFF714
:1020C0006FFD0AE00D18FFF765FDA888420009487A
:1020D000094900F015FDFFF753FD0320C002A102DE
:1020E000081880B2FFF740FAB0BDC0460C000020CF
:1020F000027801000278024700700247B0B502AFD3
:1021000015460446002909D012206043154A105A8A
:102110004004020C17200003FFF742FD1220604329
:102120001049002D08D0081880884004020C0E4881
:102130002946FFF735FD0AE00D18FFF72BFDA888AB
:1021400042000A480A4900F0DBFCFFF719FD0520B0
:10215000C001604301214903401880B2FFF704FA2F
:10216000B0BDC0460C000020027801000278024792
:10217000007002472320400600688109012088433F
:102180007047C04680B500AF0B4612214143054859
:10219000401880884004020CB92041021846FFF71D
:1021A0000BFA80BD0C000020D0B502AF82B0400019
:1021B0000549091A01AC02222046FFF7FDF900206B
:1021C000205E02B0D0BDC046E42F000070477047CB
:1021D000D0B502AF04460520400348431018032140
:1021E0000903401821461A46FFF7DAFCD0BDD0B5E6
:1021F00002AF044605204003484310180B21090391
:10220000401821461A46FFF7CBFCD0BD80B500AF81
:1022100017231B03C918FFF7CFF980BDD0B502AF54
:10222000052464034C4311190322120389181A462A
:10223000FFF7C2F9D0BDD0B502AF052464034C430B
:1022400011190B22120389181A46FFF7B5F9D0BDF0
:10225000F0B503AF87B01E4604910590D0017F21F1
:10226000C901081A06A908801B480222FFF798FC3A
:1022700017200503700082B2284604990492FFF7E4
:102280008FFC252000020390FFF7AEF90124009691
:1022900001940720002329462A46FFF7ABFB00964E
:1022A0000194032029462A460B4BFFF7C3FB0398F2
:1022B000FFF75AF90948232149060968490603D45A
:1022C000411E00280846F6D105982946049AFFF7D2
:1022D00073F907B0F0BDC046E62F00001FA107004C
:1022E000F0B503AF85B002920D460390252004029D
:1022F0002046FFF779F97F20C00104A90880124821
:102300000222FFF74DFC01200095019017200603E3
:102310000C203146029A0C4BFFF78CFB2046FFF74E
:1023200023F90A48232149060968490603D4411EB6
:1023300000280846F6D16804020C03983146FFF7DE
:102340003BF905B0F0BDC046FA2F00001FA1070001
:10235000004870470070024700487047007202470B
:10236000F0B503AF8DB0BB214A02C1018C18122217
:10237000079042434E498B5A8D18A8880990688867
:102380000C90E8890126F20317210903002808941C
:102390005CD00C9800900B9606460B98019045482F
:1023A0000593831F03200A90049143490692224615
:1023B000FFF740FB6889401D80B2009601900698A7
:1023C00002903E4821460B9A3346FFF7EBFA0096FF
:1023D0000B9801903748831E0A9838490A46FFF740
:1023E00029FB688935460B9E00950190069802905E
:1023F000204604993246059BFFF7D4FA00950196D2
:102400000A98214622462B4BFFF714FB00950196B4
:10241000304621462246294BFFF7ECFA079D284615
:1024200000F050F80C98009001962248031F0A987B
:1024300021462246FFF7FEFA0C980090019630469E
:10244000214622461C4BFFF7D5FA14E068890C9D03
:1024500000950190029220463246FFF7A3FA0095BC
:102460000196032021462246124BFFF7E3FA079D0F
:10247000284600F027F80C980090099C019405204C
:10248000400368430B490A181232B9204502284616
:1024900008993346FFF73CFA009401965D208102CB
:1024A0000220074A2B46FFF7A5FA0DB0F0BDC04643
:1024B0000C000020EE2F0000027A0100027C0100D7
:1024C00002780100F0B503AF83B0122141432C4ADA
:1024D0005218117A5688032936D0022928D00129AA
:1024E0004BD1012400960194BB214902C00145183B
:1024F0002448031F032029462A46FFF79BFA00962B
:1025000001942048831E204629462A46FFF792FA66
:10251000009601941B48831C062029462A46FFF793
:1025200089FA00960194052029462A46154B22E097
:10253000012100960191BB214902C00141181148B7
:10254000831C06200A4616E00121029100960191A3
:10255000BB214902C001441805200A4D21462246EC
:102560002B46FFF767FA009602980190083D062077
:10257000214622462B46FFF75DFA03B0F0BDC04668
:102580000C000020FA2F0000014908607047C04687
:10259000A800002080B500AF00F05CFA02480021DE
:1025A0004160816080BDC046A8000020BCB504AF7A
:1025B000234DE8680A281FD80124810001A2515840
:1025C0008F46C0463F260000F9250000192600006E
:1025D000F12500000B2600000F260000F525000065
:1025E000032600000726000017260000132600001F
:1025F000022411E005240FE0401E09281DD8002404
:102600000AE0062408E0072406E0032404E004248A
:1026100002E0092400E008242B68002B0DD001A95A
:102620006A4620469847401C07D00098C10F4018C2
:102630004110A21C019800F005F80020E860BCBD24
:10264000A8000020F8B504AF16460D460446104613
:1026500000F0CEF8002800D0F8BDF100024A891839
:1026600008398D800C60F8BD3000002080B500AFC7
:1026700000F0D0F805480021782200F097FB0120F7
:10268000C003034900F00EFA80BDC04630000020B0
:1026900095260000BCB504AF441E0F2C17D2394854
:1026A00000F028FA38484168002901D000228A80C9
:1026B0000122E100354B591841608260C268002A4E
:1026C00000D0BCBD89880029FBD1C460BCBD0028F6
:1026D00008D02B49884211D12A4800F00BFA00F0AB
:1026E000DDF8BCBD274800F005FA274841680029FD
:1026F000E7D0002282608A804260BCBD224DA8687B
:1027000002280AD0012823D168688488204600F076
:10271000F1F9002C26D0022026E068680068002429
:10272000005F1B49884200DB08461A49884200DCEA
:10273000084680B200F0DEF968680168891C016013
:102740008188491E81800804BBD16C60AC60BCBD2F
:1027500001A800F089F8012808D002280BD1094807
:10276000401C05E000206860A860BCBD0548801CD6
:1027700001A9088001E001A8008800F0BBF9BCBDF8
:1027800001800000FF7F0000A80000203000002032
:10279000FE7F00000280FFFFD0B502AF0C4940244D
:1027A0000C6000B20B49884200DB08460A498842A7
:1027B00000DC084680B2BFF34F8FBFF36F8F00F08D
:1027C00039F806490C60411E48424841D0BDC04618
:1027D00080E100E0FE7F00000280FFFF00E100E0FA
:1027E00080B500AF00F066F8411E4842484180BD08
:1027F00001460220012909DB0F2907D8481EC00025
:10280000034908188088002800D003207047C0467C
:102810003000002005480649002202700122920281
:102820008A1841608160C2607047C046B8040020C9
:10283000B80000200A490A78002A01D00120704718
:102840004A681080CB68901C984200D105484860C7
:102850008A68904201D000207047012008707047BC
:10286000B8040020B80000200A490A78002A01D0E4
:10287000012070474B688A68934209D0138803800F
:10288000CB68901C984200D10348886000207047B4
:1028900002207047B8040020B80000200348044913
:1028A00041608160002101707047C046B80400207B
:1028B000B8000020014800787047C046B8040020E6
:1028C000FEB506AF534D544EAE606E6000242C70C2
:1028D00001A80480012189027118E9600294FFF7C0
:1028E000C3FF0290022800D092E04C48FFF7A2FFFD
:1028F0000290002800D08BE001A8FFF7B5FF0290FE
:10290000002800D084E001A8FFF7AEFF0290022863
:102910007ED1A0B2FE2806D8FFF78CFF0290641C7F
:102920000028F6D074E028780290002870D13B4847
:10293000FFF780FF029000286AD0287802900128D3
:1029400066D13648FFF776FF0290002860D001A8D4
:10295000FFF78AFF029001285AD101A8FFF784FFF0
:102960000290012854D16E60AE6000242C70029455
:1029700001A8FFF779FF0290022849D12748FFF705
:1029800059FF0290002843D101A8FFF76DFF029084
:1029900000283DD101A8FFF767FF0290022837D138
:1029A000A0B2FF2806D2FFF745FF0290641C002862
:1029B000F6D02DE00025FF2D0CD201AC2046FFF70C
:1029C00053FF0290002823D1681C2188A9420546A4
:1029D000F1D01DE00024A0B2FF2809D22046FF302C
:1029E00080B2FFF727FF0290641C0028F3D00FE0AD
:1029F000002401A8FFF738FF0290FE2C08D8002819
:102A000006D1601CFF3401A90988A1420446F0D018
:102A1000FEBDC046B8040020B80000200110000030
:102A200080B500AF094801688AB24260084A12685E
:102A30000369002A05D02320C000014098B29047C6
:102A400080BD0121C903C16080BDC046100900419D
:102A5000C804002080B500AF01204004FEF7B6F89E
:102A60000A4940200860BFF34F8FBFF36F8F0849BA
:102A7000084A0A60FF210904074A13688B43136060
:102A8000064908600649086080BDC04680E100E054
:102A9000C80001401112111104E400E080E200E0DE
:102AA00000E100E0F0B503AF0F4A15681468012398
:102AB0009C4314601C021668264316601668A643E1
:102AC0001660ED0702D015681D431560074D1560AF
:102AD0005460D06150681F2404435460044801606E
:102AE000106818431060F0BD000900411406000092
:102AF000C8040020014908607047C0461C09004115
:102B0000F0B5DE4657464E464546E0B583B00F2A3F
:102B100000D87FE003252B0007240340E41A052C8E
:102B200004D906000E43354200D1DAE04D1C0E7880
:102B30002D78441C067025708C788470CC78C47015
:102B40000C790471032B09D04C794471022B05D008
:102B50008C798471012B01D0CC79C4710824A446EE
:102B6000DC1FA41862460325D31ACE182900314071
:102B70008A46C318621E2E4200D0B9E00F2A00D840
:102B80000CE1113C210988460F2C04D9190031436E
:102B9000490700D1D6E010274546BC46190034004D
:102BA0002D019C44AC4465684D60A5688D60E56866
:102BB000CD60256810340D6010316145F3D1474672
:102BC00001373C0131190F271B190C2417401442FF
:102BD00000D1E1E00A683C1F1A60032C09D90D1DE1
:102BE0001A1D2D6815603A00083A032A01D98A682F
:102BF0009A600322A4080134A4003A4009191B1961
:102C0000551E002A0AD103B0F0BCBB46B246A94605
:102C1000A046F0BD0300551E002AF4D0052D00D8B3
:102C200087E00C001C43A4073BD00C784E1C1C70A2
:102C30005D1C941E36782E70002CE4D08C789C702D
:102C4000032AE0D0CC78DC70042ADCD00C791C712B
:102C5000052AD8D04C795C71062AD4D08C799C7125
:102C6000072AD0D0CC79DC71082ACCD00C7A1C721F
:102C7000092AC8D04C7A5C720A2AC4D08C7A9C7219
:102C80000B2AC0D0CC7ADC720C2ABCD00C7B1C7313
:102C90000D2AB8D04C7B5C730E2AB4D08A7B9A7311
:102CA000B1E70C681C609408012C6AD04E685E6025
:102CB000032C01D18C689C6003241442A3D0A2434E
:102CC0008C189E182378AA1A3370611C731C551E29
:102CD000002A98D00A781A70002D94D0A378B37087
:102CE00091E70D680560062C44D04C68446035E7D8
:102CF0005446751A6146091B8C460421091BC900FC
:102D00008846E100894640CD34004946CC400195D3
:102D100040CD009431004446A1401F00009C043384
:102D20000C433C601400043A6245EDD20199651FE2
:102D300051440C781C70002D00D164E74E1C5D1CC2
:102D4000941E77E701244444B44619000027A146A5
:102D50006446E568A4688C60CD6064466568246854
:102D60000C604D601024A2460137D4441031B9459F
:102D7000EED824E70C7904714C7944718C79847114
:102D8000ECE61E1D0C1D042A00D13CE7951F0A79B4
:102D900005311A7105339DE73A003CE7350017000D
:102DA0001A00310040CD053C40C21AE7F0B5CE46CE
:102DB0004746050080B5830700D16EE0531E002A08
:102DC00056D004000326CAB202E00135013B4FD3BE
:102DD00001342A703442F8D1032B37D9FF250D4036
:102DE0002A025219150452190F2B59D91F00103FEE
:102DF0001F2F01D966073FD03F093E01B04610267C
:102E0000B44646462500A44466442A606A60AA6027
:102E1000EA601035AE42F8D101373D0164190F2543
:102E20000C261D401E402B00002E0FD02B1F2260B1
:102E3000032B05D92E00083E6260032E00D9A26044
:102E40009B0801339B00E41803232B405A1E002BE0
:102E50000ED0C9B22170002A0AD0023B5D426B41FC
:102E600061705B42012A03D0A170002B00D0E17099
:102E7000C0BCB946B046F0BD00263F09B0467E1C36
:102E80002500B4460126B146C8442A606A60AA609B
:102E9000EA601035E045F5D3BEE7040013009BE778
:102EA0001D00C3E70023C25C0133002AFBD1581E7A
:102EB0007047D4D410B5084A08490948FFF720FEE6
:102EC0000021084A0848FFF771FF00F00FF80021C1
:102ED0000800FDF7D5FAFEE7080000007027011092
:102EE00000000020B01900000800002070B50F4C51
:102EF000002C02D00E4D002D11D10E4C0E4B9C42D9
:102F000010D10E4B002B01D000F000F80C4C0D4BF3
:102F10009C4206D008CC9847F9E708CC9847A542D0
:102F2000FBD170BD08CC9847E8E7C0460000000020
:102F30000000000008000020080000200000000041
:102F40000800002008000020012925D300D1704787
:102F5000884201D200207047024684465FA00130BB
:102F6000130C8B4201D31A00A038130A8B4201D3F1
:102F70001A00503813098B4201D31A0028389308DD
:102F80008B4201D31A00143853088B4200D30A38FD
:102F90000200604600231047002080B501F0C2FD0A
:102FA00080BDC04600BFCA07904200D3801A5B4173
:102FB0008A07904200D3801A5B414A07904200D3AF
:102FC000801A5B410A07904200D3801A5B41CA060F
:102FD000904200D3801A5B418A06904200D3801A47
:102FE0005B414A06904200D3801A5B410A06904238
:102FF00000D3801A5B41CA05904200D3801A5B411E
:103000008A05904200D3801A5B414A05904200D362
:10301000801A5B410A05904200D3801A5B41CA04C2
:10302000904200D3801A5B418A04904200D3801AF8
:103030005B414A04904200D3801A5B410A049042EB
:1030400000D3801A5B41CA03904200D3801A5B41CF
:103050008A03904200D3801A5B414A03904200D316
:10306000801A5B410A03904200D3801A5B41CA0276
:10307000904200D3801A5B418A02904200D3801AAA
:103080005B414A02904200D3801A5B410A0290429F
:1030900000D3801A5B41CA01904200D3801A5B4181
:1030A0008A01904200D3801A5B414A01904200D3CA
:1030B000801A5B410A01904200D3801A5B41CA002A
:1030C000904200D3801A5B418A00904200D3801A5C
:1030D0005B414A00904200D3801A5B410A00904253
:1030E00000D3801A5B4118467047D4D440B54200E3
:1030F0004B005E08164301D006004E4000D4D01AA3
:1031000004D20120C90F06D1404204E003D90120B6
:10311000C90F00D04042FF263606B24200D8B34263
:1031200000D9012040BDC04640B542004B005E08BA
:10313000164301D006004E4000D4D01A04D201201C
:10314000C90F06D1404204E003D90120C90F00D0C5
:103150004042FF263606B24200D8B34201D90120D0
:10316000404240BD42004B000020FF2109068A4238
:1031700000D88B4200D901207047D4D4F0B542006A
:103180004B0052086FD05B086ED0D60DDF0DFF2EBE
:103190006AD0FF2F68D09A4205D2040015000800BB
:1031A0001A0021002B004402A4094D02AD0901269A
:1031B000B606D20D00D03443DB0D00D03543D61A0D
:1031C0000CD0002B00D1761E20239B1B2F009F408C
:1031D00000D00127F5403D4300D1012507004F40B5
:1031E000FF0F21D164190126F6062700374007D0CA
:1031F00027000126374064083C430132FF2A53D0A0
:10320000C00FC007D20510432100A401640A204367
:1032100007221140042906DB01D00130F0BD010076
:10322000490800D3401CF0BD641B1AD02600002AB8
:10323000E6D0B60EE4D10FB4200000F07FFB05000D
:103240000FBC6D1FAC40521BDADC0126B61A0022FF
:1032500020239B1B27009F4000D00127F4403C43C4
:10326000CEE70020F0BD5B08FF24E405A24217D89A
:10327000A34214D8A24205D141400126F607B1422B
:103280000ED0F0BDA34201D10800F0BDD41802D089
:10329000002A02D0F0BD0840F0BD0800F0BD0800D3
:1032A000012189050843F0BDFF24E4052043C00D3A
:1032B000C005F0BD10B584B0039102900193009257
:1032C000019B009A0399029800F002F804B010BD27
:1032D00010B5ACB029912890279326922999289867
:1032E00000F066FA259124902799269800F060FA5C
:1032F0002391229024992598FB4A104020912190F7
:103300002299239810401E911F902199209A002005
:10331000521E81410120C043801AF44888410AD3DB
:10332000FFE71F981E990022491E9041491CEF4952
:10333000884100D28FE021982099491EEC498841AC
:103340000CD3FFE72999289800F032FA0122D20421
:10335000114300F038FA2B912A901CE21F981E9915
:10336000491EE34988410CD3FFE72799269800F0CE
:103370001FFA0122D204114300F025FA2B912A9062
:1033800009E220982199DA4A51400843002823D1C4
:10339000FFE72999289800F00BFA089009912799DE
:1033A000269800F005FA034608980A4609995840FD
:1033B00051400122D20751400843002807D1FFE7BE
:1033C0000020FA4900F0FFF92B912A90E3E12898B8
:1033D00029992B912A90DEE11E981F99F04A5140BD
:1033E0000843002805D1FFE7269827992B912A90BA
:1033F000D1E1219920980843002820D1FFE71F99A7
:103400001E980843002815D1FFE72999289800F055
:10341000CFF9069007912799269800F0C9F903463D
:1034200006980A4607991840114000F0CCF92B91F4
:103430002A90B0E1269827992B912A90ABE11F9909
:103440001E980843002805D1FFE7289829992B9159
:103450002A90A0E1FFE71F991E9B2198209AD21A7B
:1034600088410DD2FFE7249825991D911C90229840
:103470002399259124901C981D9923912290FFE770
:1034800025984000400D1B9023984000400D1A9055
:1034900024992598C34A104018911990229923988D
:1034A0001040169117901B98002805D1FFE718A827
:1034B00000F094F91B90FFE71A98002805D1FFE768
:1034C00016A800F08BF91A90FFE725980122D10782
:1034D0000840002114911590259823994840C00F69
:1034E00013A90870199818994B0FC000C018C9008B
:1034F000D205104318911990179816994B0FC000D8
:10350000C018C9001043169117901B981A99401AB9
:1035100012901298002824D0FFE712983F281AD85A
:10352000FFE716981799129B4022D21A00F0CEF9A5
:103530000843411E884111A90591087016981799F2
:10354000129A00F043FC059A127801231A401043A6
:103550001791169004E00020179001201690FFE7C5
:10356000FFE713A80078C007002835D0FFE7179AB7
:10357000169B19981899C91A904118911990199980
:1035800018980843002807D1FFE70021084600F0FB
:103590001AF92B912A90FEE01998C00D00281AD133
:1035A000FFE71999189800F03FF904900120C10530
:1035B000002000F039F901460498401A1090109A42
:1035C0001898199900F082F91991189010991B9880
:1035D000401A1B90FFE723E0179A169B1998189939
:1035E000C91850411891199018A8C079C00700282F
:1035F00015D0FFE718A80078012318400FAA107013
:1036000018981999CC0740080019490812781A40EF
:103610001043199118901B98401C1B90FFE7FFE77F
:103620001B986149884209DBFFE7149815995C4AA9
:10363000114300F0C8F82B912A90ACE01B980028A9
:1036400021DCFFE71B9901200390401A0E90189887
:1036500019990E9B4022D21A00F038F90843411EF6
:1036600088410DA902910870189819990E9A00F0D6
:10367000ADFB029A039B12781A40104319911890DF
:1036800000201B90FFE71898072108400C9018981D
:1036900019994A07C00880184902090B0B910A9032
:1036A0001B9802050A990B9810430A910B90159AE2
:1036B000149B0B990A98184311430B910A9000F040
:1036C00081FB01460191032857D80198810002A08F
:1036D000415840188746C0461C00000054000000B6
:1036E0007A000000A0000000FFFFFF7FFFFFEF7FD8
:1036F0000000F07F0C98052808DBFFE70B980A997B
:103700000022491C50410A910B90FFE70C980428B5
:103710000BD1FFE70B980A9901220B4613400022B8
:10372000C91850410A910B90FFE726E015991498AB
:10373000084300280CD0FFE70C98002808D0FFE7CA
:103740000B980A990022491C50410A910B90FFE7FF
:1037500013E015991498084300280CD1FFE70C9842
:10376000002808D0FFE70B980A990022491C504115
:103770000A910B90FFE700E0FFE70C98002803D0C8
:10378000FFE700F021FBFFE70B990A9800F01BF818
:103790002B912A90FFE72A982B992CB010BDC04698
:1037A0000000F07FFFFF0F00FF0700000000F87F20
:1037B00084B00391029002980399019100900098BF
:1037C000019904B0704784B0039102900298039964
:1037D000019100900098019904B0704780B586B0BF
:1037E000059005984168006800F01EF800900120DF
:1037F00002900105002000F017F801460098401AD9
:103800000490049A059901910868496800F05EF8EF
:10381000019A0346029803930B4603995360116083
:103820000499401A06B080BD84B0019100900198BF
:1038300000281FD0FFE7019841080843810808438A
:1038400001090843010A0843010C0843C043410829
:103850001A4A1140411A1A4A084610408908114074
:103860004018010941181748014017484843000E05
:1038700003901FE0009841080843810808430109AC
:103880000843010A0843010C0843C04341080B4A9E
:103890001140411A0A4A0846104089081140401850
:1038A000010941180748014007484843000E2030ED
:1038B0000390FFE7039804B07047C046555555552F
:1038C000333333330F0F0F0F010101018AB007911A
:1038D0000690059220200490069807990391029083
:1038E00005A800788006002808D5FFE70020009092
:1038F0000298059920398840019016E00598002823
:1039000005D1FFE7069807990991089012E00298FF
:103910000599884000900398059B984002992022C1
:10392000D21AD14008430190FFE70098019909910C
:103930000890FFE7089809990AB0704786B005908B
:103940000598049004A8418809044A42514109019C
:103950000391039A10218A1A0499D1400491039982
:1039600002914078000241424841C000039003990F
:103970000820411A0498C8400490039902984018FE
:1039800002900498F0210840414248418000039091
:1039900003990420411A0498C8400490039902989E
:1039A0004018029004980C210840414248414000D0
:1039B000039003990220411A0498C8400490039987
:1039C000029840180290029800900499401A801CB6
:1039D00089070029019001D500980190019806B04F
:1039E0007047D4D480B582B00191009001990098BD
:1039F00000F002F802B080BD80B594B01191109033
:103A0000314804900F9001200390C0070E90119947
:103A1000109800F05FF8049A0D910C900C990D9895
:103A200010400A910B900D98C10F0020C04300294F
:103A3000059001D103980590039A059809900B9879
:103A4000000D2249401808900A990B98204B184005
:103A500012058018069107900898002803D5FFE703
:103A6000002013902CE0089820280DD3FFE7099937
:103A70000120C007019014480129029001D001984B
:103A80000290029813901BE00898332810DCFFE79F
:103A90000998009006980799089B3422D21A00F0E2
:103AA00095F9024600980B4600F006FD139007E0DA
:103AB00009990698089A343A904048431390FFE7D2
:103AC000139814B080BDC046FFFFFF7F01FCFFFFCD
:103AD000FFFF0F0084B003910290029803990191B7
:103AE00000900098019904B07047D4D480B582B09A
:103AF0000190019800F002F802B080BD80B58EB050
:103B00000C902A4803900B9001200290C0070A9065
:103B10000C9800F04FF80399099009980840089014
:103B20000998C10F0020C0430029049001D10298D8
:103B300004900299049807900898C00D7F38069069
:103B400008981B4A1040C90540180590069800289F
:103B500003D5FFE700200D9025E0069820280DD31F
:103B6000FFE707990120C007009010480129019044
:103B700001D00098019001980D9014E00698162845
:103B800009DCFFE707990598069B1722D21AD04057
:103B900048430D9007E007990598069A173A904018
:103BA00048430D90FFE70D980EB080BDFFFFFF7FEB
:103BB000FFFF7F0082B0019001980090009802B052
:103BC0007047D4D480B58AB0089020200790089818
:103BD000002805D1FFE7002000F084F8099074E088
:103BE00000200690089805900898002807D5FFE760
:103BF0000120C0070690059840420590FFE7059810
:103C0000410808438108084301090843010A0843A1
:103C1000010C0843C04341082D4A1140411A2D4A66
:103C200008461040890811404018010941182A48E7
:103C300001402A484843010E1F20401A049004986E
:103C400017280CDCFFE704991720401A029005980A
:103C5000029988400121C9054840039026E0049854
:103C60001738019005980199C8400121C9054840BD
:103C700003900598019A2021891A884000900098A5
:103C80001749884204D3FFE70398401C0390FFE7DD
:103C900000980121C907884207D1FFE70398012254
:103CA0000146114040180390FFE7FFE70498C00564
:103CB000039940187F21C90540180390039806997D
:103CC000084300F00FF80990FFE709980AB080BD9B
:103CD00055555555333333330F0F0F0F0101010184
:103CE0000100008082B0019001980090009802B01D
:103CF0007047D4D480B58AB00790202006900798EA
:103D0000002807D1FFE70021084600F04FF809918D
:103D100008903DE0079841080843810808430109DD
:103D20000843010A0843010C0843C04341081A4AEA
:103D30001140411A194A084610408908114040189C
:103D4000010941181648014016484843010E1F203A
:103D5000401A059005993420401A01900798019A5D
:103D60000021FFF7B3FD012212055140029003919B
:103D7000059800050399401802990B4A8018029192
:103D800003900399029800F011F809910890FFE759
:103D9000089809990AB080BD5555555533333333CA
:103DA0000F0F0F0F010101010000F03F84B00391DC
:103DB000029002980399019100900098019904B033
:103DC0007047D4D400207047002070478AB0079114
:103DD000069005922020049006980799039102907E
:103DE00005A800788006002808D5FFE7002001908C
:103DF000039805992039C840009016E005980028DE
:103E000005D1FFE7069807990991089012E00398F9
:103E10000599C84001900398059A2021891A884085
:103E20000299D14008430090FFE700980199099159
:103E30000890FFE7089809990AB0704710B584B058
:103E40000391029001930092019B009A03990298BA
:103E500000F002F804B010BD10B5A2B01F911E9082
:103E60001D931C921F991E9800F090F94800400D78
:103E70001B901D991C9800F089F94800400D1A907C
:103E80001F991E9800F082F905911D991C9800F069
:103E90007DF9059848400121C90708400021079194
:103EA000189119901F991E9800F070F9AF4A069268
:103EB0001140169017911D991C9800F067F9069B08
:103EC0000246079819401492159113901B98401EB2
:103ED000A749884206D8FFE71A98401EA54988429C
:103EE00000D2ABE01F991E9800F050F9A24A04924C
:103EF0001140109011911D991C9800F047F9049AF7
:103F000011400E900F9111981099491E9B498841BC
:103F10000CD3FFE71F991E9800F038F90122D20454
:103F2000114300F03EF9219120901BE10F980E996A
:103F3000491E924988410CD3FFE71D991C9800F057
:103F400025F90122D204114300F02BF92191209090
:103F500008E110981199894A51400843002818D166
:103F6000FFE70F990E98084300280BD0FFE711993F
:103F70001098199A189B1843114300F012F92191D7
:103F80002090EFE00020804900F00BF92191209073
:103F9000E8E00E980F99794A51400843002818D15B
:103FA000FFE711991098084300280BD0FFE70F99FD
:103FB0000E98199A189B1843114300F0F2F82191BA
:103FC0002090CFE00020704900F0EBF82191209084
:103FD000C8E0119910980843002807D1FFE7199904
:103FE000189800F0DEF821912090BBE00F990E9810
:103FF0000843002807D1FFE71999189800F0D1F875
:1040000021912090AEE01198000D002808D1FFE723
:1040100016A800F0D1F80146139840181390FFE756
:104020000F98000D002808D1FFE714A800F0C4F88D
:104030000146139840181390FFE7FFE717980121F6
:104040000905084317901598084315901799169875
:10405000159B149A540DDB021B19D2020AAC019471
:104060000CAC0394009400F0CDF803981B991A9AB5
:104070008918139A8918424A891809918079C006CB
:10408000002804D5FFE70998401C099005E00CA81A
:104090000AA9012200F006F9FFE709983949884288
:1040A00009DBFFE718981999344A114300F079F8B1
:1040B0002191209056E00998002815DCFFE7099926
:1040C0000120401A08900898402807D3FFE7199963
:1040D000189800F066F82191209043E0089A0CA807
:1040E0000AA900F00CF90BE00D98204908400D904A
:1040F000099802050C990D9810430C910D90FFE75B
:10410000199A189B0D990C98184311430D910C9016
:104110000B980A99491E1849484108D3FFE70D98A2
:104120000C990022491C50410C910D90FFE70A9810
:104130000B990122D2075140084300280BD1FFE719
:104140000D980C9901220B4613400022C9185041CA
:104150000C910D90FFE70D990C9800F022F8219139
:104160002090FFE72098219922B010BDFFFF0F009B
:10417000FD070000FE070000FFFFFF7F0000F07F4B
:1041800001FCFFFFFF0700000000F87F84B00391EF
:10419000029002980399019100900098019904B04F
:1041A000704784B0039102900298039901910090A6
:1041B0000098019904B0704780B586B005900598C5
:1041C0004168006800F026F9009001200290010586
:1041D000002000F01FF901460098401A0490049A4C
:1041E0000599019108684968FFF770FB019A034639
:1041F000029803930B460399536011600499401A87
:1042000006B080BD10B592B0159C149C1191109011
:104210000F930E9210980E9A00230193194600F006
:104220004BF9019B0D910C9010980F9A194600F0D4
:1042300043F9019B0B910A9011980E9A194600F0D0
:104240003BF9019B0991089011980F9A194600F0CB
:1042500033F90A460199079206900C98059104904B
:104260000D980A9A821808464041089BD218484186
:1042700002920390049B0598029A8018159A136085
:1042800050600B98099A821808464041039BD21847
:1042900048410799069BD218484114990A60486022
:1042A00012B010BD10B588B007900691059207991D
:1042B000039108684968059A0092FFF707FB009B85
:1042C000029001910699086849684022D21AFFF7C6
:1042D0007DFD019A044602980B46039920431A4338
:1042E0004A6008600699049108684968059AFFF7D2
:1042F000EDFA0A4604994A60086008B010BDB0B5EE
:104300008EB00D900C910B920B983F283BD8FFE795
:104310000C99086849680B9B40220192D21AFFF75A
:10432000D5FA019A0843411E88410AA904910870F0
:104330000D99086849680B9B0293D21AFFF7C6FAD9
:10434000029A059003910C99069108684968FFF755
:104350003DFD039A049B044605980D4606992A43A1
:1043600020431B780124234018434A6008600D99BC
:104370000791086849680B9AFFF728FD0A460799D4
:104380004A60086044E00B987F2828D8FFE70D9921
:10439000086849680B9B8022D21AFFF797FA0C9B9A
:1043A0001A685B68194310430843411E884109A9F4
:1043B000009108700D99086849680B9A403AFFF718
:1043C00005FD0A46009909780123194008430C9914
:1043D0004A6008600D9900204860086017E00D9859
:1043E000016840680C9B1A685B68184311430143DD
:1043F000481E814108A801700178012001400C9AF3
:104400000020506011600D9948600860FFE7FFE7E9
:104410000EB0B0BD84B001910090019800281FD06B
:10442000FFE7019841080843810808430109084350
:10443000010A0843010C0843C04341081A4A1140CD
:10444000411A1A4A084610408908114040180109CB
:1044500041181748014017484843000E03901FE0D9
:104460000098410808438108084301090843010AEC
:104470000843010C0843C04341080B4A1140411A4C
:104480000A4A08461040890811404018010941189D
:104490000748014007484843000E20300390FFE7DB
:1044A000039804B07047C0465555555533333333E0
:1044B0000F0F0F0F0101010110B58AB0099108908B
:1044C0000793069208980999059104900698079910
:1044D000039102900498029900F010F80191009065
:1044E000059902984843049A039951434118019849
:1044F00040180190009801990AB010BD10B588B01D
:1045000007900691102003901B48029007A803888B
:1045100006A90A885A43049204AB5A8801921A8861
:10452000049242880C885443019A12190192019A0C
:104530001404049A1219049201AA548805945C8800
:1045400001941B8804934B8804885C43019B1B19CE
:104550000193019B1C04049B1B1904935388059A27
:10456000D218059240884988414305984018059023
:104570000498059908B010BDFFFF000080B582B017
:10458000019000910099019800F002F802B080BDFE
:1045900080B594B012901191129800F035F9C00DC9
:1045A000C0B21090119800F02FF9C00DC0B20F905A
:1045B000129800F029F90390119800F025F90146AE
:1045C000039848400121C90708400E90129800F056
:1045D0001BF98849049108400D90119800F014F9D6
:1045E000049908400C9000200B901098401EFD2864
:1045F00005D8FFE70F98401EFE2800D283E01298EE
:1046000000F002F97C49029108400A90119800F0EC
:10461000FBF80299084009900A98784988420AD321
:10462000FFE7129800F0F0F801218905084300F037
:10463000F2F81390DAE00998704988420AD3FFE74C
:10464000119800F0E1F801218905084300F0E3F832
:104650001390CBE00A98FF21C905884210D1FFE7EB
:104660000998002807D0FFE70A980E99084300F040
:10467000D2F81390BAE0634800F0CDF81390B5E09B
:104680000998FF21C905884210D1FFE70A98002840
:1046900007D0FFE709980E99084300F0BCF8139083
:1046A000A4E0584800F0B7F813909FE00A9800285B
:1046B00005D1FFE70E9800F0AEF8139096E0099848
:1046C000002805D1FFE70E9800F0A5F813908DE0C3
:1046D0000A98C00D002808D1FFE70DA800F0A2F845
:1046E00001460B9840180B90FFE70998C00D002871
:1046F00008D1FFE70CA800F095F801460B98401888
:104700000B90FFE7FFE70D980121C90508430D90C5
:104710000C9808430C900D980C99090208AA019274
:1047200007AB00F09AF8019810990F9A89180B9A24
:1047300089187F39069180780006002804D5FFE7A4
:104740000698401C069005E008A807A9012200F081
:104750009AF8FFE70698FF2808DBFFE70E98FF218D
:10476000C905084300F057F813903FE00698002869
:1047700013DCFFE706990120401A059005982028D0
:1047800005D3FFE70E9800F046F813902EE0059A47
:1047900008A807A900F08EF809E008981549084014
:1047A00008900698C105089808430890FFE70E99FD
:1047B00008980843089007981149884204D3FFE7F6
:1047C0000898401C0890FFE707980121C907884214
:1047D00007D1FFE7089801220146114040180890D0
:1047E000FFE7089800F017F81390FFE7139814B04C
:1047F00080BDC046FFFF7F00FFFFFF7F0100807F7D
:10480000010000800000C07F82B0019001980090FC
:10481000009802B0704782B0019001980090009813
:1048200002B0704780B584B003900398006800F030
:104830009DF8009001200190C00500F097F80099C4
:1048400002460198891A0291029B039A11689940C5
:1048500011600299401A04B080BD80B586B0059001
:104860000491039202930598049A00231946FFF7D6
:1048700023FE019100900198039908600098029925
:10488000086006B080BD10B583B00290019100921F
:1048900002990868009CA040019A126820231B1B03
:1048A000DA401043086001990868009A9040086057
:1048B00003B010BD10B586B0059004910392039823
:1048C0001F281ED8FFE704980068039A20218A1A3F
:1048D0009040421E904102AA107005980068039C07
:1048E000091B884004990B68E340184312780123A0
:1048F0001A401043086005990868039AD040086080
:1049000032E003983F281CD8FFE705980068039A17
:104910004021891A8840049909680843411E88414A
:1049200001A9087005980068039A203AD0400978D8
:10493000012211400843049908600599002008608D
:1049400011E005980168049800680143481E814100
:1049500068460170007801210840049908600599B3
:1049600000200860FFE7FFE706B010BD81B00090AF
:104970000098410808438108084301090843010AD7
:104980000843010C0843C0434108094A1140411A39
:10499000084A08461040890811404018010941188A
:1049A0000548014005484843000E01B07047C04625
:1049B00055555555333333330F0F0F0F0101010197
:1049C00080B582B0019000910198009900F002F842
:1049D00002B080BD8BB00990089120200790089804
:1049E00000281FD0FFE708984108084381080843C2
:1049F00001090843010A0843010C0843C043410868
:104A0000444A1140411A444A08461040890811405E
:104A10004018010941184148014041484843000EEF
:104A2000029002E020200290FFE70298019009988E
:104A300000281FD0FFE70998410808438108084370
:104A400001090843010A0843010C0843C043410817
:104A5000304A1140411A304A084610408908114036
:104A60004018010941182D4801402D484843000EC7
:104A7000009002E020200090FFE701980099401A82
:104A800006900698202803D3FFE709980A903DE096
:104A900006981F2803D1FFE700200A9036E0069809
:104AA000401C069009980699C84005900699202058
:104AB000411A09988840099000200490FFE7069861
:104AC000002820D0FFE7059840000999C90F401839
:104AD00005900998400004990843099008990598A1
:104AE000C0434018C0170390039801210840049068
:104AF0000899039801400598401A0590FFE7069829
:104B0000401E0690DBE705980A90FFE70A980BB075
:104B10007047C04655555555333333330F0F0F0F7C
:104B20000101010181B00090009801B0704782B08E
:104B3000019100900098019902B07047496368693B
:104B400050696E6720726561647900D4003800395D
:104B500000140073005E006C000E003800010006B7
:104B60006400C8000500050001000100010001000B
:104B7000010001000100010001000100010001002D
:104B8000A70020002000803F01010100523E0000EC
:104B90000000DF3ED03DE0BC24BE1BBE413EDE3DFA
:104BA0007BBD773C05BE81BDBB3CC73D3ABFA73C42
:104BB00060BC893DB43EAF3EA93ECCBE53BDE03E95
:104BC000763E4A3F8D3DD8BE5C3C2A3D1EBE40BF6E
:104BD00011BF4D3E963EC93E84BB69BEE43E673D73
:104BE0003A3EA93D0B3F6DBEE5BDE8BDAA3E0EBFF6
:104BF0002FBE353DFF3E11BF043E223F933EF3BE24
:104C00006EBD243E45BFB33D043E99BE13BF043C78
:104C1000A3BEA2BE60BE2C3D2F3EA73E85BE853DF5
:104C2000A73E993E0D3C30BECDBEEFBCD33E113EFB
:104C3000693ED93E363F543CBA3E0ABF22BF6BBDE7
:104C400040BE94BE86BEE6BD42BEC13E273F9DBE6D
:104C5000FCBEBC3DF5BE15BF1EBFDA3DD13DB43C28
:104C6000B03DF53E6A3E5B3DCBBEB9BE4EBE2DBEED
:104C7000ABBE1BBED63CEABD393DFC3E0F3FD8BDA6
:104C8000A43E90BED3BE963EB23E9F3D163F00BEB0
:104C9000D53E8E3DA33C9C3E88BDC8BE923E74BEB0
:104CA00014BD4FBE6EBE1EBCABBDB33E94BB193F20
:104CB000933E0B3E763EAE3C40BFBBBEBD3EE6BE25
:104CC00065BDBE3E3ABF54BEA0BD81BEC03EF0BD74
:104CD000623F2A3F0FBEA03EC6BE603ED4BE0D3F1F
:104CE000E8BD8E3EB9BDAF3EA13EB9BDC7BD653F73
:104CF0001F3F09BF29BE28BFD33E143CC4BEAB3CF6
:104D0000F6BB223EE6BEA2BE03BFC13EEDBEFBBE69
:104D1000453E703EA83EA5BEBB3C233D87BDED3E53
:104D20003CBE37BF59BEBC3D33BE0A3CFE3DF23DE2
:104D3000C5BED43EAABDA83EE23E9CBE9F3EDFBD9E
:104D4000A9BEE7BED43E993D793FCFBDECBEADBE16
:104D5000C0BD88BE1A3DB93E5FBEB0BED93ECD3E95
:104D6000733EFC3EB9BE543EF6BEA43E913C0E3CA2
:104D7000CDBD883E00BF1DBFD4BE84BE4F3E8E3E1B
:104D8000D23EC0BDF03E633E133FE9BEF9BD89BED1
:104D9000B1BE613F71BE193F62BE5B3D0A3FD7BEE7
:104DA000113EC0BE06BCBEBD90BEAEBDDB3D2ABE40
:104DB0006EBEB9BEB2BCB8BE9E3C80BEDBBECC3DB2
:104DC00068BC02BF653F3ABE903E833DC2BD543FC2
:104DD00008BE063F9F3D27BFB33EC63EB7BD16BFC8
:104DE000333E2F3E1DBF23BEBF3EB43E2B3EB1BE61
:104DF0009A3ED83EF1BE82BE6EBD483EAA3E63BE1C
:104E0000A5BDBE3ED53DBFBE38BF083F2ABD403D13
:104E10002DBE8ABF203F8EBE9C3D433F053FB93D1E
:104E2000C4BC0A3E943D23BD673EAE3D27BEB1BE25
:104E30000BBF42BF843E4FBE683D8CBE953D26BE33
:104E400045BE9BBC1ABEFEBE1D3E3C3D3B3FC23E26
:104E5000EC3E923D163E393E1E3FAFBECDBEE13D1B
:104E6000833E0F3FDA3E3F3F223DD93E8A3E923E8F
:104E7000D2BE75BE35BFDCBD5FBD00BE42BC50BFFB
:104E80000DBE4EBECE3C9FBDA1BECDBE333E2FBE9D
:104E9000893EC7BE30BD23BFFC3D0ABF0C3F3CBDB1
:104EA0008B3E52BE253E573FB43E38BE72BEB13E29
:104EB00099BE313E113D9B3DD4BE983DB73E9F3ECD
:104EC0006FBE803D4F3D1DBF13BFB63D013EE23E6C
:104ED0006DBD01BFB83E063E00BDCBBE9EBE81BECD
:104EE000F3BE193FD63D50BE37BEE53E85BEDC3B26
:104EF000B63D0C3FF03EA7BE48BD813E023EA7BE78
:104F0000573ABDBD8E3EE9BE0B3D143EBDBC173EBB
:104F10005C3E083FAC3E2D3EF53D1BBECEBD39BECE
:104F2000C4BDBBBE06BF753EDB3D26BEEDBEE03D4B
:104F300070BE8A3ED9BD703CB53E98BE5DBE783E1F
:104F4000ABBED53D77BF473D263F553E563BB13EB4
:104F5000D03ECBBE4CBD17BFD9BDC5BE023EB83D8D
:104F60000A3EB6BE013D4A3CAC3D22BE1BBE563E8B
:104F7000EC3E49BEEFBD863E2CBDE3BE8BBE1A3E65
:104F8000843E183F153D4E3F15BE0EBDE0BD6B3F44
:104F900013BF1F3E303E153F463C3ABD33BE523E26
:104FA00096BE16BF6BBE73BEC03E7CBD46BE8BBCFC
:104FB000133DFBBEB03E863E2BBE33BEB73D6FBE3B
:104FC00088BEDE3EFF3E2F3F94BC50BFB03EA03CAB
:104FD00001BE33BC0DBEA13E0EBABFBEC73EB03D42
:104FE000463C0E3EDCBE31BE99BD3C3EEFBEA7BE88
:104FF000943B10BFAD3E133FD3BDA5BD0D3FDE3E7C
:10500000EF3DB2BE72BE883E3BBF3C3FD6BE313E96
:10501000583EDFBD98BE133F673E01BD75BE4CBF15
:1050200086BD573DC2BD4EBEEA3E77BE9B3D04BF26
:10503000823EA3BD5F3E59BED13E7CBE863D723BE3
:10504000163FA1BE103F4DBE54BDA6BD29BE203E99
:10505000DC3E403E99BEB9BD21BE5B3EF4BE203F62
:10506000563EA8BEA5BE9B3C0F3EFB3D0DBE95BE69
:10507000E83E2F3D233E2D3EF63CE03E3EBE1EBFA9
:105080001ABFCDBEAC3E92BE903E4D3F6EBDD43EEB
:1050900099BE113FC5BD0FBEFD3D86BE04BF3A3F60
:1050A000283E83BE243B4BBF9ABE36BE9ABEA9BEE5
:1050B00012BE953E13BC82BE9ABD863E68BE3E3E81
:1050C000743EDDBD1E3E5B3E063DA5BE503F733EB9
:1050D000BA3E71BE1EBFCD3E5DBE1B3FDEBEA03DD3
:1050E0001ABE513FB03E213E573E093FB2BD81BD81
:1050F000B3BEA43EC5BE333ECCBDFEBA55BFA03E36
:1051000099BD54BE933C063F7DBE0ABFAEBE083F6C
:10511000DC3CEE3D4B3F31BDE03D0D3EAE3D97BE2C
:1051200000BF81BDEFBE6CBDE1BEB4BE60BEF73E48
:10513000903B8BBEEABC82BE50BE5E3F8D3E813F3F
:10514000A03DE7BED03E01BD83BEEB3C733E87BEB3
:10515000CDBE22BEDFBD57BE253EEABC053E923D18
:10516000B43EAC3EEEBD893D353F183E0DBE99BE06
:10517000143FFF3E84BEBF3E87BEB43B30BEF13E0F
:10518000EDBEF6BE10BD05BF923EFBBE8C3DBDBE62
:10519000A7BDFFBD17BE403CC3BEC23E6CBE9ABE9B
:1051A0009B3E0CBD3F3DAD3ECFBE2DBF513E913E1F
:1051B0009D3DC83D58BE883F913EDB3EBA3DD7BEBF
:1051C000083E32BE1BBE003E95BEBBBE123FC3BDF5
:1051D000CCBE41BE86BE09BE8A3E7E3FA5BD083E0E
:1051E000BEBEEABE7D3E263E6BBD27BE973EEBBCF3
:1051F00030BE913E7C3ED8BED9BE00BF513E12BFEC
:10520000CD3EA23EA63EA43D56BE883ECDBD943DB9
:1052100019BD973E12BDF9BE1D3E67BEC7BE44BF55
:10522000A5BE5E3C803E633EAA3EE53D553E473E00
:10523000F73B1ABFA03ECBBDC43EECBD06B9943EC1
:10524000C53D0EBFB9BD503FDA3E84BEBD3D82BEF6
:10525000043ECFBD093EC1BE29BE353EBF3D2EBE78
:10526000AFBD00BE6D3E1FBFFABD023F053F2C3EE5
:1052700034BE09BE3C3DA73E0F3F0DBB963E193ED6
:10528000B53E3B3E8F3DF6BE88BE9DBE8FBED6BEB0
:105290003D3D6DBE8FBE073DCF3E5BBE9A3E9CBE80
:1052A000143F0EBE2BBD89BED6BE733EBE3DC93D6A
:1052B00086BE65BE2ABE333E48BE603F3FBEB3BC1D
:1052C000B53D2A3F703D203C923E8C3D1DBFFEBE49
:1052D000293EF6BE82BE0A3EE0BE01BF06BEEB3BE3
:1052E0003FBE823EA43E40BEB43EB7BDE53ED0BE0A
:1052F000593E97BD0C3E413D0B3E81BD2CBE193E33
:1053000084BE303F53BEEE3EA43DE43E273E62BE27
:105310008ABE27BEAD3E6EBE31BD9F3E163F873E64
:105320004FBC873EDE3EC0BDDCBD28BFDF3D623CDA
:10533000BF3EB93EE8BECB3DD9BEE4BECEBE55BEF3
:105340001ABE73BE613E6A3E903DD73E17BF0DBF89
:10535000373F58BE2D3BA43EAC3E0FBDC4BE8B3E76
:10536000C7BE37BFF83E2E3E8AB98CBE063F65BD2C
:10537000C4BDA93D26BF413E18BED73E443DA03E18
:10538000453EBE3EF3BED4BD593D8D3D89BE133F63
:10539000FFBEDEDDE8EEF2F1EDE7DFDCDEE5E5DEC7
:1053A000E0E6EEF8F7ECE2DAD3D0D3D7DBDDDBD8FA
:1053B000D8DADAD9D8D6D5D3D0D0D2D3D6D5D3D19E
:1053C000CECFCFCECFD0D0CECECECFCDCCCED0D0F4
:1053D000CECBCBCAC8CACED5D0CDCCCDD6DADBDECB
:1053E000F4040B06FBEFE9E5E2E7F40512191A17DE
:1053F0001D28302D282526252424272B2C2C2A282F
:10540000221E181819120A02FBFD051012110F09AD
:1054100004FBEAD0C7F00B0D04FEFAFAFF0D150CE1
:10542000010001FCF5EEE5D5C0B8BABFC9D2D9DD9F
:10543000E2E6E9EBEDEEECEAE8E8E8E9EAEBF0F8C1
:105440000310130AFBF2ECE5E2E3ECECECE8E4E435
:10545000E3E4E6E6E4DBD4D1CFD1DCE3E2E6EDF44D
:10546000F0EEF1F2EEE8E2DAD9D7D6D6D5D8DBDD28
:10547000E0E8F0F8FAF9F5F2ECE9E4E3DED8D1D0AF
:10548000D5E1EAF1F6F8FC00030404050708080773
:1054900005050505060A0D0E0E0B04FEF9F2F1F3E3
:1054A000F6F5F3F2F0ECE8E7E5E5E4E3E2E1DFDB73
:1054B000D8D6D3D1D0D0D0CFD0D4DADCDDDEDEDE8A
:1054C000DDDADBDCDEE2E1E3E5E8EBECEEEFF2F87F
:1054D000FE000809080503030406090C1014181936
:1054E0001A191B1F23221F1B161213151108122431
:1054F0002F38372B1E130F0E0D0C0B0A080A0A0942
:1055000008080808090807090D0E0C080400FDFC2E
:10551000FBFBFBFCFEFFF8F5F7F9FC0002060702B7
:10552000FDFF050F151F24221508FCF4E7D8DADC6F
:10553000DAE5FAF8E2D0C9C3C3C5C9CAC8C0BFE436
:105540000B18100A04FAF4F3F4F0EAE3E3EAF7FDC7
:1055500000060D110C090B1425343430291D1206D8
:10556000F2EB0C3031241813161C252B29231910AB
:105570000802FEF8ECD8C8C8D1D7E0E7EEF5FD0385
:105580000808070601FBF7F4F4F5F6F8FA04152D00
:1055900042422D20160F0B0F1209F7E2CFC3CADBD0
:1055A000F70F1F25221C140B02F5F4FB06101D2516
:1055B0002720160C060100FFFAF6F3F4F8FD061D8D
:1055C0003D5F726A5747382C0FF8E6D0BAADB0BECF
:1055D000C6CCCCCBCDCECDCAC6C5C6C3B9B0ADB393
:1055E000C7DBF10D223641433E3B393633312F2E96
:1055F0002C2B2A292725242322211F1C1A18171691
:10560000120E0A08040201FFFDF9F5ECE2D2BCA675
:105610009A8E8F9DA2AFBDC5C5C4C5C2BEC2CACC3D
:10562000CDC9C4C1BFC0CBD0D4DAE80014240DFF6B
:10563000DFCCC7CFD7E0DED4D0CCCAD3D5D6DDEC13
:10564000EEE9E5DED6D2D4D8DDDFDDD9DCDFE0E37C
:10565000E3DBD4CCCBCCCDD1DADAD7D8D7D4D2D304
:10566000D4D5D9DED8CECECCC9CCCFD1D0CFCECB2D
:10567000C8C5C6CEDDDAC2B1B1B8BDCEF4FBFF14E9
:105680001E0F243D1D0A0A111C2B2F1D070C232F52
:10569000251D18161D2427221D14111934434644B4
:1056A000433C2E11F0E1DCDFDBCCBDAF998181CC36
:1056B000677F7F7F7F7F6B6A7F7F7F7F5B331A0D82
:1056C000FFEFC58181818181839BA9B2BBC0C3C823
:1056D000CACBCACCCCD0D0D1D4DDE906160AF8E3C7
:1056E000B9BAE50E1F1B0AF4DAD0D3E1F80510179A
:1056F0001408F8CF848181818193C6E9F90A1819C9
:1057000010FFF1DDD3CABCAA92828DA0D11C4F6BD1
:10571000430BE8E0F4F7E3D7D0CDCBD0DAE6EDF1F8
:10572000F4F4F8FDFFFBF0E2D0B7A8A8B6D81A450C
:10573000595447362B272324231F1E202424211CA1
:1057400017100802FDF9F5F4F4F4F3F1EFEBDECBFA
:10575000BBB2ACADAFB2B8BCBAB7BABBBFC3C9CDB0
:10576000CED5D4D3D5D9DADBDBDEE0E1E3E5EBEB74
:10577000F60507090902FBFF1027281B25221B1825
:1057800018191917110D0D0F0AFF06162432342BA4
:1057900020150F0D0B0A0A0906080B0A090807064F
:1057A000050404070A0C0B0703FFFDFBFAFAFAFBDA
:1057B000FDFDF7F5F7F8FAFE01040601FCFE040E04
:1057C00012191B1A1307FCF7ECDCDADDDCE3F6F543
:1057D000E4D3CBC7C7C8CBCED2D3CCDBFF0E0903F3
:1057E000FEFAF9F9F6EFE8E0E0E6F2F9FF08152035
:1057F000211C14131C25221C150C03F5EA072B4A47
:105800004837261D1E232B3231291809000001FBC1
:10581000E8CEBABAC6D0DCE4EBF2FAFF0303030227
:10582000FDF8F4F1F1F1F1F0F0FD14344F4E2D1AC2
:105830000F0D0D111209F5DEC8BDCCE2FE15252CA9
:10584000291A05F1E2D4D7ED0010212C2F2B2116B7
:105850000F0601FCF7F1EFF0F3F80421476E7F6CBF
:105860004D362C260EF9E6D0BAADB0BEC7CCCDCBA6
:10587000CDCECCC9C4C1C2BEB4ACAAB1C8DDF61489
:105880002A3E4948413E3C3834322F2D2A292827C8
:10589000252321201F1E1D1B19171614100B070589
:1058A0000200FDF9F5F1EDE3DACDBAA69B8E929EEA
:1058B000A4AFBBC3C3C2C4C1BDBFC5C7C7C3C3C6F2
:1058C000C6C4CAC9C7CBDBFA13250406FEF8F8F62E
:1058D000EBE0DDDCDEE0E3F4EBE8F2FBF8EDE2D94F
:1058E000D5D4D7DADEE0E2DEDADCDDDEDDDDDBD604
:1058F000CFCED1D4DADDDBD8D1CFD2D3D2D3D7DD5E
:10590000D7CECFCFCECED1D3D4D2D1D1CECFD0D08F
:10591000C9C3C1BBC4D0DBDCD0D0E10022241E143B
:10592000FE010E181F231F1411162B392C25252AB2
:10593000303228201D1F2B383E2E0F010410161068
:105940000400060F0F07F4D5BB9685E94C7F7F7FD7
:105950006A564D577D7F7F6E493122180EF7C48CF1
:10596000818181818F9FA7AAAFB7BFC7CACDCECF94
:10597000CED1CDC9C8D0DAFA13111E2F13FBF1E531
:10598000D4CAD7E7F8FCFDFEF9F8FF07FAD2B1BC9C
:10599000D7F601F0DBCCD5DEC6BDC0C5C7C5C3B2E6
:1059A000A7A09C9C9E9E9FA1B0D7002B3D2D1A10B6
:1059B00008FFE6DBD7D6D3D2D5E0E8EFF4F5F5F370
:1059C000F2EFEDEBE9E3DCDBE1F20F21231B1A1B25
:1059D0001E2124292E2D2B2C2C2B261F180F0500C1
:1059E000FFFFFDFCF8F4EFE9E9E7DBCDC5C1BEBF81
:1059F000C0C4CCD3D4D6D7D0C4BEC2CAD2DBDDE3B8
:105A0000E3E1E2E2E4E5E8ECEEF1F2EEEBEAE7E412
:105A1000ECF2F7FB051D31352022222324221D192B
:105A2000120E10120F090D1B2B3735291D14100DE6
:105A30000B0B0B0A070608070607070707050507EC
:105A40000A0B0A0603FFFCFAFAFAFAFBFEFFF9F565
:105A5000F7F8FBFE000405FFFCFF030A101B2120E2
:105A60001407FAF2E5D9D8D7D8E3F6F1E0D8D3CEC7
:105A7000CBCBD1D4D0C7C9EB0E180B01F9F6F5F496
:105A8000F0EBE7E3E7EEFC0304070B0D0C0C0C1442
:105A90002433312A1D0D01F3F81832494330221FF7
:105AA00021242B32312C22170A01FBF2E4D2C1BE91
:105AB000C4CAD4DCE5EEF6FBFF020503FDF7F2EE07
:105AC000EDECEFF3F402172A3E45301F140E090CDB
:105AD0000F08F9E5CFC2CCE2FC1220241E150D09F7
:105AE00002F3EFF8050F181C1C180F04FAF4F5F474
:105AF000F2F0EDEEF2F6FE1535576E6957473A2F84
:105B000011FBE7D1BBAFB3C3CBD0D2CFCFCFCECB7E
:105B1000C6C2C2BEB6AFAEB3C8DCF20A1C32404445
:105B20003F3D3D3B3A3A393734312F2B2826252546
:105B30002422201D1B1917140F09030200FEFCFA72
:105B4000F8F4EEE3DACCB89B8B8187969EAFBFC9A1
:105B5000CDCCCCC9C3C1C1C0BEB9AEA5ACB7C5C957
:105B6000CDD3DFF60C22171D02E9DDDCD9DCDAD358
:105B7000D1CECFD3BDC0D9EEF2EFEBE2D9D4D4D79A
:105B8000DCE0E2DDD9DDDEE3E4E1DAD1CCCAC3C496
:105B9000D5E0DFDEDBD9D8D8D5D2D6E0DBCFCFCD8C
:105BA000CACDD0D2D4D1CFCCC4C2C8D5DACDBAA850
:105BB000B3C2D0E3F6E8D7F232363F4C1A0D171FC6
:105BC0002429230CF1F00C2D2D231B1A27322D1F15
:105BD000170E0E1D444D3F393D3E3217F9EBE4E9F7
:105BE000E7D3B79D8C8181CD6C7F7F7F7F7F78638A
:105BF0007D7F7F7F4E220205181FED91818181817B
:105C0000818EA1AFBAC0C2C6C8CCCBCCCED3D0CFC8
:105C1000D0DAED1E3E18E9E6CBC0DC00121006F625
:105C2000E3D3D2DEFC11202918ECC4B9AE87818100
:105C30008181CAFD10222E2B15F8E1BFB5AFABA8AC
:105C40009D969CAAD21D56795413E4D7F3F9E4D655
:105C5000D0CFD2D9E3F2FB0203F5ECE7E2D9CCC313
:105C6000C2BEBBBFCFEE2A505E51412E232121255B
:105C7000272321222625221E180F0701FCF8F2EF08
:105C8000F1F4F6F5F2E9D6C5BBBABAC0BEBDC2C5DD
:105C9000C4BCB8B6B5BBC4CED6DEDEDFDFDFE0E124
:105CA000E1E4E6E8EEF2F3EFEFF1F7FE080801FFBA
:105CB0000713191A26292522201D1916100B0C0E60
:105CC0000A0202112333342B2017110D0B0B0A0982
:105CD00006070B0A0908080706050405080909074D
:105CE0000400FDFCFBFBFAFBFDFEFAF6F7F8FBFEF9
:105CF00000040500FDFE030C121B1B191106FAF52A
:105D0000EBDDDADAD9E1F4F5E6DBD3CBC8C8CDD0E8
:105D1000D5D6D4E4000D0801F9F4F5F4EFE8E2DE9D
:105D2000E1E9F7FD020C1722231D14131C26231989
:105D30000D03FBF0F7193855523E2A2021252E3647
:105D4000362F1E0DFEFBFBF7E6CEBDBCC4CBD5DE69
:105D5000E7EFF6FBFF020403FDF7F3F1EFEEEFF0E0
:105D6000EFFD19364B4D321C0F0C0B0E0F06F6DFF4
:105D7000C6BCD1E90419282C2312FDEDE2D8DBF0D2
:105D800002122531322B1F1003F5F5F3F2F1EFF17A
:105D9000F4FA042049737F7050372C270EF9E3CCB6
:105DA000B7ABB1C3CDD2D4D0CFCFCDC9C4C1C0BCA5
:105DB000B5AFACB1C6DBF412273C484943403D398E
:105DC00037363332302D2B29262423232221201D40
:105DD0001B1917130E0804040301FDF9F5EFE8DBA6
:105DE000D4C9B79F938991A1A7B2C0CBCFCECDCB59
:105DF000C5C3C1BFBCB7ADA9B2BCC6C7C8CCDAF772
:105E00000F25D0BCB8B8C0CBD3D1CBD3E1F5F4D5F6
:105E1000D2E2F00617252C2D2A2521252C2F2D27FF
:105E20001F19171E23221F1B1815151E28251F17A3
:105E3000110C0A09090A0B0A0402040405070A0ED8
:105E40000F0C09090E161A1E1B1309FDF4EDE3D9F8
:105E5000D5D3D2DAECF9F7EAD7CCD2E5FA0A1213A5
:105E600015170BFC020E15140E0F161A1A191A1913
:105E700014100E10100A00EDDCD3CAD2E1DDD1D42B
:105E8000E1EFFD1A3B606558463A322E363D3B3213
:105E9000241D1B160E07FFF1E1D7CDCACBCFD4DBF3
:105EA000E2E9F2F6F8F4EFEBE9E8E5E2E1E4E7F342
:105EB000FF0A150FF1DED7E4022949514A3C2F268B
:105EC0001A12100F07ECBAA5AAB9CBD8E0F2FD045C
:105ED00004091010FDDFCCBCBABABABABBBDC0C54C
:105EE000D4E6F3FCFDF7F3F810181E1B0FFCEBE3F0
:105EF000E5F0F8FF070F141513110F0E0F0D0A062A
:105F00000305101820262A2B29241910090302043E
:105F1000080602FDF9F2EBE7EAF70B161817130F64
:105F20000D0C0B0A0706050607090D0E0F100F0EC4
:105F30000A060402FDFCF8F5F4F3F3F4F6F9FF06A3
:105F40000D1217171714100C08060200040B10117D
:105F5000F2E4DEDBDEE4E9E7E4EBF70605E3DCEBA5
:105F6000FB101F2828232022272D31312D28221F06
:105F7000232D30302D292726282E312D271F1915A6
:105F80001211111112120D0B0C0C0E1114191A14FE
:105F90000F0F151D212728231A120B0B09070503C4
:105FA000050B14100A0D06FBF7FBFF0101000209A7
:105FB00001EBEDF5F8F2EDF0F6F5F1EAE9EEF9FBBB
:105FC000FB00060801F1E3DCD8D5D7D8CAAFC6E696
:105FD0000122375156504844434142423C2F201839
:105FE00018191A1811FFE6D5C4C2CCD6E2EBF4FAA0
:105FF00001030400FAF5F2EFEEECEBE9E8F202142B
:1060000027280DF7EBF00628444B45362517FDE809
:10601000F0020D0D07FDF1E8E6E5EAFB08131F2984
:106020002D260FF3DFCCC9CBCDCECED2D7DEED06F9
:106030001C3033241209151B2325272312F6DED525
:10604000D7DBDEDFE3E3E2E0DDDBDCDBD5CDCACEB0
:10605000DFEF031D2F3D413D322A251F1D1E1E1B54
:1060600016100C05FDF6F1F1FB091C272D2E2D2C29
:1060700028231E1D1C1A191714100C05FDF2DEC76B
:10608000BDB6B5BEC2C8CED2D5D3D3D3D3D8DBDD4F
:10609000DFDCD6CFCECACDD1CECCD3E7FC0EF1E833
:1060A000E2DBD6D7DDE2DBD2D0D9D9BCB5BDC5D9CC
:1060B000E7F5000B1518181A20252B2B27282B2D58
:1060C0002A28231E1A1814152227221A15110F0E1A
:1060D0000E0E0F0E08050607090B0E1214100C0DFC
:1060E000121C2024211A1002F5EBD9C5CBD1CDD337
:1060F000E7F9FFFDE7D5D7E7FB0D1817131100D916
:10610000DDF0F8FC000407090A0B0F13181A1B2016
:1061100024221A0CFFFC000702F4E4D2C1AFC2F73C
:106120001E444C4D4C46403D434A463A2D241E17D2
:106130000F09FFEBD7CEC8CACFD3D6DBE4EBF1F51E
:10614000F6F3EDEBE9E7E4E1DEDFE1EF010F1D1A25
:10615000F9E3DAE6042C4F574F3D2C231A1514139C
:1061600008E7B7B6BFBFBEB3B0C7DFF0FD0D212A49
:106170002007F1D7CCBFB1A8A5A9AFB9CEEF0E29A2
:106180002710FAEFFE060E0E09FFF1E8E9F2F90119
:10619000091217191815110D0801FAF5F5FD101F50
:1061A0002A333634312C231C160F0C0C0D0A06032F
:1061B000FFFBF5F1EEECEDF0FA02080C0F100E0A01
:1061C000050200000104080B0F1212120D0806034D
:1061D000FEFDF9F6F5F4F4F4F6F9FF0810151B1BB3
:1061E0001C18140F0C080200030A0E0E0F0A04FEFE
:1061F000F9F9FBFCF6F2F3FAF7DBD1D9E3F2FF078A
:106200000B0D12171C1F1F22292A27282D3232316D
:106210002E29262624242B2C261F1916141212127E
:1062200013120E0C0D0D0E11151A1B140F10161F44
:106230002227272219110B0B09060605070D161236
:106240000C0E06FBF8FC0003060A101914F7DBDA43
:10625000D7DDE7ECECE6E0DADAE0E9EEF2F9020BA2
:106260000B070101060F0D04F6DEC3B5D7FF152A93
:106270002F3034383F444A4943392C231D1B1A1907
:106280000EF8DCCDC3C7D2DCE5EDF5FB0105050258
:10629000FBF6F3F0EEEDEDEAE7F1041B343B2108E9
:1062A000F3EEFF1F3D4743342314FCEBF2030E0EC5
:1062B00007FFF6EDE4D6D6EBFF0E1E2A353629127F
:1062C000FCDDD4CEC9C5C5CACED4E401274C5A4A98
:1062D0002F170B0B0F1113140DFBEADFDDDFDFDED1
:1062E000E1E3E2E0DDDBDCDBD4CDC9CDDEEE031C97
:1062F0002E3C413F3836342F2B2A28241F1B1712DF
:106300000B0602FEFCFC040C151D2122211D191791
:1063100015141312100C0A03FBF0DCC7BFBABCC57E
:10632000C7CBCED2D4D2D2D4D4D8DEE1E2E0DCD610
:10633000D2CED4D6D1CDD2E6FC10D2CACBCCD3D9D2
:10634000D8CEC5D5E7F7F3D9D4DEEE091A29302F18
:106350002C2A262B3336332C231C1B212322201DD1
:1063600017152634342B241C15110F0D0D0D0F0F8E
:1063700009060708090C0F1215110D0D121C1F2319
:1063800020180DFFF4ECDFD3CECBCAD2E3F3F7F63F
:10639000E2D1D7EBFD0A111113170CFD020C1213F9
:1063A0000E0D10121111181F201A100C07FEF4E523
:1063B000D9D4CEC9C7CED0D2DEF1072846666758F9
:1063C000483C343038403D33271D17181A1603EA6D
:1063D000D9D3CFCECFD1D3DAE3EBF3F8F9F6F2F09D
:1063E000EEEDEBE8E7ECF1010C070303F0E1DEE989
:1063F0000325434D4A3D312B20150E0C09F7D3BE22
:10640000B9BCC6C6C2CFE2F40414222005DFC8B866
:10641000B7BABDC0C4CAD0D3DAE1E2E4F0F8F9FDFE
:10642000151E231E0FFAECE8EDF801080F151819D8
:10643000171615141514110E0C0D151C20232523E9
:10644000201C140D0600FF02060603FEFAF3ECE81A
:10645000EEFD10191916130E0C0A080503030303A9
:1064600005070A0A0B0B0C0C090605040000FBF8D3
:10647000F7F5F4F5F7FAFF070F141B1B1A16130EA6
:106480000D0D0C0E11131413EDEBEBEAEEF0EEE72D
:10649000E2EBF80401E6DEE7F80E1D25241F1F23BA
:1064A000272C31312E28201E222A2B2A2824212075
:1064B0002A35352C251E181412100F0F11110D0A34
:1064C0000B0B0D10131819130F0F131A1E2426236C
:1064D0001B120B0A07040201040A130F080804FA2E
:1064E000F6FAFE0000FFFF03FDF7F1EFEFF2F4F420
:1064F000F2F1ECE6E5ECFA0002040602F9EADFDC70
:10650000DAD9D2C9BDACC5E502253B5252473F3B63
:106510003B3C3E3F3A302318111216180EF8DED0DD
:10652000C4C5CED7E1EAF2F8FE0202FFFAF5F0EEBA
:10653000ECEAEAEAE9F507121B1F0CF9EDF002217B
:106540003D4641311E10FBE9ED0110120B02F7ED43
:10655000E5D9D5E4F50519292E2309EAD6C6C6C919
:10656000CCCED0D5DCE2ED011322261F130B161B77
:106570002324251F0CEFD7D0D2D5D6D7DADDDDDC2A
:10658000D9D8D9D9D3CCCACEDFEF031B2C393D39AA
:106590002D26211C1A1A1A17130E0902F8F2EDEF14
:1065A000FB091A2529292726221F1B181514141147
:1065B0000E0A05FEF6EBDAC5C0BEBEC5C6CACED110
:1065C000D1CFCDCDCDCFD6D9D9D4CBC3C1C4CED4E4
:1065D000D8D9E3F40311E8EDEFEBE7E7E6E3D8D22F
:1065E000D4E1E0C4B9BBC2D7E5F3FF09131716190C
:1065F000212428272325292C2B29251F1A1714117C
:106600001624251F17120F0E0C0C0E0E0806060777
:10661000090B0D11130F0C0C111B1F2421190E0156
:10662000F3E9D6C1CBD3D2DAE7F7FE00ECDADCEC43
:10663000FD0D1717120DF5D3E2F2F9FD0206090858
:1066400006070C131E201E21231F170BFFFD020738
:1066500001F3E1CDBEB2C7FD24484F4D49433D3A59
:106660004047443A2B221C181610FEE7D5CECBCB60
:10667000CDD0D4DBE3EAF0F4F5F3EEECEAE7E5E1C4
:10668000E0E3E7FB141F170CF2DFD5E3022A4C56B8
:106690004F3D2C241B1615150AEBBAB5C0C3BFA974
:1066A000A2BEDAF00316292E2005EECFBFB1A8A7AF
:1066B000A9AEB4BCCDED0D292813FDF1FB040D0EE0
:1066C0000A00F2EAECF6FD04090C0E0F0E0D0B0A9F
:1066D000090601FCFA00121F293033312E2A211B32
:1066E00016100D0E0D0A070300FBF4EFECEBECF0B7
:1066F000FA02080C0D0D0B06020100020406090B3C
:106700000E0F0F0E0A050301FCFCF8F5F4F3F3F38A
:10671000F5F8FF071014191817130F0A0A090503D3
:10672000070E111002060907060503FFF5F1F5FE35
:10673000FCE4D7D9E1F2FE060A0D1115181D20223E
:10674000272724262B3132302C2825232324292CBB
:1067500028211B171513111112120E0D0D0D0E11FC
:1067600014191B140F10151E2125252019110B0BB0
:1067700009070505070D16120B0D07FDFAFD0103AC
:10678000060A101917FAD7D2D3DDE8EDEBE4DEDB09
:10679000DDE2EEF3F6FC040A0802FDFD050E0B0037
:1067A000F2DCC0B5D8011932363334363C414849A1
:1067B00044392C211815181A10FCE1D1C4C6D1DBBC
:1067C000E5EDF6FC03050502FCF8F4F1EFECEBE96E
:1067D000E7F30B232F2E1702F1F002213D46413142
:1067E0001F10FDF1F907111009FFF3E7DDD1D2E722
:1067F000F80922343E3C2E14FBD9CDC8C6C6C9CFF9
:10680000D4DBEA052749564529130A0C121417163A
:106810000CF6E3DCDEE1E2E3E5E5E4E2DEDBDBD936
:10682000D3CBC8CCDDED021B2D3A3E3D3735342F9E
:106830002B2A28241F1B17120C070300FDFE050C32
:10684000141B1F201F1B1817161614120F0B0700FE
:10685000F9F0DEC9C2BCBCC4C6CBD1D6D9D7D8D812
:10686000D6D7D9DBE0DDD5CBC8C4CCD0CFCDD7EEE1
:106870000214090F0D0602FDF3E9E4DDD8D9DDE9C4
:10688000E5DCD7E1EBE9E2DBD7D7D8D9DCE0E0DC27
:10689000DADADADEDFDDDBD7D4D4D3D2D9DEDDDA63
:1068A000D7D5D5D5D5D7D8D8D5D4D4D2D2D4D6D695
:1068B000D7D7D7D5D2D5D9E1E3DACDC7D0CEC5CA9F
:1068C000F40E1D180AF2DCCCD7E8F607141B1815D5
:1068D000160F142A2924222223272D302F29242180
:1068E00023211B222E332C1D0C090E191B1406F418
:1068F000E7DBD8F71D4342372D21161221363E40E3
:106900003830210EFDEBCDAE9E9FAEB9C3CBD0D0BB
:10691000CDCBCED5D8D9D2CECCCDCAC4BDBBBDD5BA
:10692000F71437503715F8E8DDE4FE0802F2E8E521
:10693000E6E9ECEEE9DCD2D1CBC7C9CAD0E1EAEE98
:10694000E8ECF6FAF5E7DBC5B7ADA6A3A09D9997ED
:10695000A0CC094D6A5B3814EDE2DDE0DFDCD6D275
:10696000D3D8DCE1E5E8EDF0F0EDE8E5E3DFD9D3FD
:10697000D4DFFD142632373734302924201814147C
:1069800014120F0C0A05FFFCFAF7F5F3F3F3F2F318
:10699000F4F5F7F7F8F9FCFFFFFEFDFCFCF9F7F260
:1069A000E9E1E0E3E6ECEDEEEDEDEDEDEDEEF2F735
:1069B000FF050A08070400FBF7EFE4DDE0F40B1C19
:1069C0002B3133322F2A221C160E0C0C09080E15FF
:1069D000171E26241A100C0B0907060504050402CD
:1069E00002040606050303050708080603FFFBFA71
:1069F000F9F9F9FBFDFDF7F5F7F8F9FCFE010303E2
:106A0000030206101721211C1105F9F1E5D6D8DB88
:106A1000DDE8F9F5E6DCD2CAC8CDD3D7D4CBC7D9E7
:106A20000316100902F8F4F5F7F2E9E2E3E8F3F8E7
:106A3000FAFE08151C1F1C1E2935342A1C0E03F9EA
:106A4000FD152C45473E332A221D212D3338332C8A
:106A5000200CF8E9D7C8C2C6D1D8DDDFE0E1E4E90F
:106A6000F2F8FAF8F1ECE8E6E3DED9D5D4E2FC1866
:106A70003A5851371D0E01020C1006F1DACACEDC6D
:106A8000F50A181B160F0A05FCEBE8F8060F151897
:106A900019150BFDF2E0D8D3D0CECFD5D6D8DFFD77
:106AA0002A5C7B7D6D5A3F2D10FEF1E0C9B7B2BD67
:106AB000C3C5C4C0C4C8C9C7C1BCBAB8B2A9A5AB14
:106AC000C1D5ED091D3340464242454341403E3B5E
:106AD000373433302D2A29282625252422211F1F2B
:106AE0001E1A171513110F0B0803FFF7EFE3D1BBA5
:106AF000B6B0AEB9BDC5CACED0CFCDCCCBCACED143
:106B0000D3CCC4BBBAB8BCBBB2AAACC3E2050B13AE
:106B100010090400F5EBEAE7E4E2E2F3F6EEE6E260
:106B2000E0DBD3CFD3D4D6D8DCDDDAD5D6DCDFE1D9
:106B3000E0DDDBD7D3D3D2D0D2D7D9DBDAD9D8D8DE
:106B4000D8D9DADAD7D4D3D1D1D4D6D6D7D8D8D5E4
:106B5000D2D4D8E2E9E1D0C0C2C5C5CBEA02161E44
:106B600012F7EAE2E9F4000D18201E1411111423A3
:106B700024211F1E20262B2D2B231F21282B2A2EBC
:106B800033322A1C0B070B13140E01EFE1CEC6F6AD
:106B900028585E524131231C24343A3C342D1E0BBC
:106BA000F8E3C6AA9DA0AEBBC7CECFCFCFCFD4DA75
:106BB000DDDBD5D1CECECBC7C2C1C2D7FC19334D98
:106BC0003B1C02F4E8E7F902FEF1EBEAE8E8E9E849
:106BD000E2DDE1E9EAD9BC9086AAD4F2000B0F0D00
:106BE00008FDF7E7D4C0ADA29A97989DACDB1A5F79
:106BF000765E350FE5DBD8DEDEDCD6D4D5DBE1E62C
:106C0000ECF1F6F9F8F3EAE1D9D2CDCACEDC001DF9
:106C100035464A463E362B231C141010110E0C0923
:106C20000704FFFCFBF9F5F2F0F0F0F3F6F8F9F8E1
:106C3000F7F7F9FBFBFAF9F7F8F4EFE9E1DBDEE34C
:106C4000E6ECECEDEEEFEFF0F0F2F6FAFF020809F9
:106C50000C0C0804FDF3E7DEE0F509132A303131AE
:106C60002E29211B1611100F0A0B1521221E1B198C
:106C7000120C0A0806040200FDFF040404030303C7
:106C8000020100020405030200FEFBFAF9F9F9FA19
:106C9000FCFCF6F4F6F7F8FBFD0002010201040D1E
:106CA000141E1E180E03F8F3EBDDD5D5D9E8FBF85A
:106CB000EADDD0C5C5CDD6D9D6D3D4E601110A06B2
:106CC000FFF9F9FAF6EEE6E0E1E6F1F7FB020E1B5A
:106CD00020221E1F272F2D251A0C00F1F2122C48FE
:106CE0004B41352C2420263035362D231504F3E670
:106CF000D5C6C3C8D3DADCDDDDDFE3E8F0F6F7F5AF
:106D0000F0EBE8E6E3DDD7D1CEDBF81A405E55398B
:106D10001E0F0200060700ECD9CBCCDAF50B191CCC
:106D200019150F03EFD1C8DEF809151E211E15082D
:106D3000FEEADDD5D0CECED2D4D7DFFE2D617F7F67
:106D40006E593C2905F0E5D8C6B8B4BFC4C6C4BF67
:106D5000C3C7C9C7C0BBB9B8B2A9A5AAC0D5ED0AF7
:106D60002037454A474647423E3C393632302E2B83
:106D7000282726252321201F1F1E1D1D1C18141324
:106D8000110E0C0703FFFBF2EBDFD3C0BAB4B1BBAB
:106D9000BFC5CBCFCFCFCECECCCDCDD0D2CDC6C13F
:106DA000C2C0C1BEB4AAA7B5D4FBFD090E0B0A062A
:106DB000FBEFE8E2DFE1E7F8F5EAE0E1E7E5DFDC59
:106DC000DAD8D8D8DCDEDDDADAD9D8DADDDFDCD81B
:106DD000D6D5D2D1D7E0E0DDD8D6D7D9DADBDCDB27
:106DE000D7D3D3D2D2D4D6D6DADBD8D4D2D5DBE53A
:106DF000E4D3C3BCC1C3C3CEF4060E0F1009F8DE42
:106E0000DEF203131D1F1A0F0F141D2A241E1D1E50
:106E100023282B2C2B2523262D2B23232828221710
:106E20000B090E13120F03F1E4D9D9FC224945399D
:106E30002E241E22384C4F4B3D32200AF5DFBFA2D4
:106E40009499AAB7C2C9CDCDCAC7CCD4DADCD6D200
:106E5000D0D1CECBC7C6CBE70E2636493717FAE8D6
:106E6000D7D5EF0104F7EEEAE5E5ECF6F7E6D0CA90
:106E7000CED9E2DDD2CFDBE3DADBE9F3F1E3D6BD55
:106E8000B3B0AFACA5A09E9CA5D310536C593410E1
:106E9000E8DFDEE4E5E1D8D4D7DFE6EBEFF1F3F4A9
:106EA000F4F0EBE7E4DFD9D5D9E708213135333009
:106EB0002F2E2925201915151614110E0A05FFFC71
:106EC000FBFAF7F4F3F3F3F4F6F6F5F3F2F4F7F96B
:106ED000F8F5F4F3F2EEEBE6DDD9DADEE5EDF0F20B
:106EE000F2F2F1F0F0F0F5F901080E0C0A02FCF6EE
:106EF000F5F0E8E4E900152420272C2F302C25207C
:106F000018110F100F121B24211F22211A140F0C0D
:106F10000806060503040402000104050503030531
:106F2000070708070400FCFAFAFBFBFCFEFEF8F575
:106F3000F7F8F9FBFD0104040200030F1820201CE0
:106F40001105F7F0E3D7D9D9DCE9FAF5E8E3D8CEB3
:106F5000C9CFD7DAD4C8C5E409170D03F9F0F0F1A9
:106F6000EFE9E4DFE1E7F5FB000711191A19161A3A
:106F7000262F2D261C0E03FA001A304645392F28DD
:106F8000221F27353A3B342A1701EFE4D9CCC4C677
:106F9000D0D6DBDCDEE0E4E8F0F8FBFAF2ECE8E681
:106FA000E3DFDCDADAEA07263F504A361F1103FF37
:106FB000040904F0DACACCDCF80E1A1C160F0C0C0B
:106FC00007F4E8F1030E1011111009FCEFDCD9DA17
:106FD000DAD8D5D6D8DCE4032F5E7A7967543A2A1A
:106FE0000DFBEFDFC9B8B5C2C9CBCAC7C7C9C9C590
:106FF000BFBBBAB9B1AAA8AEC3D7EE0A1E323F468C
:10700000434243403E3E3D3A3733302D2B29292819
:10701000262322212122211F1C1812100F0E0B06DD
:1070200002FEFAF1E8DDCEBCB2A8A8B5BBC3C9CF59
:10703000D2D0CECCC8C8CBCDD1D0CDBFBABBC4C3C3
:10704000BCB8BBCDE807FC070B090804FBF1EAE676
:10705000E3E3E7F8F9F5EDE7E3DDD8D7D9D8D8DAF7
:10706000DDDFDCD5D1D4D7DADBDDDCD7D4D4D3D2A5
:10707000D2CFD0D7DCDCDBDADADBDCDBD8D5D3D19E
:10708000D1D4D6D6D9DAD8D4D2D3D8E5E6D9C5B8B2
:10709000C1C8CDD8F704060C1503F7EAE8F60411C9
:1070A0001A1F20180C081527241F1E1E23282A2A01
:1070B000281F1B1F2D322F32353027180A080C11BC
:1070C0000D04F8EADFD3D4002D5B5D4E3B2B1E1B75
:1070D0002D3F403A312A1E0CF9E4C5A89DA0ADB859
:1070E000C3CACFCFCECFD1D7DCDCD6D2CFCFCAC5A3
:1070F000C2C2C7E10B2E383D2A12FFF3E6E3F301CB
:1071000004F8EEECEBECECEBE4DEE2E8E7D7BA9166
:1071100089AED7F2FC060602FDF2EAD6C8C0B9B3C2
:10712000A89C9899A8DA1E657A5F3711E5D8D6DD54
:10713000E0DED7D5D8DEE3E7EBEDEFF1EFEAE3DE13
:10714000DAD6D1CFD3E106243A4647413932282155
:107150001B14111112110F0C0905FEFBFAF9F6F3BD
:10716000F1F0F1F3F6F7F6F4F3F5F8FBFBF9F9F7C4
:10717000F5EFE9E2DCD8DCE1E6ECEEF0F1F0F1F27B
:10718000F1F1F6FB00050B0B0A02FDF9F7F0E4DD67
:10719000E2F90E191E262B2E302C25201812101065
:1071A0000E111C2A29221E1A15110E0B080706059E
:1071B00001FEFF010101020404020204060604FFAD
:1071C000FDFDFEFDFCFCFCFCFEFEF8F6F8F8F9FB0C
:1071D000FD0104030100030E161D1C180F04F9F431
:1071E000EBDCD7D7DAE5F6F5E9E2D8CEC9CFD9DDC1
:1071F000DAD6D4DFFB0A0600F8F2F4F5F0E7E1DEB8
:10720000E0E6F2F9FE07132024231D1E282E281E77
:107210001409FFF5F815314E4F42352C25232A3439
:10722000363730271600ECE2D9CCC6C9D1D8DDDE1E
:10723000DFE1E4E7EEF4F8F7F1ECE9E7E3DED9D5D6
:10724000D3E1012B4B5849341F120502040704F304
:10725000DECDC8D6F60E1D221F180CFDE9CECFECF0
:1072600003121C22221C1204F6DFDADADBDAD7D78B
:10727000D9DBE30231667F7F6B54382706F3E6D70C
:10728000C6B9B8C4CBCECECAC9CAC9C3BDB8B8B6D0
:10729000B0AAA8AEC2D6ED0A2036444946464743B6
:1072A0003F3E3B3834312F2D2B2928282523212000
:1072B0001F1F1F1E1B17131212100D0803FFF9EEDC
:1072C000E6DACEBFB7B1B2BDC2C9CDD3D6D5D2CF23
:1072D000CDCBCCCED1D0C7B9B6B7BFBFB8B4B3C091
:1072E000DB00101B22211D160A02F8EDE8E9EBEE87
:1072F000E9DFD3CDD2DCE2E7F1F8F9F1EBEDF8000C
:107300000200FEFF020A0C09090C090205192835C2
:1073100036312A252221211F18141313141516198A
:107320001C191513172024292721180C00F8EAD955
:10733000D2D2D4E2FA0704F8E2D3D6E9FE0E15174A
:107340001C210DD4D7F0FAFCFE040F1617150F08F8
:10735000FEF7F1F3FC0808FDF1F0F8080F0D03F655
:10736000EEE8E2F518455250453C36333B403828AC
:107370001B1B262C2A210BF0DCD3CAC8CACFD5DAB6
:10738000E1E7EFF5F6F2ECE9E8E7E6E4E3E5E7EE5E
:10739000F1EC09343B2307F4E6EC051E323B3B39A4
:1073A00037332D2618F5B1908D9DB7CAD4ECFB0369
:1073B00001030501F7EBE4DDDAD7D0C3B3A9A7A831
:1073C000AFC4E40E2C322A1F0F09040403FDF3EDB1
:1073D000EEF6FD040C141819181615141515120DD7
:1073E000080606080F1B20201B1406FBF4FC0D20CA
:1073F0002F2B231C17120D0A090908070605030184
:10740000FEFCF8F5F5F9000608090C0E1012121230
:107410000F0B0A060100FBF8F6F5F6F7FAFE060D6B
:10742000151A1D1A150E07000000FFFDFCFE050DC4
:10743000161D262C302C2521170D0A0906030607D8
:10744000FFF7F9020400FF070C0704050709080409
:107450000208131B1A17161A1B161119232C2E2A91
:1074600024211E1D1D1C171515141517191E1F1A72
:107470001413161E232A2B261C130D0D0C0B0B0B9D
:107480000E131B1610140C01FBFF05090B0B101D2E
:107490001BFEE9EBEDEAE8EDF1F0ECE7E6E7E8E802
:1074A000E5E3E5EDEFE8E1DEDEEBF6FDF8ECEAEF33
:1074B000F708182F3A3D4042403E3E3A332A2322F5
:1074C000272A2A2614FBE2D3C7C7D1D9E3EBF4FA63
:1074D00001050502FCF7F4F1F1F0EFEDEDF5FF0326
:1074E00015343E2E1A0AFBFA0617252B2A271F16DB
:1074F000100C09FDF0EFECEAEBE9EDFD0A15222A8C
:10750000251606F9F1E9E8E8E4DDD3CFD1D3D9EDCA
:107510000A2C42443C352D24130C0E100D00EFE1D3
:10752000E0E3E4E5E8E8E7E6E4E3E4E4DFD7D4D742
:10753000E6F302182832322B1C1107050912222DFE
:1075400031302F2C28252526252422201E1A1613FB
:107550000B03FDFD020A0F12120F0C0701F7E6D113
:10756000CAC4C0C7C8CCD2D7DBDBDCDCDDDEE0E0E0
:10757000E1DCD3C2B9B1BDCAD2D7E0F5050E142003
:10758000292A282117100A02FEFBF9000605FDF53D
:10759000EFEAE3E2E7EBEEEDEBE8E0D9D9E1EFFE6D
:1075A00002090D0A060604FBEDE8F102162328265F
:1075B0002322232018131212121314171916121251
:1075C000151E2227251F160AFEF5E7D7D1D2D4DED5
:1075D000F10104FEE8D8DBEF02131C1D1E2010D6BB
:1075E000BAD8E5ECF4FC04090A0C0D0D0A07060DE7
:1075F0001416130D03020810110D04F7EEE5DFF762
:1076000015302E23242C33363D40382B23252E30A5
:10761000281A01E5D2CAC5C6CCD1D6DBE2E9EEF222
:10762000F4F1EAE6E3E1DEDAD8D7DAE7F6FA0D3686
:10763000402B1303F5F604131D22272F34332E2677
:1076400016EFAFA4A7A6AAAAACC6E1F3FF0B161AC1
:10765000170D02EEE0D2C5B9A899989DAACBF322E6
:1076600038372E220C02F6F5F4F0EDEDF1F6FB01C1
:107670000911161817120C0603FEFAF7F6FA051090
:107680001D2E35342D24170D0502050E1B1D1A164F
:10769000130F0A080807060403010102020200FD95
:1076A000F9F8F8FAFD02070A0D0F10100C0807038D
:1076B000FEFDF9F5F3F3F4F5F8FC030A12161B1BB3
:1076C00018110B050402FFFBF8FA0006171E2830FC
:1076D0003533302E271F1C18120F18222018110CBA
:1076E0000706080B0B090501F9F5F8FDFD010C1A59
:1076F0001D1B18191B160A02040C19232625232307
:1077000024211B191918181A1C20211C17161921BD
:10771000252C2D271E150E0D0B0A0B0B0D131B16FA
:1077200010150D01FC00060A0E111A272B15EED9B3
:10773000CACBD9E2E4DFD9D5D6D9DFE0E3E9F0F668
:10774000F6F2F1F1F7030605FFF3EEEEF80F1E2B4C
:1077500024161823313B454640372E2B2D2D2A2346
:1077600010F6DCCEC4C8D3DBE3EAF4F9FE0001FF77
:10777000F9F4F0EEECE9E7E3E1E8F8051C3E4839FE
:10778000241506050A12171A1F2320160F0E0F06BE
:10779000FAF4ECE2DAD1D2EC02122430342D200ECD
:1077A000FFEAE4E1DFD8CCBFBDC1CDEC123B5150C4
:1077B000463F362B1102FCF7F5F4F4EEEAE7E5E27A
:1077C000E3E5E4E1DEDBDBDAD5CFCCCFDEEDFF169F
:1077D0002A393E3A2C221B151417212B30302F2C1E
:1077E0002A28272928252422201F1E1C17110A08B1
:1077F00006040505060504FFF9F0DEC8BEB5B6C1EE
:10780000C4C8CED5DBDCDCDEDFE0E3E5E5E2D9C3EE
:10781000BCBECCD4D7D6D5DFF000E5F006182525C0
:1078200020180AFFFAFCFE0505FEEFE5E7F1F5FC7E
:10783000070904FCF6F6F8FBFCFAF7F2F1F4F9FD9F
:10784000060E08FBF20115282F2C272526262724B3
:107850001C1817161516171B1D1A15141821252A82
:1078600027201609FCF4E4D4D9E4EAF1FD0604F972
:10787000E1D1D6EB000F1514171D0FDCCDE4F0F4A9
:10788000F6FA040A0C0E111316130D0D0D0A03F669
:10789000EAE8EDF3EEEDF1F5F7F9FF142C46463C7E
:1078A000393939383E4037271E202E342F230AEF2E
:1078B000DCD3CCC9C8CCD1D8E1E7EEF2F3F0EAE6EC
:1078C000E3E2E0DDDDDFE3F409100A15231E130413
:1078D000F1EDFB1125333A3C38342D261B00C59BB6
:1078E000919CB1BDC0D4ECFD050C0B06FCECDFCACD
:1078F000C3C2C6C8C1B5AFADB2CCED12292E292284
:10790000160F030000FEF7F0EFF5FD040B11131343
:1079100012100F0F0F0D0A0502040C12171B1E1E6A
:107920001E1A1008020209152425221D19150F0C14
:107930000B0A0908080706060503FFFDFCFF050CF6
:107940000F10111112121212100E0D090402FDF97E
:10795000F7F6F7F9FBFF060D14191C1B170F0902A8
:107960000100FFFCFBFF0A13F4F807152227292A60
:10797000231916161411171D1508060E0F10181BC3
:1079800018120E0E0D0B090502FE01090E0F131B36
:107990001A12080A16242A282422222223211B191B
:1079A000191818191B1F211B16151821252C2C26F8
:1079B0001D140D0D0C0B0A0B0F161F1912161004B7
:1079C000FF03080C0E0E131D200DF3E5D9D9DEE1DF
:1079D000E2DEDAD8DBE2EEF2F4F9FEFFFBF0E6E2FB
:1079E000E4EBE7DCD5DCE8F6051B2C3E3C353C41FE
:1079F0004240403D352B24242A2D2C2615FCE5D968
:107A0000CDCACED6E0E9F3F900040502FCF7F3F0A5
:107A1000EEEBEAE8E6F106181D2328261E150702FC
:107A200004111F282B29211712100F04F2ECECED82
:107A3000EDE4E1EF0211242F2D200FFBEAD6D4D67E
:107A4000D9DAD7D4D6D9DFF7173848453A312E29B5
:107A50001A100E0D0B00F1E1DFE2E5E4E5E6E7E5E3
:107A6000E4E2E2E0DBD4D2D5E5F5071A272D2D2A92
:107A70002019130F101520292D2E2D2B29272628EC
:107A800028262523211F1D19130C0403040A101294
:107A9000120F0D0701F9ECDACFC4C0C8C9CBD0D69C
:107AA000DCDDDDDEDFE2E4E5E5E2DBC9C2BFC4CB5D
:107AB000D0D4DCEF000CE3F006182626221D1207B6
:107AC0000305050B121209FEF7F3F0F50002FDFBAA
:107AD000F9F8F3EBE5E3E5E9E8E9F3F9020A08036D
:107AE000F9ECE3E2F30B1B201F2227251B151413CF
:107AF0001313141718151110141D2025221C12061B
:107B0000FAF1E4D4D8E1E5EBF7020500EAD9DDF0BB
:107B10000210191B1C1C0CD2BDD9E4EAF1F8FF02BB
:107B20000304070C1315161D23231B0F0201070D59
:107B300007FCF1EBEBE8E6001F3C38291E1D263060
:107B40003D3F35251B1A252C2A2008EBD6CDC5C470
:107B5000CACFD5DCE4EAEFF3F4F2ECE8E4E2DED8F5
:107B6000D5D5D7E9061B1E2429201305F5F3000FF0
:107B70001A1F232B32322D2516F2B4A6A6A4A8A7CD
:107B8000A8C3DFF2FF0C181D1B0EFDDCCAC1BEBD71
:107B9000B8ADA6A5AFCFF8263B3728190700F6F4F5
:107BA000F4F3F1F0F1F5FA00070B0E0E0D0B0907D7
:107BB0000501FDFAFAFF0B151D24282929261C149E
:107BC0000D07040710151614120E09060505030209
:107BD00001010202020200FCFAF9FAFD0004080A9F
:107BE0000C0D0D0D0B080704FFFFFAF6F5F5F5F780
:107BF000FAFC030A11151917150E0A05050300FCF6
:107C0000F8F9020AF5FA0917252A2E312B221F1D31
:107C10001915202E2B2017120F121B1E19161210C9
:107C20000A03FF0100FAF9020A0C131C1F1C1408B6
:107C3000FEF8FF0F1B1F202528261F1C1C1B1A1BCC
:107C40001D21221C17161A22262C2C261D150E0D5E
:107C50000B0A0A0B0F161F1912160F03FE02070B51
:107C60000E111A272B16F2DFCDC6D2DCDED6CDC917
:107C7000CCD4E0E5E8F0FA030400FDFD040E0AFDB3
:107C8000EEE1E1EAF70F233835261E20293443467A
:107C900040352C2B30312D2510F5DACDC6C8D1D981
:107CA000E2EBF4FAFF020300FAF6F2EFECE8E6E2A8
:107CB000DFE90220303530291F170A07090F151890
:107CC0001C21221B14110F07F8F2EAE0D9CED0E8EC
:107CD000FE0E233138342710F7D9D4D5D7D6D3CDDB
:107CE000C7C9D1F01A465A534337302A1505FDF655
:107CF000F3F1EFEAE6E5E4E2E2E4E5E4E2E1E0DD27
:107D0000D7D0CDD0E0F1041A293133322D29261FE6
:107D10001C1A1D23282B2B2A282626272726252315
:107D20002322201D19130D0B09090909090704FE57
:107D3000F8F0E2D0C7C1C1C8CACED2D7DDDEDEDFDF
:107D4000DEE1E4E6E3DFD8C7C0C0CACFD0D2D5E1D8
:107D5000F203D4D49C170100E417010004180100B9
:107D600001000800090002004E01A30024180100D0
:107D7000A41B0100E41B0100080010000700020022
:107D8000A3004F00241C010024260100A4260100AA
:107D900010002000050002004F002600A1C3EBF2F6
:107DA0003332DB1BB0D840F5E1EBFFD9D787A5967E
:107DB000CFA0C829D8142BB42A22B530BB93090A06
:107DC00031A7BB06AF25DCF6F75FFCB626BAEB8D14
:107DD000BF15DDECC2901FA90EAF6CE3AB3022B52E
:107DE000ADC4E92DAD0719F4C42DC0EBA7F98FFE82
:107DF0009696BF35299C09BFAA9EB929B019C59688
:107E0000A4FA273DF5C4DBF8171E24281988C50DF0
:107E100013D945E9ECCCD90D30C45E33F16C4DA3D8
:107E2000ACFFC0C7CB9CCEEDD3ABA32231BDE9C321
:107E3000AD85A346CA6C4EDBCB13CAA8FDB903F5CA
:107E40009804EBEAE12A0FCD05BECA282A1C2DA80A
:107E5000C6D8B7092A9117EA13E4E322ABC2B602E7
:107E6000FDB6B0EA081598F287CEDB9500B0EEB407
:107E7000FFE806F0BABF1AE9FBBDD110C22FA62752
:107E800033B301A902AEADF705BDD3FF94E1920D66
:107E90002ACCBC8C2AFBA3D51991E6A39DCEF98FE1
:107EA000B29DD1BF10E3D397DC86881C94E338DB06
:107EB00033D516B09E9CFDF3D5D4BFE31DC8BCA836
:107EC000F0DC97221A61F4C6FA04FBC5AADC1EB2E4
:107ED000BEB79B20D7E52CF01D19D910F9D8D4B71F
:107EE000D81E272CA9DE3617BC9BFBAE35F71CF439
:107EF000CD90F5BEA3250413BAE6F9D705CCC3E3AC
:107F0000C5A0D5C1B7CD06D113EDC22EC58E1200C6
:107F1000591EC4BF3E071712DE21EC9DBCD4EC8F66
:107F20008DB1EA169B4DE222B1C6098411C7EFEF6D
:107F30002717E8C399F1A1DD23F7CBC1FF9CA0D996
:107F400006A3C6BD13BBD402C235B2BFE0B28FA533
:107F500095262BB8FCE7B916AABB162B3629B89183
:107F6000E11017D6C0DC1EDE4212E5CA2D1E9B753D
:107F70001E1CD316EBAE32942AF6572F97FFA4C2DD
:107F8000CBABCF0905A814EBE7E8B69CF3249C3EE5
:107F9000081510102CB6ACBCE8EAECB317AEC92B30
:107FA000F36DE628E2CB08EDC1CB0B1AA0F0101B55
:107FB000D4BDF725B930FD0333990FD5BAF1CC778D
:107FC000F7E9C00A1C15FB94F3B1F7E99AA0DA951A
:107FD000BEBF0C05A6D4F1CAF2D79717EDC0E7F7DC
:107FE0004415A19C2997C3061E1EC24B05A4F1E4AB
:107FF0002914F9180E5006118FE6E1C175E0B2257B
:10800000C5ECE626D2C6B3BDAB132ABFC4CDEF9AEA
:10801000209424DFEFF59B8925EDBAC3AB45E8B783
:1080200013FFC191051DB765BE180E91EAC3C8EADA
:10803000A20024CDFC92E302E1BFB5CA94BBAD2DF2
:10804000B6DCFEEEF8D0FDC206161C2ACE90C39117
:1080500036C6D11F1B222AB6E31A161EA0EFF7A8B8
:10806000BCD252DD2D2FF2A0C6CBE8B185CEA3FC49
:10807000B5C603F22A5DA5E9E499F7F8C7B49214EE
:1080800014E9C02BC1A9A6EEB3D287CC92A4AAB89A
:108090002114AA78E49FEAEBF2089B9805E2EBC171
:1080A000A51BD01E0CBFCBADEFEEB4A91BD6FFB005
:1080B0001821F828102307BED2B5FAB2FA52CF6CB5
:1080C00007F413B3DF279FBA9915162FE09405C75D
:1080D00009A6A517F3C6FB951AC2FA5BCAB8A4E5B0
:1080E000D5283D9515D1E2C1EA232DC19C1C1E5C0B
:1080F0009336F23CA6E3C011A923E8F1BED7F6A25D
:10810000EA0E006BB68EF802130DA0A695F9F3E403
:10811000C7231599FB01A9EA18A352A9ACD5BF0042
:10812000AE1B92CBFFF808CAF4A4E4FC98B3FB9909
:108130001DB7BE0E0BF2721E1CE679FAFFC2BCA37D
:1081400032A0DE66C4DC8FF6A9C5B0BF457F58DF1C
:10815000EDA1CE07A742BD8F482F2AF5A1629D62EF
:1081600032E1259C60222DF30FA9EBF6E8F3FE3BEC
:10817000B1F89DE515ADC5AA280EC3D022B2BCA2A8
:10818000781C0EDBB327AA9A071019EFD98E1108B5
:10819000BDC109C0DFA7D81906ED071B024C343D4D
:1081A000620E95A91B23B6F51E9D0C221E2EF0FA19
:1081B00021199BF4F9EABF06C704F512D7C965185F
:1081C000438EF2D791DFEFD11EE3A0D10B3D411BCF
:1081D000F32EAD30C3D6EC1CCEFE63EAD5A3B2E4D9
:1081E000E8D799AE07DC8FA3BA95181CEE1FF4CE22
:1081F000DDC2C615D6190906E8E60FFE30F4D8C26E
:108200005009A5DDF908EBE707DD16D05C5225DA49
:1082100013CB21E9FD95D022B7E7100A1EC4DFF485
:10822000D9989215EA28A6F9C0403021B2CEADD136
:108230001330BD5ECDD9A93C111E1D2514DF043EAF
:108240001B09E9E7BE0DE8DABC9EF523D2BDC69D49
:108250000708A319F6E90CDEB40CB6F0D6EE08E96F
:10826000FBFFFE211010F5E9FED70902FC0C2010DF
:1082700012CFF3FFDB08F4D5020B1101351008E330
:10828000F9F7FBDC4833F4ED0A09FCFD2AFCF8D6CB
:10829000FEFF10FCFE0F05050316CE20FEFAE709CF
:1082A0001423120201100BF2E3D0DA04FBD70D0AFB
:1082B000F8083994FEDADEEB02E91E111C0AEF0B16
:1082C0002D1B0DFAF7D8102528F5042A15F5F1C451
:1082D0009270F21FFC2109FE0315083B140AFE00F0
:1082E000F7F702F615E905BAFEE70B0BFF1BFACD0F
:1082F000FB0E0B10F0F104FFFBF303F216F4D80BA6
:10830000E1B70009FC17D0FD0AF1021C22271B0669
:1083100018F9E8FFF4E9F21EE2EC42142BEF0ADB55
:1083200026FE03F2160023190A120EF1FF060E0BA9
:10833000F40216100008E6EA03151209F00502E837
:10834000CD2B091E0102FA10E70BDF07FFD0C6E0B4
:10835000F51B1AF3EDF815FFF0F90C16FF0DE6FA10
:108360000A13001BFDF2C1DFD0D02B0603ECFF0C7B
:10837000C70E182408FBEDF8F9ECEA01050EF1FD33
:10838000F80401FD0C1CF1F2F2FEE507ADFD1CC87E
:1083900034C90C100342BA1BE8FC02FBF71A0AE1CD
:1083A0000D100206F728171CEFFE0C080E282D15DD
:1083B0000BF6F3C4EA53DFFEF70206F6291202E0D9
:1083C0000EFF09FDD5EB0F0A08F5EF0510FC0001C3
:1083D000FA0A12160F0810F5ED1B14D7DCF7FC0291
:1083E000F1F1FE301EFF1001F707F919EC12F30C42
:1083F00007E8F607F9FAE00BFBFFFBE714FA21099F
:10840000EC33D00003181714453F0DEE0EF8EBE6E1
:10841000FFFA2115F1EFF1ED1BEF08130105DCFD6B
:108420000410160BF1A7CBFFE2000806FEC9E4F822
:10843000F6230AFDFDFCF1E3F313E0CCE1BFEED837
:1084400012EF06231307F9E4DCFC3FF7EF1AFA12E8
:10845000140C0ADB15D218CB24031CFA0A0CEFEA21
:1084600009E70C1DF712E824F80D200AF20605FEB4
:10847000E5E30A05FA01FCF40AFFDDE30011A803B5
:10848000FB03FAF9F2ECF3BDEB1606E4131703EA6B
:10849000C4BDE0DEF60EAEE2F63225E101F8FF11D2
:1084A000F0BAEAFF1A27F70605031DE90406EFE70D
:1084B00009F1EA0C192411211D0F04E60ED1CFD0C9
:1084C0000B0C0C191016F411F7F71008FEEB05222F
:1084D000FA261419171E0E0213EAE112100B0AFEF7
:1084E000FEF2061FE000ECEC14E116E808D8FF20CD
:1084F000F60E090C230409071F17220DFCE2FBEE00
:108500000B0E18010D05CBFB483030111FD2111591
:1085100018F7191219DD1E180C0422FDFB07260B93
:108520000A340AF1031806ECE20EF4160CEC4214BD
:10853000EE2ADF0DF70312FE1AD94B06EE04010BEB
:108540000B090AFAF102240F030CF1FDE6F6F11A09
:10855000FE15E7EDCBE11CE5150020D60CF2FCEC96
:10856000E4C7FAF0242D19F6081B1E2F301118014C
:108570000F13FAEC11170C2109F5D0A84BCDFAFF17
:1085800005EF180BD8EBEC09F1010F0E052E0512C3
:10859000E7FA061F091B0BFFF6080ADA11F7FEFEC1
:1085A0000B181964D42400F602FCE5FC420513FE06
:1085B00005FF1A1C0E0921140A260D1D1F14F1D9DE
:1085C000F0081209FB13EBB9BC19CE2D01320D1DB9
:1085D000F4FFFE03F8D9EA090A2606E9F9EF0704D1
:1085E000FEEC25F2CEE106FF1D0F1718DAE2FBF6CE
:1085F000151213181F36C60A0EF81BEE141101EAE5
:10860000EBFAD7282E2909F4E9F6ECFA1617180226
:10861000120A28003F0E04EE32FF02DC1118029904
:108620001DFA02010D05FDEB0AE7EEEB02F006086C
:108630000CF6FC22030B101302F0EF40DE1BFF27A9
:1086400010E43004E916140FF6FFF8E8FB1515E8FE
:10865000E8E707F004FD0D10E9EA0420090514EA33
:10866000DED6D6E906130EEE0DDD0D12E2DD09FFB2
:10867000EF17141E413A1B160B05E302E01C1B000A
:10868000100700FA0F16E12CCD0A04F6E607F91ED2
:10869000F612F1FA02FE0306F1FAF9E613FADAE746
:1086A000040FFFCC0D0F0107030A5324FAFDF9F460
:1086B0000306E8041CC613D8F623EA0E04F01AFDDC
:1086C0001EF20807ED081017E5E8F51711F702FE8E
:1086D00003E18122A234E20112E8F9EF200307FF4F
:1086E0000FF4E31405F9F80A1710F8F7FA12F9FB7A
:1086F00012EFFE0FF9F9EA031BCF00E4CDEFF5FD11
:10870000E9F0D81A380E11FD02E102F003F20FE38E
:1087100013000203070602D1F8E8EDE0633710EF1B
:1087200009F501DF020BDCF01712BEEA10F3FE14AC
:10873000E9000B15472E02ECFE14050A0913110F70
:1087400016F733D5A5D80710F5FD0E07FF20F82C36
:108750001712EC0B09131CF31DE54314F4F308F195
:108760001BEBF418182727FC1BBCD1390C15F90397
:108770000EDA06BFEB0B30E8FB13F7140D110CDC1F
:10878000D3F1FEFFF5F1021DA0C2360C1DFA190946
:108790002290DBE5EFE807071830129FFD17CB1595
:1087A000240A2936E40D03110BF6DF1203F423012A
:1087B000E9090C1FD532FCCC120C280612CA02D7CC
:1087C000FFF8E20EFD14F6EE1319F8FB2420ED205D
:1087D00009F20AF8EC08F02A22F49FF4E39E0CFB5D
:1087E000030DEE0CD11F1BF5EBF03E01D8040E1269
:1087F000FFCFF3EF10FC03000BFEE5F51C09C8F3F7
:10880000DA1B072612FB0F38FCEE28FE202927056D
:10881000FBF8F4C722FCEFF5FC13B2FE21172BFC8A
:1088200001F7FA2A05073B3044EEDEF9F7EC070DB5
:10883000F1242ED6F64BF1F1F8F91DF3F5F6E5FD2E
:10884000F80C0DF6DEE0062205F5052DFE0FE21C04
:1088500003FF0D1B0714EBFF4DDED1072D0200F3C4
:108860002723EBF7DDBEF11C050B08F5F4100DFE18
:1088700008240F20BA8121F50311EA08FA0FC90173
:108880001CF9050C0F384209DCE5E508DBEFF30EB7
:10889000F4FE0DF6DE200BEB05FF2BB1F5F6000C18
:1088A00011ED013CF9171E13C6E32104EFF1EFFEB1
:1088B000EDE21C1003EC201B19F1E7171AFB2FD86F
:1088C000C88FE90513FB262DE60503F9DF141622F0
:1088D000602F460A07E5E2100A16290211ECFF1B79
:1088E000E10108FB2A99D3F834050503E345422347
:1088F000E6F01ED43010FD1DFDC8C6252D27201E14
:10890000FB08E0F5F5F7F6F514EF6025E01A01EA4B
:108910001A08FF17D4F4081DDFFDF3C9EC1424076F
:108920001EE2E6FD22E7FBD8F607FEF50103F3FEA3
:10893000D6D82B23031613011B0B10F638B6342A96
:10894000F205F807D60CC60E4DFCE7130323EF091A
:108950001E1913F403187CED0CF7FAC3FAFDDCF3CF
:10896000221BE521D2932E1E04F92D0705030809C9
:1089700030F5FF0FFEDDDDF62D0A0AF806E1EFE027
:10898000E40BFC1AFAEDF20ADEEDFAFEB7F30C2660
:10899000362BE8FB01FF1D23EAE7F8EDF3F4FE0DAB
:1089A00004FFC4563E3BB91EDB02F9F0C1D8050CEA
:1089B000F9F92628EADE1125C6EAD7151809F9E5DE
:1089C000050D0AD7070D2D1F0C1604C439DC05133D
:1089D00007F3E7D18EA9EB3F1B46E818253B130EA2
:1089E00020DCF603ECF81E021910E9F3FC21CD0F90
:1089F000F6E12218EBF5F904F9F4E40A1A051C1F54
:108A0000E9F32E10F4ADF71C03E40C011822F00B6F
:108A1000EC142C002328290EE20C0C0012F80DDFB8
:108A200026FDFE39EBE1D90D1D15F0EE0CD9E6F768
:108A300015FEE7071CFB121D0A06D6B0623BDE0AD4
:108A4000F8F5FE1AF4124DF5EE161AE2F71AFB16B7
:108A50001109DDD2F006FEE70B07FE1703F6191E1B
:108A6000FF1CDEDF2B15201DF9F7DCD485F7E92389
:108A70000F01C5E2141CD12A3D0FD313F4E8180DE1
:108A800014F10F1A1CE8EF8F06C9EB273D151AEAFF
:108A9000D7F20419DF33002700D5E4EB8E2AE9E092
:108AA0001E3844110C040302E204FEEDC9E8EDE2B5
:108AB0001B0AF6E9F2FAD63AEDF6B7F729040AFCF2
:108AC0002916FDDCF0DB09171909050D0A1CF9F957
:108AD000FEF2C14E0E28E8E300EB14F7F7FB0EFBA5
:108AE000DB23F3F42F2A1227350C050EEFE2E9EB16
:108AF000110608F5F806EC082A2EB6B70EF5FCE5C7
:108B0000FE24F20DF2B8FB14E0171D14381D3708CF
:108B1000042FE2EBF81BF0FE15FCEB180FF717F92A
:108B20000411C116F603E9FF06E3F6FFFDFDFBF8AD
:108B30000C293019BBCC07DE20DAFA1B0929FAEF21
:108B40000107EB08C1F62FE029EC11F912FBEDB398
:108B50000BF7B81DFA0EE62A006F000A0AEDF6F7C9
:108B6000DCFCFF16021E27E40AFCBCFF3B2C00F5D0
:108B70001125010D1BFB39F8F2F6D6F9E5BD042EDF
:108B8000EBFC3922FA0409F11403F6001EFE152746
:108B90007ACE3FD5A6A0EFF610E4F336FC15DC162E
:108BA000FFB5F441404BDCF501F1F4180F19070C47
:108BB000031005E7F50C25F36BF1F32B20110C18CE
:108BC0000C0D4CB6E901010301D6D12FEF14D726C5
:108BD000FE0EFA34F0FDFD0F2503E5FFC5E617EBA9
:108BE000E3E7FD1900F3061616F5120EFCFADEDEB9
:108BF0000927FCEC04110E070E06FFF40502F6022D
:108C0000F5FD1BEED903FDD6EAEA0A0AE1FBFCF208
:108C10000FFDEFD90DFCF7F804F7F4ED1E00F8FA9C
:108C2000EE0F1212ECFD09F72310F2E8F3FF1FF22A
:108C30000B151714F811FB2A09EBF5F1E50903F4FC
:108C4000DBF80502FAFFD1E419290FFA0AF8E7F870
:108C50001FFE07FBFFFCEAFFFCC0EE060800E40372
:108C6000FC0401F505140008052509FCFBF2FE03D0
:108C7000FCFFFE22C7FA0AF1D1DFE8241314FF3EFD
:108C800006080D09121A131401FADF1409FA1BFC65
:108C90000C0DE6FEFFFCF411FE11570BF31A15083C
:108CA0002A1C080513DAFF1D101105F1121DF4F737
:108CB00009F50319FE06FB0EF6FCFA0E0D081D1C45
:108CC00012DA05DCD2E2F30A1604F127ED0E06F003
:108CD00000EB0CE0F2FCF5EC030A22FFF4F8080CC0
:108CE0000DF9E304FCF5E8FAC81EFDE31B22EFFFD3
:108CF00006121C051B05191C0EE2F1F1F20F19F208
:108D000003FDFC06F804EC02000C04191BFEC1165E
:108D10000B05F9F60CEE00F914CD000AF5D4242465
:108D2000FA030013050202F2F9FC0D09F50AFD042D
:108D30001609FF1B0E05090EEAFCFEFE00F0011DE0
:108D4000F7F50CE7EE13EAF90210E10009F5E1FF8F
:108D5000ECF60AEDFCF109F202F8D8F0F701E8F8B8
:108D6000040BF5E1101BDDFCFE05F0D7F8FDFEFC61
:108D7000F00C0BF0F9241CF6F303EFFDE3F4F01C08
:108D8000F42108100FE6F21B26021710E70FDE276A
:108D9000F905071107FB0B00FD0EFEFA01F90502AC
:108DA000FE06231F0302EBF5D9D7DFE80008FCCD50
:108DB000340AEDDAE211FEFAEAE80C120B1816F4A6
:108DC000F60301F3ED030403FE0FF804F1D9F707EE
:108DD0000CF41803111BC61A1516FB2905F4071409
:108DE000012216FEF303111C0AECF0FF0D01FD0930
:108DF000FC05E4EDDDE0E7F315FB0F06BCD407F856
:108E000003FE0A06E6F2E529F90E220EFAE702143D
:108E100004F8E9F8FEFDEFFDFB10E810EC0211226A
:108E2000E90630EA071F000807ECF5110CF7080700
:108E30000E1008F0DDDFF41401FD0BF60A1BFE082E
:108E4000160106161E1C0BFC030AFF1A212017042C
:108E5000F6E7F40E02F7040E1900FFE7E7F4131328
:108E60001C0D18F1FD0503EFF81BFD14F8B6F0FE1C
:108E700018FD09F33906E601000DF310F9FF0DFBAB
:108E80000CF7F0FF0FECF516C4FF181BFD000FFBED
:108E90000F0C1E2AE40414E9F9100B190E0609013F
:108EA0001EFCFE14FFF5090B0A1501FC0C1C59EB06
:108EB000E91BFDF40A0F1204EB05A306F201DCFF27
:108EC0001302010204FCF2091209F9FA080C14FF5A
:108ED0000D072918BF103DD3F3EF0820F700022239
:108EE000D61913FD13EF1501FAD8E612080E0EF18C
:108EF000100F090CF2ECFB05EF19EAEDA61AF8CDFC
:108F0000D4F8F9F00DF2E6F70B05070E10EB00F5BB
:108F1000FE0A1607EE04021BEE00F90A0D0215F810
:108F2000FF03FFFEF2010F4B0009221A810B0DF126
:108F30001BFD3D2DFBF0E30CF81401FB09030013AE
:108F4000F6F3F70FFA0EFF05FEEC030D143B0C09C8
:108F50001010100C0AFE0D1412E3F61418181F1945
:108F600009FFF3FE0801FD0D04100809E3F1F917EC
:108F7000191C0517FE0C171BEDFE1D10F4E0191D42
:108F8000000C020DF80AF5FD050002F9F40D0D15AF
:108F900002FC94F5E807FF0BEB09EB0EE41DE10979
:108FA00001FFEFFEDDEAFEEBE51409F1F6FF01FC3F
:108FB000F3DEF2E5F1F3E104DCF733E007F9020256
:108FC000E70A23DB241002FF01E502F600DF171099
:108FD00004FAFD05EFE2FBE7F50606FA000D310C99
:108FE000110109F7F9FA071CEC11ED1817281514EF
:108FF00008EED604FDDF0C0AF60212FEF0CFE2F016
:10900000091501FDCDCFF9DEF90F19012508F92861
:10901000A8F13BFC0202F4E1F102E51BEEF1FCF7E2
:109020001101FF0CEBE80505FA073FF2DEEB07F153
:10903000E21B19FAE0C62618F6F1FEFF1E08DDEB6A
:10904000D2031C1F020FFE22160E01FDFCFE0405BA
:10905000F0E111FA011B1AFCEFFD10FDF60E22F7EC
:10906000FB0E2FDE01FDF30309F003FF0E0AF0FCF7
:10907000EE060CF60D071408EBE5EEEB0E32110BC5
:10908000130E200DEC0801FF06250BF2F11117124B
:109090000606FC150C05DAFCFF0A081EF9F92E2558
:1090A000ED0C01072701FE0EFB24CB2203FE11115C
:1090B00005E1EDE9E900FAEF020E000DECF1E7DC65
:1090C000061C1DF68EDA0D0B070007FBD6F12B3BB5
:1090D00000DB050E0D070AFFDD000BFC1F0DFF0472
:1090E0000E02EC0DDFF4FCFFF91CB1DAD7E0FD0154
:1090F0000B0CCF07CC1F25D8F50CF6F40510EB03AD
:109100000E011F1412EA150F0B30FC02F907D82CC0
:109110000EEDF0050B12000DE2ECF809F406ED106F
:109120000C09FDF0F10E2504181B1102000B140FA1
:1091300008030C0CE21221EA0000FBE7040F0CF616
:10914000CD1500FD06040005E1FA0131F8EFFE053A
:10915000FB1101FBFF0BF5040415AA04B919E71371
:10916000CDF30507F3F4C1D418F7EE1EE5E300F6DE
:10917000FA080EFC0519F802F9010C18270FFB0973
:1091800019B60FF9FD0D00F5CB14F5F6D2D3D502C3
:10919000FFF3E3FFEBF51100FAE70E050E0B1903E1
:1091A000EEE0D3F01405454DFA2DE901F909EE067C
:1091B00002F6D4F7EB38ED15F82D001F0C10F30173
:1091C000001B1A09F901010D21F5F11456C5A8FE7D
:1091D000EE04FFEAF5030DFC13F5FE050414EFF7AA
:1091E000FFFD0AEE07260FFC09000702080F05081D
:1091F00009F7F622F2D6F01113020202C8E6F821AE
:109200000404F101070BEF0C13F823F0330B08EE05
:10921000120DF602160801111E1CF11F17FC05ECB9
:109220000402FFE5FEB0DEF3DD01EE020E0610FDE6
:109230000F08030A01FD00081DFEFA09EE040720CD
:1092400005DF0C0EFF06DDEDE20C0434FE041E0A01
:10925000D900F6FF071E2204FA06F904F80F03FFEF
:109260001AFEEEFB0DE0F30E0B01FFF3FBE1040B26
:10927000F0ECEEF807060D0C1622F0F4E908F0EE1B
:109280001004081FEA03F3DEECFAAF1707E3F81542
:10929000FB1105000BCF08DA32F71FF81317EE07A2
:1092A000F0FEF90202F5080D03F9FFF41011090CA4
:1092B000CB00F004000802FAEE00F50CC9B202EF90
:1092C0000B0E05000CF0143DECDA11EA09140BE763
:1092D000EC02E8F5F9F918D3E42DF11815FA0F109E
:1092E000E112F9160DF70206E621FF11F8FBF80F5F
:1092F000100C001E05180A1BF0D6F00F1C361310B8
:1093000008F6EEE6021B1FF9E7231814151BFF01F0
:10931000FFFAF51EF5F3E8012307F506FD02080A3A
:10932000F60CD6E517F4FFEBFB040818F000810BF0
:1093300017F6F20ED8DFFC100DFFFA09171C13F513
:10934000FD09072C29ED0802C2E3B330D11AF90850
:109350001B01F60EF005F2E80A0114ECFC01E3042F
:10936000EA1B1514E7FE06FD12F9141C19FE92E320
:10937000FDEBF5E402F80DF8EC03BFF6E7FA12FA9C
:10938000EE07F1F605060A03010713F4FCFE0805D3
:1093900026160114EA1617E1EFF7ECE300060517AD
:1093A000E1C3322A11FCF9FDE9FDFCFCE801081ECD
:1093B00008FB03FCEBDE080F1D17C301A11F26ED00
:1093C000F20CFA010CF5DFED09FB0507F90207FACB
:1093D0000C070C1F030F051603FB08F8F9F5ECFF4B
:1093E000B212098B06EEF10105FF13FBE4050C0236
:1093F000FF16F0D5FE0626F309020106F7FAF20978
:1094000000E2FE1609083035F8D312E3EAE9F50563
:109410002C1DF7F80C35FF0BFD17FE1023F3EC0C99
:10942000F2E0FEFA01E6F6FA0E05000933D0110764
:1094300012E8E901FFFB192219041221FC0E14069F
:109440000B0BFEF4F31F02070B15FDFC00F12107C7
:10945000F410111325F82421DDF3171AFAE3D021B3
:109460000D0906F3E8F61517F400FC0716270F059B
:10947000071A15131E0713130933DA09082C0AE912
:1094800003FAF800F622120BEB02EB1FE800EB11D7
:1094900003FE091C05ED0113080612050212F0383F
:1094A0001CE81ED7EBFD090C00E7F007232423007E
:1094B000F216000AF418E9F2010C1C0DF8E5FA1294
:1094C0001C290517FF1040F529FBFC0B050F05169D
:1094D000E2FB050D0D062BF907FEFBE71708F8FA6E
:1094E0001300F403F3F5FF050706D60DDE0920048B
:1094F00002EE03EBF71EC3DC15DBFEFBEE16FAF8FB
:10950000260FDD14FA0709040FFCE8F5FE09FB003D
:10951000E9415EE009E00203030E1007CD021607E1
:109520000016CEFCEF041312061B030A12F7FCF51B
:10953000FB130B180819F716BB04F300FEEEFD131E
:10954000F90FE3CCD90EF406FB02F3DF08120E0389
:10955000DBF811F9FCF1ECF7F6080308380A0EE520
:10956000F9F5E61320FC2BF3E4050FEFFE0C210DBB
:10957000FB17190F0BFE08161704F707120D08FE4C
:109580000304C2F43C12FE11E7F90509EB0349FBA1
:10959000F308EE151100FF05FBF006E7050009F7DB
:1095A000F8081A030008FAF9A9F3F21E0BE8F8FE0E
:1095B000FD08F41E1A20EFEBFC05F3070206FEF689
:1095C000E70510FDFA08F1F60E2B021318FAF1D98F
:1095D00014CC2E061216FF02F5CCE60F060122F877
:1095E00004EDF30CDB0B080FF804DEE8F6FF170CB4
:1095F0001701080413210DC90CF5F50CFE003515F3
:109600000BE9FDF204FD140EF61105FAF1FD0C094B
:1096100008F7FF02ED000A05FF1A85E0D7DEE4EC4B
:10962000D8E50C190FECF7291504FF11EEF6000729
:10963000FEE3FCF5020A0B0301F4020401172B08F8
:10964000D6E50E070B08F50D02F8103C0DBD050C14
:10965000F600FF11FB0505F7FB00FC0401041513E0
:10966000FFE3F1E7E60508EFDAF4F1F3F41325F789
:1096700013CFE8F00613110B020D0AEA16F2FBFFF6
:109680000411FE13EEF4090E0F09170A15EFFE443C
:10969000E71EF4EEFCFDFC0DF4FA18FCF402ED0EEE
:1096A00011F8020C0FEAF2110B05F209FFFE00029D
:1096B000F508B5F2F8F935000608F208F3D94106C5
:1096C000ED08DAEF0F0907F5FDFDFBEDFA05EFE414
:1096D000FAFC0602FD0700F8DBA601180B0BE913E4
:1096E0000B0F0BF7F4ECF211FFF0FC1101FA0AF486
:1096F00007F3F70F0F0E07F7F900F90415F7EAC59E
:10970000400C19FBFE1003FEE0BB0AFBF20D0A1130
:10971000160F0AFA130CF6190A18FF08FF0D05FBBD
:1097200001080302FE3402081C0711F5240D2B1555
:109730001DF6E73913FC000307D805160EF3040ED7
:109740000604F701FA10110802E82616E8DB07E81C
:109750000E160B1C010BF1F82AF804FF0D0B0F0875
:109760000208F0F2F7061AF80BFD03FD05090F13C6
:10977000C4272A07050506F9F80726382909DE0354
:10978000FC0B02E50C0E01EB00000602FEF20915CF
:1097900009FC00FAF312393919EE1625F2F527FD06
:1097A000C8DB31D6FC20EF0904FEE7F8FC122209E1
:1097B0000C0CFD0BF51A17051009F5EBF9E5120D68
:1097C00002F1160ADA0336F90D170C220BF9EFFA3B
:1097D00003F2FFE3FEFF0009EF0B05F5F8FB0E14A3
:1097E0002323FBE0D0B7F00A1806070232EF13FE7E
:1097F000F4E5FF1202FC08F4EBF6F110FDFF04079C
:10980000FEF9EEFC080D0E04DE2DFA8BF3FEFBF5DF
:109810000C03F7C818E91902FC09F3F60F11EDFD66
:10982000050B010BF21F081816FAF9F200169EB587
:1098300039EF0AEAEBF009FD00F74411F9FB13ECEC
:10984000E3100801FEF6EFFAF5030211160A05F21D
:10985000F1F4ED0C4534F3F210D408FE0606183D81
:10986000D7F60E06F005FC04F60BFEE7F4DEFF016A
:1098700008F4ED02DBF9F609230D690C812BC82EE3
:10988000050B12F62513F90104FDF5EF0A06FFF0AA
:109890000BFEF2F1F8E80106F6FEF5F9FD011213F0
:1098A0002D1309E21901060BFD00211814F50B0711
:1098B000FA17D9E10106F30007F6FF0A07F61DF8CB
:1098C000F41304F706F6301C14FA4AF90DE2FD0C05
:1098D00037070ECD16191412F6EF10F4C7212D1408
:1098E00008E4E80308F40213110204025B2412E7FF
:1098F000E30003FD00DD10FCE410200AF8050AF285
:10990000F8F31E0617F40CFD0906FC01FFF1000533
:1099100006210DF307D2FAF92116010003E9EAE462
:109920000D0EF1F8F802FE0F0A0A01FBF710FDFE1A
:1099300013F904050005FF04DC0AF30E4AFA18ECDB
:1099400000F2F2F2F614F80727FEFD0BFBF8EC0329
:109950000809050D0106F7F60706150202F924ECC1
:10996000DD10030902FCF5213218040BF3FA0B0D8C
:10997000EE0203F0E9E6DC020EF8FEFD00D1EDF4A4
:109980001424281B542CEAD904E7EC1CE4031FFF21
:1099900003F02517F209FF0F090910FCFF0C1AFB51
:1099A0000CF71612EC0F0B110705B8E3EC0A06F7DB
:1099B0000CF007042321E509EDFA270DE810050452
:1099C000010C0A06F5011320090103F101FAFF1148
:1099D000422DCEE72C03250C0C0F15CAFBF410FA10
:1099E000100DFF0A0CFE1E07F0F8070A19F0060416
:1099F000E8FB0A14091A1ADEC918E5F414EF080C7A
:109A00002CEFB20509FF0C1506F5FA0F14F2F20956
:109A1000F12109F50DFDF7E4F5F3152E3BEEFB0DF5
:109A20001BFEF7F1EFE41BDDFEF1CB0D0DFDF40D98
:109A3000EACDEF0117F90EFFF400FA1F1B162111F2
:109A4000FFF40C0DDBED0912F90619F104FD030416
:109A50000112041316F9FEFA0401110EF3020B09A8
:109A6000FEF00B16201AF6F90A19C4ED192A24087B
:109A7000E2F1EC0D241B02E105F7F31109FBFD0AED
:109A800010EDF2000CFBEFF0F9171714FAEE9BE95A
:109A90009F142210E41511FEFCEDFE110613F110C7
:109AA00010EE01152016F5FA00E4F710F9FAEC02B1
:109AB0000300F4FF2A24FA2722FF0D1EF9030C25C8
:109AC00019ED0715F1FDF5FC0EF4F31BEC0D040385
:109AD00000F8FF0612182A1AE9E8000DCFDDE011A0
:109AE0001EFA080F12EF191C1100FED70C02F70D19
:109AF000090611FFFA0101E0FEF5FEDEFAF7E8E7DC
:109B0000DB0EBCF21A1AF72632F5062B2BE50912EA
:109B100004FFEE1C1CF4FD13FEF8D0EDF8EAE000A3
:109B2000031214FED0F3DB100400B606F70400FDA8
:109B3000000208F207F2CA071F0908FCF6FEF3FD4F
:109B400013F9F008EBFDFB10110A08F90F0A418127
:109B5000D81807DD17F90713E502D5091812FFED2C
:109B600003190FFEF2CF08FE0EF41609FDE9F40406
:109B7000FC0ED7049C0740E4F42B08FDEEAE431E18
:109B80000C2A0008D81F14FE09F1FC05EF04EA13A3
:109B9000FAF8EAF8F0FF07F5E501F1FEF50604260C
:109BA000FA020BE3180EF4B3A7F9F51901EA0BEB6F
:109BB0000AE50BF5F700FDFEF40705080906C121CB
:109BC00003DD0205F3060AEEFEF401F4D21CE607FB
:109BD0000EE9010A1CFB14ED0B06F10E0AF702F266
:109BE000E3F2F8023FF8F50DFC010F14FD01FD0250
:109BF00023FAE4EFDCFBF209FDEFEDE8FBF9FA0CE8
:109C0000FAF8F3FD1B140EF5FDD643E5091D25FA00
:109C1000DEFAEB101004ECE0EA1112F3150F070561
:109C2000FFEB05E10718EF0C1300FE11FFFB04FD2D
:109C3000AD07EA080C10131803160A2232FFF112BE
:109C4000DEFA04F90607F51F2612040010F6D905FE
:109C500012292FF0F40666F3F1FAC40AF9EB09EDC4
:109C6000EFFCE5F9F1EC0C16FB01FEF203FBFFE95A
:109C7000F50B06F0F9F110F8160FEEF0DB1B0206FB
:109C8000E9E91FF5E808F00310FF2341F30103029F
:109C90000BECF106FD3D0CFC0D1B04FEF708081C47
:109CA0001EE5F22CD9D7E82A0E0808FD1919E60797
:109CB00012FD1E06F4FF0E0EF30704F3E707FE1075
:109CC000FFFFE8FE15232BF328E5EBE5BF18FC05A5
:109CD00012F916EC27010319092716E20D16FB04E9
:109CE000F2FCE80B051F0302FF0305F9F6E7B814C1
:109CF00097A73830E60919FB0DFA0F03FBF8DFE3ED
:109D0000D4EE180808100E09EB02E90206E7E8FA9B
:109D1000E0FAE8DF42CFFA4CEEF304F4050A0A3227
:109D2000F801F4060BE3EE1FFF17F60104FDF7FC44
:109D3000F9FD1905FBFA0C0A1DF3F7B0560B1A11C1
:109D40002AFB0E070D0D0C0908110AE5072CF71563
:109D5000FB16EDFCFFFE02FB0D00FAF31E140209D8
:109D6000FDECF6CE35000B06080B192423FB16FE7E
:109D70000AFBDAEC0E1C1D0C130D0AFD0600FDF2A9
:109D8000070702FE09FAD6381315F4FE13FEFDF597
:109D9000FD1516FD10F1F41001FCF3E71705F010A6
:109DA000F1FBF40BEAF10B07F4000C0B2EEE25F59A
:109DB0000F1701DFFFF1ECF5EEF10106DF2FE1FDFA
:109DC000E007F8ECFDFB0BE60CFDFBFDFFF3F8F9FB
:109DD0000DFCFD2DF203E9E52B1F0507161A01F511
:109DE0000A2100133D33FE01FAFD02FFFCF9FBFCE2
:109DF00002000A03F30A06F8CC0BBE40FCFAF71D7A
:109E000004EC04E51019081AFF0C2D21FA0904FED0
:109E100002F3F3F9F416FC05EAF7FD08F9EFDA08A6
:109E2000000035DC2810F2FF09FAF9010831010BB6
:109E3000F3101AF5F7030614FD040D0E01FEF70DDD
:109E4000221E02F714F0F6B342F8DAFED6FE13072C
:109E500000E73502D528E031E4F4EDEC140E02FD04
:109E600006020408FC0C0906120FCAFB06FC1422A9
:109E700014E70E0831E6F227DC151FDFF7FC171A8E
:109E8000FAFFF7F8FF01FFFB0A0501061213062E81
:109E900025D50DF936C0D61006EB00DDEE071538D6
:109EA000F5FCEE1A1501FC11310AEE04E50303047A
:109EB000FB06FCEE030202E63A1A0B0720F1F70C50
:109EC00020F9FF08E712EDDCF4F20001EF14FE04C4
:109ED0000017ED0E0D0A07090A12E2E64EF5343EB0
:109EE0000EF6F5E84D101ACBDB0C06E006D70A3863
:109EF00009CF162242271C24010C153804FE07F74F
:109F0000FDFAF23BE24C4524ED0A0F1D0E07E0AFCF
:109F10001801C80BD00A0F49E5FD201A00FE0BF608
:109F20000E0DF2D5FB24F5F32B1AD3B9311DFA0629
:109F30001AE9E9154EC6E8DEEAFDF40D19FDF00850
:109F4000E6F4FFFCF60D120EDEAAFFF8150ACF9B11
:109F50007F13ACED0CFE0515EF38F4102DFF190A38
:109F600019E5DC0C18F50A01E6FBF50B0CFF02D92C
:109F7000FC03FB19F625263B030403E11FE2FFE483
:109F8000EA16F5EA10ECD913F90E12240BFFC303FD
:109F9000ED1E231A02F00B0BF7F4C1FCF62DDFF4D3
:109FA000DCFC1005D7FE50F80204F620F4F40F167E
:109FB000FB120205EE01F30BFF02F8EA1010FAFFA4
:109FC00011291D2D210A01EB161F0DE82DE61009A0
:109FD000DEF5F82907FD07FEFA10F8F808FF28FE5D
:109FE000E50A0C16F7FF40E1082E212CE9FA0803D8
:109FF000D904F50004030CF5E61C10FD04F5EFE3AD
:10A00000FDED01F1F90507E1F30600FF6CF49DF2A7
:10A0100006460B0F0611DF0CE4FEFC022A32CDD7F8
:10A0200012060EF309F1020A000DE70209F41215F7
:10A03000ECEAF6492603E704E81AF903F937E7E5FD
:10A04000F3E6C00A05F2E80BFCD7D7F3DEEDEB062A
:10A0500011FA08F60C090C002121276D33F2FB07D9
:10A0600014D9F929D73DFDFB0506C6F7141813FAD4
:10A07000F4160107090E03E3FF0FFC1A01F6EE1AAE
:10A08000FAD4F0FBF829301B2D1CDFE825F5451E1E
:10A090002FFD081703EE10FF040A120302EC21083B
:10A0A000F410FD152F133509401BF0F90EF416239B
:10A0B000B10F3C0DFEF4F1F533F9E6DA110D0A1893
:10A0C0000322E5EE0812FE031903BE1E22353AE410
:10A0D000F0171E1202050EC604F10EE21222F50858
:10A0E0000713071B080822EBFD02041AFE0703F9F9
:10A0F0000714230C0F100A0A3511EBDC5615F91A58
:10A10000F2070AF61E0A0AF211FEF4EE051513FC18
:10A11000DBF6110C021056C9EC2013390BF5D937B8
:10A1200022D7EDFBF104F603DE3D380515080FFEDE
:10A1300013FE0308F11DDFEF001B0413390BCBE204
:10A14000FE122AE7D0FBEB16FDFEF3EF3EF3F3F32E
:10A1500004020B1E0D03F308E60100061109DEE000
:10A1600019160D9D07FD2AFA11C80EEDE1FA370800
:10A17000FCE0FB0EC4E60E0C0BFBEFE204F40F0652
:10A180000718DAE1090A1EF3EB10E737E1F7F0EB05
:10A190003AD8C1EC11F30D0B0F0909DFDD012229BB
:10A1A0002419F013062AFB08E52D170BF70CD7F836
:10A1B000CE1107F50F1109080AFA58F43E1218FDDE
:10A1C000DAFDF400FEF3F4F2DAE8070104050B11FE
:10A1D000FFFE1219391C2B4ECBF3000017FFECE7E2
:10A1E000F729E3E4F61FF81F031314F209CED1FC9C
:10A1F000FC1613040E29FBF013DA3AC90520340FBC
:10A20000FE00FA2CCBEE03140FFDEA18000609F14C
:10A2100007E5F3D4F2CE03180B200BDD1C0CF8FE7F
:10A220001E19E6E3BB00040607FDC7204A1AECF43A
:10A230000C2FB1FFEB0343EE0710E6FF07E929F906
:10A24000F91A1C0315F1464305E7D50A2113F1F469
:10A25000E426FE4011F73F1BF0EE252F1405F7080A
:10A260002100FF19FDE00E05EA1A0EF34DD4A921D5
:10A27000E2FB081DF31AE4F311132C0F351E132112
:10A280000124371C1700F4FF09FFE81525F7FDF43A
:10A2900005080609161FFBFB04F616E8F51002EE8A
:10A2A000E1F0F6BEE5FFF71D19F2DD0DF711FA0238
:10A2B0000905F81A030905F0DF1F79DFB609F6DB97
:10A2C0001017F20AE30CF6FD0C130BF4FC29200323
:10A2D000FBFFE10DFB0F010BFFEDFD0214EACEFFCA
:10A2E000FEE0F303050B00E2130B1C1E01EC07F765
:10A2F000F10D130BF115F3F0E605FDFE042119FE37
:10A30000F4F210F0360E0361090E0600F603F3E3D3
:10A31000160D0AFAFCF0F7EE010313DF05FB060247
:10A320000C060BF71D28030102F3A22BE0103014DA
:10A330000C0430F921120BB8E1251C0BDECAFD001C
:10A340003619EC0EFCF0FD24130A2C280D06FAF940
:10A350000FE93DE2F5031FFA1802E33021FC16F382
:10A360000120C924FF063715F4F3F9F91412090C7A
:10A3700012ECF7FF0205321362F2EAF923FC031F25
:10A38000E1D3492E2008061D01DC0EFB13020F014C
:10A390001112F0180D102BEC03150906D28BC20612
:10A3A000E0180C014EB2FC0E13FB3230299C1FB595
:10A3B00019A62D6E0463F0A605A3A864FEEC8ED941
:10A3C000ECCD1D1D8BE715868ED1867FA214D8AEED
:10A3D0007E19B81211BF87BFC2BE06E2E718E0219E
:10A3E000F794000415EA9FD3D9CEA3F5C93488DCCD
:10A3F000A8F19FF7BCE9BD16DAFF0114B80428AE36
:10A40000E2EA270728D2EC0E9808D8AEF9B9DDB5F4
:10A410003249AF1D9AA0FF1F1B52D4B5A29E40D255
:10A42000C3DFDEBABE19A3CCA3AFF5F49215F5567F
:10A43000A72384CB0CC2FE03B4A40445D9DFFCEAF5
:10A4400045DBABAFA2D5E7D429CF1BD5BD12F4F0C5
:10A450001E82ECA3CB1128B61BA8A3F50A9F6ED6CB
:10A46000F7EC0618B4EF238C28F2A41422BCC0AD7C
:10A4700012C1C8DDFABA04898506F70265E1230E28
:10A4800002F99AC9218DB68D4405B39BA9C5100D5B
:10A49000971905A6BE058AC8D9F02DC4E4AC192FBA
:10A4A00016E61DD7F2C4DBBD94A7CFB8B8AB92288F
:10A4B000A00AE49AE86C03C6F45B059514EEE1EF9C
:10A4C0008ACE25F622F63EE0D43EDA0C8CCFEE8E14
:10A4D000AE5EA52304CD1BA7B7F7A3101C01FBECB0
:10A4E000E7AFA622B7F60EFAE92A21D9C4C9191096
:10A4F0001A3AD3A210D3EA9715DE0194B2E6F6A475
:10A5000032388D1C2EE4BF00DEB40513A822898BDF
:10A51000C0DB3F21030D82B21120C4DF03FB1F0605
:10A52000FCBBD63CF92BC8E184CBEB31D8E5CF4F4F
:10A5300007C0D2D22ED3DA47A4F1E610E5C5FFD585
:10A54000F3D3CA06E12AD350ABA8C606F3EDA2D5D1
:10A55000EAD512DDB6E8EBE1D6D0C81D0F3B4519B0
:10A56000FC0A2D28DCE7E6DF82A5C5B31CF3DFBAC1
:10A57000A326DA319CE1BAEDFCCC1F2327B98B94DA
:10A58000F2ED95E92B0A99DDF301242FBC8C59D803
:10A5900010A0FCBDE7E3AAF7CDE1CADD94CF00EB44
:10A5A00013BE26A7F3D9E7DAAF921A711CD21507AA
:10A5B00096E692BC1DCFFF912A942ABBF213E1D3F9
:10A5C0001E20FFE6C4A30FF9C508500483B2E1A51D
:10A5D000FB02D8F3218F1B23D58FC1F8CAB1E22328
:10A5E000E19BA918DFBCE0B9AEB6FCE35E26BEF481
:10A5F000E8BF09F918C000DDB91E1C220403EB2EC8
:10A60000C02DF0DE1F8BC054CF0FAD97A002B30555
:10A61000FD8792A3A125BFFB252A19F0E6A9912168
:10A62000C3B8CB3929EC13DF9ADFDD84FEDCD91BFC
:10A63000E8D21E14B0D3D8A7F11C95CCFBF215B705
:10A640009AE8F2EFB940BDD8C1089CA30F9809F36E
:10A6500028B0E35BEFD731F211DB1DC3CF0BF2ABB8
:10A660003D18F5DA09F3C004CCC2D6BB0B2C19B2E5
:10A67000FB14EDEAEFC3FE15A091DAD1D5DCA30AF5
:10A680000A8BA98DFED1C205E22E96C3DD0EE9C468
:10A690001CFF9A9CF818F8FF060EF1A6049EB6CB94
:10A6A000ED00F8A5EFDEC5F81A0EC704FF95FCF71C
:10A6B000128F1E17CADA1815BD1112D1F3359C0579
:10A6C000FA8BFCB2DDD9D2E9E7DA058916F4BFBA14
:10A6D000B8A8D594B4EC45250495BFE522C29628C8
:10A6E000F9D61BF72DF6051AD3E4C621009EFA8889
:10A6F0009A9EC43EF5A1C11FCDBFB6B0F01631077A
:10A70000F21FDBC0962307A203E1C49AC5DE3A20FC
:10A71000ADF506DF9AF11F46376CD441F3B8EF036D
:10A72000D40F36D222329914E406ACB2FC5036EA89
:10A73000B5ED2E0DF933CAF840160135F570D4E1A8
:10A740001652DA7314A4FFBB15E12F05A2D661E0FF
:10A75000DAEE0C96CF96FDD6D2B02DBFC5D8A55354
:10A76000A6BAB4310B16CBA4FFA579DBD9BDFB0883
:10A77000991B1114A4EB13AB59045121CAFF30B932
:10A78000E7E10B2017D558FBEFE6B28F25F100CF9C
:10A79000A7B716BFAB0595A315B31C1616A4CAEF31
:10A7A000472178A4C619BB9CADBAE1C2BE02127B98
:10A7B00025FE1F9D04CA9AE7D405210326D03F1A1F
:10A7C000C4E00F97C1AD0D19FED4D9C0D10D15D776
:10A7D00039CBE0893AD4B9D999D4D30AE4BE9117D8
:10A7E000CFE5CA9CE5E314A220980CBBDF1EC4068B
:10A7F00094063203B9AF3C97AADA5DFFB4A4A1ACCA
:10A8000008B93AC8EDDDF8C444891FEBA8FDB81BB0
:10A81000B4C7CAB825AEAAED05E1C3036FCB03EFF9
:10A82000FB46BE6CFE1F1BBCC89922D6931ACE12E3
:10A83000D7727A068FD40ED11C20DED7A6FB152145
:10A84000E55C1D15F528EE05BDADAAADCEC2D7203D
:10A85000951F0ABCFF0B079DD4081A97B232132725
:10A86000F9FD09F4E500EFEEFC10C7180420FAF634
:10A87000F0CC010920FA1AF2FEF8FFFAF50A1311DA
:10A880000BF923EB312D020B050321FEF0E9F20158
:10A8900003180FFF03F80613F40B0111FEF8050669
:10A8A000F402FBED02FE110505F426FEEECE1704C0
:10A8B000010703FDF8F00903FEFC0000EC0CFF01AA
:10A8C0000FF8F8FCF6F70D02F2EAFAE800FDEC2CBE
:10A8D000DB0EC10CF90B0800030708F8050EE210A7
:10A8E000F9FC10F61D03F1FD01FDF60D0601F4F370
:10A8F0000603FAFB0BEA1627FA02FF1F04031630C1
:10A9000023DEFB09E11F0B0BFDE701FEF505FE0150
:10A91000FFF7FD05FE1D1312F1DC4B1623BF06E108
:10A9200017090709FE11271FF807E2B61604F901F7
:10A9300016FF080CF7F7F1F9FD05FBFEE7E5FF0A46
:10A9400003E6F41BF20AFB0D15FAF6FE1C0A0303DC
:10A95000F606F5E50BEAF911FC0C1F01FDF9E2E63C
:10A96000E9FBFE1217FBD31108141B040404090BA6
:10A97000EC19FAE2F7E5DB1B1FFDF308F9FC05F91A
:10A98000FDFEFD02F8FD0309F5FBF1ECE115DAE24D
:10A9900019C501E90AF4DA000206D1100AED15ED35
:10A9A0000806F311F902FDF505030A01FEF9F801A5
:10A9B0001016F2011529DEF6FE0D0C0A0304220B17
:10A9C000FF12F8F7DD11FE03020700FD01FCF50A96
:10A9D000F4F7F2ED00F60CFFC52F1320FF0D041B5A
:10A9E000160807E52714FEB6D1FF0A12EEF4F802A6
:10A9F000F40703FCFFFDFFF3FCFEF8F4F40E131064
:10AA0000CD1FF40D03FCFFFE03F6DB07FC13F01271
:10AA1000E3F2250A07F504FFFE08F30703050C041B
:10AA2000FE01020A090E15001C120D060906E7FFB9
:10AA3000EBF6F3DAE40E050BE7F3FC001501050570
:10AA4000F9F701ECF4F8FDFAFFF71CF41E2320EAF5
:10AA50000DF6F2FA0C00080402150D1C0BFEF1F5C0
:10AA60000F04040D020802080A02FCFA02FC06FCAC
:10AA700020E5FE050B1402FE190DFF1118F7E40D79
:10AA8000F20BFD0DFEF3EA0E2B0F130206DFF1F1C0
:10AA9000ECF507F5F913BF0CFB0DF0F90C0014DD14
:10AAA000D9EAE204FEFD002404F60E05FD031BEDC9
:10AAB000F608060BFFF0FA0705FE06F5F1EBE10ECE
:10AAC0000308CB0D0102DC2101D9152FEA15110471
:10AAD000ECF8F10708281209160C0C0E0704030203
:10AAE00000F6F5CD22FB01EBF51805080D4502F344
:10AAF000FF05EAF528FFF3FF060A0800F2FBF5045C
:10AB00000808E9EB0B08091A42D1EECE28E204004E
:10AB1000010E123914E6172200FC0CF5101307F889
:10AB2000E5F1F9FA000309FA0F181CF3FBE113FE33
:10AB3000811EEEFE010714051B1AFF18FBFDD5F060
:10AB400010FC07000BFF1501E706F10D02F7F905F0
:10AB5000F00515F6AD0644F20CE31C0B010FFB38B3
:10AB60001BE8E3F600DF09FEF9FB0A0A0302F9FF1E
:10AB7000F6F2EFFE0C111D1605F9C613081036E5A6
:10AB80001E090302FB110615CA150AE1110AFA0291
:10AB9000F508F5FAFCFEF4F00DF9FE0611FAED10D9
:10ABA000CBF4EF0EDF1B0E0E03022A2E1FF41C0E39
:10ABB00004CF47F5FDFEFE07E80600F8FBFD0F0396
:10ABC0000724010DEC11A917F8050207EE1110F08A
:10ABD000E4FD0D0A14F5E21202FDF7DBFD23EE128F
:10ABE00004ECE5FC0F13110D00FE000DC606C605B2
:10ABF000070306EA04E9E305FA08EF20F8F3F9F29F
:10AC0000F6F4E408F70EFBF3FF05FA0B0008E8FF83
:10AC10000707C8FC0C05E507051A07050202F5ED54
:10AC2000EF1AF90A0A10F8E801F70CFFF804F70F19
:10AC3000F8FA060AFEECFAF7E61C07FCE805042021
:10AC40000906FAF4FAE90905E4FF170603EC0FEF29
:10AC5000F20705FFF2160902F7F20CF3F6FA010407
:10AC60002203E80ADBFBFE0B1122FB08081A021381
:10AC7000FEFAF6F90FF80E09FFFDF7F70B111408AD
:10AC80001F11F7FA9A00163DFAFDE5FE01000B17B9
:10AC900001E11E01F114090CF1FEF81C09F8FCF8A1
:10ACA00007FFFCF80204120B0D0D3117E1F62F1609
:10ACB000FFF6090E0DE81E08FB13D5E71314010279
:10ACC000E5FDFE10031100FC06FE0A050D010C084F
:10ACD000D007140DC0F7F4FAFEEA03FDF5FE1329C0
:10ACE000FADA03F701F3F60D0318FDFD0501030A77
:10ACF0000B05FA1204F4C72815E1ECEBF91109076A
:10AD0000071828FBDC17F8D400DFFBF7FE0EFE2047
:10AD10000AFFEBE30EFD0C12010AEED7EAEA2EFD64
:10AD20001E03E817D9E8E54A23190DFA09F917FFB8
:10AD3000E8EBEBE8D8D609FA07120206110EFCE19F
:10AD4000F60BCCF6BF0A08FE201214070ECCE5382D
:10AD5000EFFE381220F2FDE10B08FBFA1C0EFC326C
:10AD60000016070E08FA02F9EEF4DF340958061C43
:10AD7000EB0AF4AD9932E90D11F9040428000F1122
:10AD8000270504FEFDFBFF0743310B12F8F19791F5
:10AD9000B84B6117FFEC1DFE1518DFF00004DB0A4D
:10ADA000F314EBDFFD1E24E400030604131BE91378
:10ADB00013F60402091000EE23421FD2190DEA1403
:10ADC000B504211A20F1D1F6FA021027F205001776
:10ADD000E8F60B23F8060EF60826F1F6BA07F31785
:10ADE0000E0B16EDDBCBA6C0E7F9132DF7F2060B21
:10ADF00009F0250A10FFF5DEED0611E3FC1BF6F65F
:10AE0000DC041206230C1BEAB502F7A9E1E6EF1FEA
:10AE10002C18102B21020F11E8FE0B19F90EF81A4D
:10AE2000FDFDF9F70302CBF032CCF53013FE030C35
:10AE30002E250D09FC3EF80AEE2CF517F41DFEF840
:10AE40000704EDFF121DE60A2A0907F7FDFF639BC1
:10AE5000DEFB1B14083BBDCF64151702FA12F4E6A3
:10AE60000407FA09ED1F19030B0E0514081D160639
:10AE7000EEEADCDEB150101D11FF14F7EBA1810AE0
:10AE8000FCE30819FFF9ED111EF4172204FC1C3134
:10AE900011FEE312F3DD0C1A0853FE2523071203FB
:10AEA000F5EF0AC516D20A2A10FD0607160D18F688
:10AEB0000F0EF003F6FAF419F1F405090AF4B717C6
:10AEC000F90DEDD6F6180FD62B0DFD2E1F0CF6DB67
:10AED000F313FC2914144BF407180C0BD6F7E402F7
:10AEE00005051CFD38F64028EB1C1909EB10C308BA
:10AEF0001D151D0B35062119194A0CD4DE1000DA78
:10AF0000FA08FA1D2120091DF411BA2F9F04D3114C
:10AF1000EDFF08F3033602DDD3F7FCF302EA12E992
:10AF2000F8E22B0CDEFEEE1B14091E08060D0010C5
:10AF3000190F181221070EFDE80F0C0CD3F509307C
:10AF40002DF5121F2DFA09F3B5EB2119EC13D807D3
:10AF50001E09FB1209F719F73C3718C72308ED1B28
:10AF6000D2141B1F16D838EAFFF8F9E605FDE107F1
:10AF7000FFF10B0E11FB2E13080AF4023CF2F8EC61
:10AF8000DC0F25F802FE2003D50701DCEFF8F10203
:10AF900014FEE50AF5DBE7F4F601F901FEF9110FFD
:10AFA00004CD179F11EB3C2E03FB04FFE769DEFE87
:10AFB000FBF6F8F5E8041706F6253B3EF812071CE9
:10AFC0000005F9EAFD1DF713D6121629BAFAEC149A
:10AFD00005F6E90FFAE2ECE7E301FDFBF2ED000A0A
:10AFE0000A122508E9FB0811ECD7EB1811FBDCC9A4
:10AFF00002BF3116200605E6D5EFA300D3022221B9
:10B000001A02130610010F2513060A1113F0050A80
:10B01000F6122218220DD771B05CF7E8111FD8F391
:10B02000F0BCF401ECFF0C041A101B0D153F1513B6
:10B03000D6D9360808D7FD07051B07A245D82E1D0F
:10B040002A02091E050613DEFAFDEB0DFF23F20CA2
:10B05000E111374C0C200605EB161410FE0B040D05
:10B06000FF31F4DC190411B017FA0B0DBE08DDF640
:10B07000F80DF1F8080A1D05170E06FADBF90805A8
:10B08000EEBC030D201B41220E23EE1806DD130635
:10B09000D2F815DDF511E4EC094A213378B004F556
:10B0A000D10105F9DAE1F406140711FF02EF2EC809
:10B0B000FBF4180B2504C80F630CFBF3DC0D0A34FA
:10B0C000E20CD5071B18F1FE23FEFDEF03FBFEF992
:10B0D00009FA5717CB242DFAFED8240410D1D31D1A
:10B0E0001A18E9EE03E5EFE7F3ED24F80F19F51C64
:10B0F0001B0E0812011701F4A2EDE97DDD12E10932
:10B1000022060900D90B03F9060FE701CB1B1C141B
:10B1100009FBF2FCF30E040CF50EFCF2FE0534F410
:10B12000CEF522342A1C0EFECFDCE9C3EBE3FFE5AB
:10B13000F61B0D16311A0AFBF8E70F1CFCF4DA0EA9
:10B140002315EFEB5BF5CACC41000312F7020D3A71
:10B15000F409FDF4150BE91604F2F6EA0518EB0400
:10B16000E609F91513F5FC1207F2040C3129D0EFAA
:10B170000FF9D307DB4EF4FD0C1E0301032114F875
:10B1800018F3EBF823F402DEE91900FD181914286E
:10B190000AEEBA163708FE0242000C59EB24F8F604
:10B1A0000F1AE713CCF1FAFA18390408FAECFEF199
:10B1B000FAFE090B0AEE21122516FB2E0CE5020100
:10B1C000DF13041DF2FD0EFDF33B26E4ED1318F42E
:10B1D000040FF6170E06EC0BFDF61D0CD2F9170343
:10B1E00007091BF1F91B0112F112EB28FC1E1AE5ED
:10B1F000010306FF04E5080103FC00F4020A0BF852
:10B200000008EC1C102CFBF5210E01FF21F4F9FFC6
:10B21000F9101F0209FF310F090F221E060607FC55
:10B22000FE0EF2FD1912FFFEEB1E09D011C2E60B55
:10B2300010EBF1271400E3E908090A0C15FB12FCD6
:10B240000308F400020C1310FFD30C040211DED12A
:10B250003813C60E07051BF70023F51613FF050369
:10B26000F5061DF91AE8E30508EDF50EFC080408DB
:10B270000B0B05F0143BF30308171FD306F6E4E9A4
:10B28000D40AFCF9FD1D0805000407E219060D06A5
:10B29000ED091C1E0905100B0CEDEB1A0A161B011B
:10B2A000FEF90DFDDCEC20E022F407E8F7F90403D9
:10B2B000FFF4F42205EE020C091001E8F9F3F4039F
:10B2C000F442DA0804161B02E00FFDCFF7C4D10FD9
:10B2D000F821F7E0FBE5FFFE0113080DF4101F173E
:10B2E000120F0D1A13FFFDB734FE1F0912CE030A09
:10B2F000C508DB13FA0F0513F312EB0EF2F62A075B
:10B3000004F50803FB0502F308F2F3DCEC1EF70773
:10B3100003D90E0DFE25DD001E0502052FF912E0F2
:10B32000F00CFF0A100CFEF2FE090C0405FB0101F3
:10B330000BF4E8142115E3F005F8090BF517E30207
:10B340000AFA0913E3F20A080DFB0304FEFF03FEE9
:10B350001D041B0205FC01FEB0D12E38070C0FD4D2
:10B360000AF6F804F0DDFBF629EB120607E8110FE8
:10B37000170501FE03FD060610080503F30003DDB3
:10B380001E12F4FEFA0A1EF50D0AE3011A0013DC80
:10B39000F1F918030520E4FFF2F90CFAF304FE08B2
:10B3A000071EFBF9F4282DE519F9F80707ECF90851
:10B3B000CF07DD1F0BFA07F6D61CCFE50ED6160E0B
:10B3C0003006050CF9FB061FFBF82CD0ED431802E4
:10B3D000FE061309FC1406CA2EFB210BFAF2F90330
:10B3E00014FD051BEC0C08F905FE0B07FEFCF6FE30
:10B3F000111F10E0F80E0A010D04EFD40117E0E070
:10B400000E00F00EF7E3E2E917FF03FF090518FE4F
:10B41000F30019200E01E31C15FAFFCD130F0019DC
:10B4200024FEF0230334F31F16FF210EFB0202FA61
:10B4300013FF03F5FEF6F209061B150506F90AF6D9
:10B4400007FFD5F4FFEED706DD20000C060AF92130
:10B45000122501FA2C08FB000804091602FBEFF57F
:10B46000FFF604F7F0F024E702DD03E5DE565908A5
:10B47000F506E60CF7FEFC0B20111902FD0117F88A
:10B48000FB0CF908191F02267FD233CC340C080DAF
:10B490000EF1F2FC01151CF6FFDB0103E90C1100B3
:10B4A0000FF1060A19040508F4FA16F208ED0DFC6E
:10B4B000CD0BF2011EFEF001EF0251E9F0EF090998
:10B4C0000F0BFEFCFAFE0813EFF10315070CF9FE53
:10B4D000F70C06090DF8F2FE121E11E31500D8EE66
:10B4E000E215020A0C251EFC02FF230F23050FF5AF
:10B4F000F9060707090E07181BF038E126DD19FDCC
:10B500001703F522D5001FE901FF0DE40712081506
:10B510000AFBFD040AF2FB00210405011605D818F8
:10B520002703BB60F419E9EE00F9CBF3680715E2D5
:10B5300012E2130F11FD0E110C020DF7FC061DFF98
:10B5400004040FFF0604D3141023F6FA02E815F6DC
:10B55000BF0BF9ECFBF707F9FD21FFF5EAFCE6F379
:10B5600009E6F904FA1D04F30105FAFBC521EF2BE6
:10B5700000070D000005D8F622FE0E0416FB050A92
:10B58000090DF502FF07F40F0608FEE4FAF9FF07BC
:10B59000080B2CD4F8F4F11FE6F115E3F9FC0305D0
:10B5A0000D0BFA03270AE1F724F40F141200FF052C
:10B5B000040605170CFDF6F0D9FA60FAE809020254
:10B5C0001512F417D61110F70D10F8E9010020003C
:10B5D000F9F81FFFFB12FA030C0404FA04151EF419
:10B5E00004030003FBFBF0DDF6040AF0F6FC0100A7
:10B5F000F6110B07282915F0FBF51619011615F69B
:10B60000F4FD02F921FDC150F6F30C04E103F5FC51
:10B610002D0BE60218EC29FAF61B031C131603FE89
:10B62000F2FF0EF1021C0F19FF0256DBFDE81A11A2
:10B6300007E5D116F93CFDEA07F7E4FB13FB03022B
:10B64000F3F308FF0F0DEEF40A150E0C0FFC15FDB9
:10B65000D4B7DA1014FE0E030902F40101F40D024E
:10B660000CE0E6EA0E18FC08131B04F603FEFFFCD0
:10B67000F806EF0AF708D5E075DB000DE6D8FD0700
:10B68000CCF6E7302B0012FD01C4F7F904F40008F2
:10B690000CFB0119F805130300F10DFA28DAF50780
:10B6A000CCB9B8A7C3AA20CED590BBC1FCD1DF12BC
:10B6B00003FA4C00DCFB9CB7AEB490E7B4CD24EAAF
:10B6C000E0ACB30281907B18E29753D3F1CCD0E089
:10B6D000CA1214A282011DDC2B0F9885F30705FD09
:10B6E00065F2E513DB0EE2DDFE2412EE5F065A235F
:10B6F000DC4604390DAD00A0541513C2041AB8EE8F
:10B70000AD54E6C0EEC217E4A0A104B3E25BEEDFE5
:10B7100011F38FFF5B62C2E74EE941F328C66BFC71
:10B7200068D0BA89DA13B91D228514ED512988AB86
:10B73000D496FB1BB32BC70ED3200925B8ECF625F6
:10B74000E9EDD30FC48DEECEA5D2EB93A185FCFD20
:10B75000E1FE0422C60DA8E7190F18D8C3A1E81509
:10B76000950803320BADEA24C69CB5E8B1CF91D160
:10B77000ABEBC58F1C1697CF05E0CAAC29D6F945AF
:10B780001667EFDE34972BB9F8B4CB871DA4B29AB5
:10B790003724AE13F828B4BA0797ABFFB83EF18B45
:10B7A000C2DDE5CAAF27B54E000A5BE00EC9FA2B31
:10B7B000DE1126DEED2C5BD3E5105543CAB3BB6228
:10B7C000D9FE0A1CAC630CBF3E2238CEE5C48F2ADA
:10B7D000112EB8B132FFD64A320006B39BEADE0A18
:10B7E00099F20989DC9912FF1F90F84FDCC6938B00
:10B7F000973C325BF82776F323234269E9E8FCE2C1
:10B80000ACE3380A0208DFD846C0A2B2F7F8BA346F
:10B81000560935F300290F995ED24913351F19C215
:10B8200015D18CE7280F28DFD98A07A06BB8CBEB9E
:10B830001BD2E7D7F308A495260B63EA22C6C428D7
:10B840003538DF1494DC2A7BC3EA102E255ABDB7A5
:10B85000D90F3DDC32061A17B2170309068D21E510
:10B86000FCF9D21C06914BEA0218F8EB3622EBCD1C
:10B87000CE021AB18D15849A06134BF9E49B05F29A
:10B88000B61405B69CE402F1D5B30DF4E6DF039AD5
:10B89000A615B7A7EEB7F2FF8DC9F1A42927FE11AF
:10B8A00004927BA3B9B0C40AFABDABB61022F0D0A3
:10B8B000CD2C5F2D290125B208B41EC1D1AEE6D72B
:10B8C0001B1DE5831940A920101A13D5D6E0E0C747
:10B8D000DBA9EA1E11BB19161F229727B820F49F77
:10B8E000EEE51B9321ADD210FFB853255BD9EDD502
:10B8F000C2E70C0B40F6F0C59CAF55C02127F4F20F
:10B90000B2ACDAC82A9A03E93BC7C3BFD2A81C2449
:10B91000D7E1C0DE3D5F2AB80C05B2ECFC019A9D70
:10B9200010E626F151CED6DDC3081FBF1EC7DD8548
:10B93000D4C5301E9DC2D4914F18E75B4E1CE73F23
:10B94000428DFBACD5001499CF001ACEA6A8D32AFD
:10B95000A2D61CBCA5E33ECBCEC8BFFCCD7BCBADF5
:10B9600005DA34D33122050B9CC4A143CCD5BFE208
:10B9700095A3F2D6D617BBFE1CB740EDF7A7950FDF
:10B98000C1E00E0097F0C0C009B1C7F910BCEC5778
:10B99000E011FECBA3E9A7D5B3A3BBDC059448F91E
:10B9A0001D13FD949B02E9DEC2AF17A2DB94C5C252
:10B9B0004EFC3D8C47E3E9FBD5F5D4BD4829214336
:10B9C00022F0700D4720D8DC8C11FEC396DC83F387
:10B9D00016DA9DE706C3FFAEFFF61FE2A31F179618
:10B9E00090E8CD0FF6AAAFDB17D726F6F7DCAF0F3E
:10B9F0008DF5DE18986202ABB3A8CD168FBB50DA76
:10BA00004FF5CA9516070DDBFAD323DDAF27D2E930
:10BA1000A7F1E51EFDBE1E91031FFECBE3A2C1E60A
:10BA2000221EA4BBDFCB259FACF7191AABF51CD2A5
:10BA3000F5CEE309E91312CFDFD8B48E27A3A6B25F
:10BA4000D6D1AA94F2BDF093E11112159AACFA8AFC
:10BA5000FE93A925EF69C8E8EB529E93F7B3DAD8B5
:10BA600002C8E425EAF0E5B207921E12E0E3EA1309
:10BA700009E522F0068DE52AFCDFE3A21E23C08A39
:10BA8000E8D8E1A5BFD61809E367E0A908C10B9D76
:10BA90000E9838E28CCCF55DF3D6E4E6C1FCA5FE49
:10BAA000BF940FE03B9561EFE3E41A90BA0AE3EC30
:10BAB000291ADFF021B2D9C624AFEE47B80CE3351E
:10BAC000118EF734FFB2F398CE068A8A24C0C90ECD
:10BAD000075B0DC8BCD3BBF110999C050B43B6F0B6
:10BAE00028E4E4E32CBEB03586312642DC23A509E8
:10BAF0008DD8B0E21C9B04259AD805A2FDACD7A82E
:10BB00009B08C8B5ADB8AE41A0D6CDF09FAC209093
:10BB1000A594F41C2AEF1CAE04B3F2EB004516BD4D
:10BB2000941CEF65A3DCB39515B31F119094B7DB9C
:10BB3000FEC622C00A0DF2A586FB84AE1DA69504A2
:10BB400044A26AC6FA3243EC8F9405FE081224F12F
:10BB50001BE6F502C2C3F2DFEDE424CE2FEFE010C6
:10BB6000FFF9F1042B2B0CF1F30733EFF9EA08107E
:10BB70001A19FDF9F002051A0407F4120BF7F8EA96
:10BB800005FFF7D420FB11FFEDFCE00CF111FFFCE9
:10BB90001A17040B03FE06F8040BF5060A0903F254
:10BBA000040211061406ED0DF8BF22E929C9EBF5D0
:10BBB000140300FD1FE30716F80E18090D130A12EF
:10BBC00004F9FE0D2208FC05F1010203F5063433E9
:10BBD000BFE93AFE0AF70BF606D3E802FBF62D0E94
:10BBE00009081506EC12141916FF06EFFEFD1104E4
:10BBF000060203F6FFDDF80EFBF4EFF81CF50AA4CD
:10BC00001AEA040113E4F7060D0F03F8060505F719
:10BC1000EDF6F806030102FFFE05F9E84A0E1EFBE9
:10BC2000F4FEF401100F110C0C001A32F8080AFD92
:10BC3000EE0005F508080E0202FFF601021B09F8E6
:10BC4000EFE4EFF6F807FDEF01FE153E350517EDC1
:10BC5000030C250BFF02FEEF00CFDBF00CFE2717D5
:10BC600000FAFEFCF6050720ECEF21FF01EF03FBD5
:10BC70000FE5F1FC09E915DD090C1408FAF9FE18C5
:10BC80000707FE0309FF0C0B0609F8FCD4DB393C5F
:10BC9000FF11F303ED190C18FE0406F4F11303F37E
:10BCA000020908F702F4FFFB13030B0B02F8000F65
:10BCB000090623E2DCF9260EFE0201FFF8F105F584
:10BCC0000C04F81D01F707FBFE08120805FD090822
:10BCD0001B04050E02FF100025F411F10601030BF1
:10BCE000F9F81232FEF30E270902F70608FC00F8F5
:10BCF00014F2FBFB0804110608030BFF0BFBF9FA17
:10BD0000142806052AF3020BEAE811000BFDFD11C9
:10BD10000AEBE2F1FB221E06FCF8DBF7050C080C2F
:10BD20000F110AFEEEE4D70523EB05F00F250D2ACF
:10BD30002FF911DB04F6FA0408F8F501F30DD90622
:10BD4000070D060C0E0D13F70C10FCEF680304E34F
:10BD50001C0D1D0E1C13D619F4FA0EF3FD08110E5E
:10BD6000E2F4D1F910101B070CEFFB01ED07F6FB15
:10BD7000E6DCE1FBF0F20201040302044B0D0BF6DA
:10BD8000FCF7FB0F11FD1DF4DD0A00EAFB10191290
:10BD90000814FC08FDE3F3EDFEFD21F1F701FB10B3
:10BDA0001700EEDD0EEA03F31106FE110F0D09FA7E
:10BDB000082E05FA010AFAF403FE1004FE081AD050
:10BDC000FB1E240C0E1211FE050FE30714EAE5F228
:10BDD000080A0AE8F204F9F9F9030EF601FC020078
:10BDE00001F2F16B0A0B1BF806EBFA02FFDA16FE02
:10BDF000071606FAE61C0A00E8E5F819090B07071A
:10BE0000F4FCFB1C03FE0306EF11403418EA111486
:10BE100004ECE7D1F32004F11A0AFF07FE01F9FF51
:10BE20000503081000190100FCEAE90505070C3AB2
:10BE30000E01FCF6F6F5F4F9F5CD4CFA0F21110DD3
:10BE4000F4F4F4FBFAF6F4F00DEC04FAF90B0E0C32
:10BE500003F3EDF303CD20B60EFC28F1020409E450
:10BE6000F916F908001CE1000204FDECFA150803BC
:10BE700001061505F20D00F40308C93F26EB810306
:10BE8000EA13FA0C0D16FA0DFEFDFB05FD05010483
:10BE9000F7EB070F0CF913000B07F9F4FC17FEFC86
:10BEA000ECF32D38E60015E1F815FD062909070920
:10BEB000F61CE2000912EFFC01F915E715F7FF0087
:10BEC00002FBEFF1F0F1EAB9D5C1422C1DF7F30600
:10BED00025100C0CF70D34F4FAFB06FFF00DECF412
:10BEE000E3EB150F08130FFC04F300F5253016FCE7
:10BEF000ED1D0502F40802EF01F5F4FC1012FCF947
:10BF0000041D11E1F7FA23140807FFF7FBF8F70BFC
:10BF10000C0A2C0838F907141B040BF81EEE07F264
:10BF2000F4F913101E08061BFE080B180D07FFFC82
:10BF3000FF07FFFBFD0A03FF2B0498E242040A14EB
:10BF4000060FE7F3EBF3FE031A0C06051000F10AE7
:10BF50003522040304FEF207090301FF09E5DFF3BC
:10BF6000D9CFFE18FF0B0607FB03110819E8F5ED02
:10BF7000EE01FBEBD203F50901F8FC1108F802FE13
:10BF8000FFF000FAF60A571BE40D01EE0BFBF2BBC3
:10BF900021F2DA0BF10C0F00F60615ECF6F5211084
:10BFA0000B07FC030700F600FDFFCC40FEFC01F38D
:10BFB00006E4E4160F11F91A0F042921F8E41CFB1A
:10BFC00002FBFC0217F2041E0808081500FB02F829
:10BFD0000B31E0CADD3012081F0E05EE08F3F1DB6D
:10BFE00005F7000D17FDFCF6F410131104F608FE1A
:10BFF000F90A0BEE01F9F300F6FCF3FA0C00091153
:10C0000037F5F21B2A0015FBF7250D02F3F3F209B1
:10C01000ED0AFEFBF6F900FA111605F68BCAF72DAC
:10C02000FB02070AD7DB08FE0925FF27FB2E0717AF
:10C0300022ECFAEB0E1A0B0F120DF8070D10263733
:10C04000FF203CFDE8F10BDE01F60508EF102B1494
:10C0500005ED14F109F2F5F212F0E1EAE6091EFF2E
:10C06000E7EB091C03EA00F50CF3DD581E15FEFB97
:10C07000EF1D00BFEB1BFB061BEBFCF7EA09FD1CE9
:10C08000FBF6080B08F8F1F5E930EF1602FF280B74
:10C09000000AC205F1C7E9E9181AEB0B0604D52618
:10C0A0000A0001F3F1080B03FE2D11FFF606ED0E59
:10C0B0000502010DEEE3FCD2F7F7E5450F1C206108
:10C0C000C6EC13FAE70E040D00DDF23BFDE80009B3
:10C0D0000DDAF3FC051E1C15F7EC1B053BF815EB00
:10C0E0003B19F50B1CF6062413F3EEAE1D03FB0AF9
:10C0F00014FE1AE2F70608EBE4F1090CF8DA0E1365
:10C100001BD71C2E0403EE180DD5F619C6D9E1165F
:10C1100018FEE9F5DBFB1C01ECF21A0CFEE9C60087
:10C120001210EFF614ECDCF11AFCE0CFE3F709FC97
:10C13000201A0900F3D0BD1F3102FFFAFD07FAF300
:10C14000FE0BECEAF5FAFDFFF908F610E817BDF76B
:10C150005EFF00DA21E408EAFBFFF5FAF2E40F14CF
:10C160000D012402FB0B03F7180F0014080A0C1032
:10C17000110206D63404EB01E418FA043524CCF994
:10C180000EFA1FE7E5F8F7000C1510F60A18F0DFB5
:10C19000E6F7F2DDFDEBF004F4D0FC00ECE9E1178A
:10C1A0001A1EF8D1F5D6ECCCC2F8FFF7F10710FF54
:10C1B000EFF1F300F5D2F6F0031116FBDB0B7FBDB8
:10C1C00006EED23109DDE604DBF7062D0803E61E94
:10C1D000BE040D23030401210A21D80A070A0CEA30
:10C1E00007DC00090DC7E207CDEFE3F6F7FD12D239
:10C1F0002C180FF6F8080D0FFAF30C0A120AF7F5CF
:10C20000E9D805F817FCFAF1F7F6F70A01251FE25D
:10C210003BE7DCDD0C0F05D326160C1C1E09FE16B1
:10C220001C1005D6F8F80C200B0F11E91F0F021E89
:10C2300030EF0E13F4F7D8E3F1FF1C3BC6EFDA083A
:10C24000EBFDFFDFF8F1E91C1BFD0703F5D2DE145F
:10C2500004FBFCD7FFFDAB04E4343003F8F22ED32B
:10C26000C2F13F1618F214331D0E080012090E1108
:10C27000F80A251610FB011C16190EFB2105FE14E9
:10C28000F42B2CEF1208F70EDBCA160ED812140B83
:10C29000D2E9ED17E50DFDF52112FD07EBE90A05E1
:10C2A000DEF70510D04532FCEA32FC181315ACF667
:10C2B000F9071AE63A08F00AFE23091A060C0409DF
:10C2C00008FC02E92C04F607E8E104D81CF746173D
:10C2D000FC0A4C420E00190BF8112601280DFC1324
:10C2E00004FE0F0212060E17361733F016F461E53E
:10C2F0004446F60DE50413F8FE40B0E9DBE2DEF754
:10C30000FE10F203FF0CF6EA011501F600E408F650
:10C31000161604EC812844F045A53333E810253483
:10C32000FFFDF0EBFFBA0CE9F601DBEDC9FE1600EC
:10C3300010ECDA13F9F7141BF41B9E2CDC1360CFFE
:10C34000F7B906EC21FE0AD6F2F215E815EC021553
:10C350001001080A0028150EDDFA00E90E0D002272
:10C36000C91F2E0BFE1C1D580BF940598A08FE01EF
:10C37000FBD430F907FDF401F90F27070D03100C6A
:10C38000181AFB02F513F9DE00FAC034F9081F0F82
:10C3900002E708FDE914CA0A020D030D3001EA2D77
:10C3A000FABEEF0C100B16101A1D0F11DEFC08FF61
:10C3B000122D160E0BF8F7205409FD20A2FF23DFE3
:10C3C000230404FDFE3B1AFD281B0A0C070D051271
:10C3D0000509A3AA060EFFCC0419051F0BFED705FD
:10C3E0001303FD4E0BF406E7F10702000B050F0ADD
:10C3F00000091B2120FA13043DE024EBC70FEB14C6
:10C40000FB012C02F512140DCEF82E2604E404FBD9
:10C41000FE130B11FE04231DF9F811EC00191C4A40
:10C42000151FF41C3A030B2418F8EAFA052509EB4A
:10C43000F3EFEB0903DDF20817FFF3F50AF7FAFE55
:10C44000141EDBFD9F0BC1F702E2F4132D051C4BFC
:10C45000B50B42EE0C1FEC1DE4D9EF08FCF8F40A12
:10C4600000070C09F5D60A03111750240E1A15F30C
:10C47000F221E50B2FFC27FCF12BDBEB203DF9FA39
:10C48000F70BF7F417150FF7021215FC0003061F40
:10C49000B244EC37DBE42BC000FF12F31401070FAA
:10C4A000F30816F9D8FBF4080E1DFD0908FE0B046D
:10C4B00016F6002808F9D6FCB91A15E81025FAF680
:10C4C0005212EBF0F706F6E8131619E80E1F1C11CE
:10C4D000020D00E61505ED23081FED0BD7D5F50578
:10C4E00008FBFBF9D1DAE9E9FDF7CBF9100419ED06
:10C4F000040E0510130611FE0B00070CEAE7EAFD17
:10C50000F6001607B9F4130D0401F2F611EFC4F8A2
:10C51000F7180604E9FD07F905FA09140307FAFFFD
:10C52000F6F2FC0804E9FF081C06B01A0CF011072B
:10C53000F3090AFBF0DA01F6F8FA0A07FCFEF9083B
:10C54000F3FE1016F6FC1006F708F7150709D42AB3
:10C550005EE5FF12F91B020AFB00FFF5F8080C0468
:10C56000E1F9020D1313FA02FBFA120EFF0C031786
:10C5700003F6FF06DEF0C50D0C02FB12EF02EC2CF9
:10C5800008FAE321F714F605FD15FFFFDF0D05029C
:10C59000170E0506040C10F409E809F2E0F0FCF6A9
:10C5A0000D0C05FAF3180CE40F0928E1F6EE090565
:10C5B00014F9090AFD03030DFB020A0A03F60EFF34
:10C5C00009E5DA03F813F1010BEFE7E915040B01B4
:10C5D000E91DEA0B0D010401F9231803FFFD0E0705
:10C5E000F8F4F2FBFEF0F2BD81B6E2FB02F80AF6C7
:10C5F000F307F306F00CF10405F815FD04F612F844
:10C60000F4EE0711040B00F904EFEDF61FFEAA0883
:10C6100021F603000F05FEF302F9FDE7FC08110FF8
:10C6200005FBFA041AF604FA09FC0D030AFFEF06EB
:10C6300021FD063B3BCF15090B15F9FF0E20EF1628
:10C64000F61000F4E6FD0AFCFDF5EBEFFEFF02FC40
:10C65000FC130BFE01F70515F2C0F2BF02020FFD3D
:10C6600001FD06A8F723CAFAD8FB0D080A03FEF15C
:10C67000FCEA08080C0F09120B0B03EEFE1A1A272E
:10C6800006C8080BFBFBF1FB0F08EEFBD800F1D846
:10C69000FDF112DF21DFF3F20500F6070507EE05D5
:10C6A0001002090809F9C7EA050E1102EEDCEA00DA
:10C6B000FE14F202F1FD120A02F8FA1602F7FF1355
:10C6C000F4FF1211FCEBE8E4F2E7D5DA4BEEFDECF7
:10C6D0001514F80209EBEBEA12EE0C070E00070343
:10C6E0000C2D09FFFD0B051B04F3F602F90E0803E0
:10C6F00012E6C7F403020802FC02F60027CEE404A7
:10C70000FE06F81308140D3620F5030C08081BF07C
:10C710000213FEDEE60930F6001CF001FE08FEF111
:10C72000F508E8FD0100FA1916E7E6ECFB0F000634
:10C730000B0402FE0D0BFFF1ED1D0AF9E22CECEAF1
:10C74000ED11EA030608D415050AE81AE7FEFF060C
:10C75000F3EDF2FA0BFCFBF515100216040D0D08B3
:10C760000D040AEAFD12EF1CF0070D031050D71F4D
:10C7700005F2F4F3FBFC0AF9ED00FFF8FA0C08EF00
:10C78000011007EF12160C190ADF32F3CBF6EA0C90
:10C790000408180102F5120E1407FAF9FC27FCF33D
:10C7A000E2F1F30607FFFEF4FAF7100E120D1D1367
:10C7B000E5E6E91502FC07FF110BEF0627DDEBFFAD
:10C7C000F70A19010802FA090A04EEF7F80F0C0734
:10C7D000F90B0907E0D7033907F80308FC04ED2338
:10C7E000FE130E0C0E02EE1FFA07060102FAF5F612
:10C7F0000818030900EA001B0FF835E0EEE118E223
:10C800001DFA02FF0113040A0FFC1FDB0ADCF9FD0D
:10C8100001F90AF0FF060E150D000E05F208FD09DC
:10C82000DAF00F0F011CFB11FF080A23D6051900CF
:10C830000AEDEA1A1507F3F5F5FBF6F8211203FFE6
:10C840001208000E1606FBFCFCFFF022F300230F7B
:10C85000E0070AFEFEF3DD03050A0E05E20EFFFB0C
:10C86000F5FAEEFDF40A12040BFE08F3EC32ED12B9
:10C87000FF0417FC1809EEF9DF0A16FA0B2203FC75
:10C88000FF0125F8110314F901FEEB060D0A07114B
:10C8900016F4F909CC4724F50B1C0704030EDB083A
:10C8A000F9160C13140BEB0C150904F8F9F717081B
:10C8B0000B11FC0601F7130D0A127CD60C0CFD09B6
:10C8C000FEEBFAF2F10DF90F1FF9FBEAF8F4F80CA0
:10C8D000E9F9F9021922110CF8F30AEEF90FF3182D
:10C8E000EEE50DF91C0D051B08F116260603FBFAF3
:10C8F000FD0E06F2EFF9F8FAE4E7F608042717FD53
:10C90000161002FFFA15C1340E1BEDF1F1FC0716EB
:10C91000CDF618130403F91204030010FDFCE50E14
:10C920000A0706F7FEFEFD040308E8E529EDD50B2E
:10C93000F8FE22F8E1D30C0502DB00F70D070C0628
:10C94000FC09061BEEF2FE28120D12F4FF090BFC87
:10C95000F3D126E0F50FE70E04D50005E70E02013E
:10C9600006ECEFF4F9F7EB08ED10DEF1FB10F9003F
:10C970001502011203F9E3DBF6E900E810F102F217
:10C98000E4FD050C08070BE902F2041D030B0E1A67
:10C99000EDF90214F6FEFE00010DFD032E772E2A9E
:10C9A000FFF8170EC5CEFE010DDCC8BB11F41EF852
:10C9B000FD4300FBCCD8CFF321F70FE0F8E7F307F6
:10C9C00006DEC0076C0CF20512F9FFD9F9140CDA77
:10C9D000E906F70241FED7FC2613A7EFCE0EFB10A7
:10C9E0000B0BDCE00B1B0CF7C24B513DE6C90E0AEA
:10C9F000E1F63FFC2815F42BF7000C0DEDEE1916AF
:10CA0000021E08FBF505182423DC36EC0FEFE0B41A
:10CA1000CB100AEEE7EE0600E4EF16F6F1FF2DE686
:10CA2000E117EADC00EE07F7F50A0FFF140A21EF21
:10CA30000212050331F727431404FCF1F2F4140841
:10CA4000152DF1061C04FB1C022C19EAEE2AF50E2A
:10CA5000F015FC050C3513FC3537E5E60EFBD43D2F
:10CA60002103F1D616232147F52359252119FC0866
:10CA70001614CA1C080816EB311E18291EF417ECF0
:10CA80003706190EFA0208F4F3DEF2E5F43717C799
:10CA90000008F610F7050F221D1E0725FF06CBD351
:10CAA000EB030EF70C13160D04261106EB1FED0910
:10CAB0000E21DDFF1D031BEBF1EF10F7F90AFD0658
:10CAC00016FDF81018EC0A10E5000C16BAD8F7D4C9
:10CAD000F40A2731F50ECF1FC0FD2F16EB051134D8
:10CAE00014F90E0C141A151A0FE40DEA031E2E0584
:10CAF00009F0F1F0332EC9F7F1ED08EB24193EE906
:10CB000021101BEA120DF103240FEB29F7FF03F6A6
:10CB1000FFF91A081B1C05F63C08020C0BEAF6E6A6
:10CB2000F402004DEB143045480702FDE801050A08
:10CB300010221913F70F02FEF6EEF00D1AF7BCDE05
:10CB4000DDEF17F0080D11F3152DDCCE02F3F1D552
:10CB50003A0D2BDCD9E30C0A19DE062006FAFEDAC0
:10CB6000F11C000EF76C3C141105F809E4EA2A06E2
:10CB7000E1042820FB0106F7F11718CFF6F01FDAC1
:10CB8000F8F0E5C21AE8E3090C38DB0D5BF8FC515C
:10CB900012F4E20EFEBC4A26E103FE0F1FFC18FB56
:10CBA0000822070D0501E90200111627EE0D060403
:10CBB0003E090A200E13FC08F70B1A120143040465
:10CBC000181205FC02011BC3C8010F1608F0E8C8C3
:10CBD000D3090D1B0E080B323712B40212FCEECC37
:10CBE000D7DAF5FBDDE7F1CB1CD7DDE60DFCFF293D
:10CBF00002E7F1221711FC02F31A01EBB8FB0F4612
:10CC00004811A803D5EEFBF60FE830DD220A07ED48
:10CC1000F2223726180C220A0E11000E16040111FA
:10CC20001E10FFC8061736D9001104EB2C1407227A
:10CC30000F22E9051228F200351504F80609081D2F
:10CC40000FFF2B1BDF13C8EAA8FFD2A3D131231794
:10CC50000CFBE00233DEC904110019FA260F151D82
:10CC6000E80FE9FB25FF13FE1E36EFD302F7FAEFBC
:10CC7000C6091DE93401FBFC42431122241917099E
:10CC80003B0EFF0509010118140DF0FF10141137B8
:10CC9000F5F8F1F103F2F6F0CB42F0D6F71411F10A
:10CCA00030E40E0A151B15110E061A1119381E282C
:10CCB00007DBE9F2264406E51501387FBEFF270AA7
:10CCC000EE110016F4FC0D3CF20413FD0DF307F613
:10CCD0000E0628F1121611D700FB191F08ECFB0DE8
:10CCE000DFDDF0C1E224F8F006190FEC42F0032377
:10CCF000F749FF1209F3FDF8ED14070DFCF3FEFFF1
:10CD00002F3C07EDF0F10FD4F41113E8F8210CF5E6
:10CD100015C5C8C921D51B0605D42AFEDFDC2A1497
:10CD20002323E3FDF00BF4150D0C1D2BF5F7D0C2FA
:10CD300026052CE6F80BDDEB99E0FDEA52ECF4E772
:10CD400015EDED1F06040C0705001602051611FE71
:10CD5000EE1713F5EAC5F3F108E90706E41908EA46
:10CD600021CBFAF4ACE01EF8FF0CFC1F060E0A06FD
:10CD700014180EE616F41EEBE9EE0924EAE1D5F9E3
:10CD80000DF1EDE431F5EF0630FCE315E4ED220F93
:10CD900000FCF60209FC141B1DEEF82803F5E0D890
:10CDA00019347917B6FBEAE420E4E20003FE0C1222
:10CDB00033F2FC1F171D2C0E211D0306FA0F1F1F37
:10CDC000F806EE07252AE5E6D317F7E6FEE1110798
:10CDD0002C00EEFBFF0CD0F13AFD0AF0FE23120B03
:10CDE0000E08F5D40E10FB00F70103D0D71F39222F
:10CDF000051A09080423DEE017FF111C14F5F9F4E5
:10CE000006060BE1F91011EBF7F70A110D01F1F924
:10CE10002135CDF45145AAE1F9E400B6EED7D2F7B9
:10CE20001A1B4011F8E52B03DFFB000BE303111B7A
:10CE30001B17C9130103242BE1FC0613E8F0F1F4DE
:10CE40000B2114ECFA0124230B2A11FC19D1F4BF95
:10CE50002FF7F9E61D1916E7E7D6103F1D1B07B798
:10CE6000FAF6F018F7EBEB071C1EFA1307F4FC2395
:10CE700011FF0A10190704E6FD03091107F8F3FD75
:10CE800000EBFF071404DD00EEEFF5061D20202562
:10CE9000F91BFF0C05F7F4F5EE090D1FFEFB01EE83
:10CEA00008FB1F170414FDF30110E74EFC3208F7CE
:10CEB000F7FD2110C42337F10804020F01F3EBFC46
:10CEC00011F9F805F9FB06F616070511FBEEFB183C
:10CED000E6F92C07FF07FDFAF51E1BF7E406FD0235
:10CEE0000800FA01FE11EEFFFFFA060403FFEEFD53
:10CEF000FCFF040F1E18C7BC07EEE0070B1901E981
:10CF00000108FE0900FE071212FC0FFFFE0F0502CA
:10CF10001703FEFC0C0F1805F2FEF511EB0BEDFAF2
:10CF200013090E0D17F9BF1B0200FE14110D0004AA
:10CF3000FF080DE10605F5E4140302EBF20BEEE841
:10CF4000FA4E00ECFEE6F3130910092CE6EF0E246E
:10CF500002FE101F16050B022303F50B0F0700003E
:10CF6000222810F1DCF52C0E31F4ED01FC0405F65D
:10CF70000EFC0B18FFFD03FBFD2706FF0B01EEF671
:10CF800019FFFE10FFF2071409060918EA117FF1D4
:10CF9000EE0AFDEDF902251E030CF6F8110707FD58
:10CFA00007F0FC04F902110E05FBF90B0CF70A045B
:10CFB0000E100502F4052AF911E7FD0D1C011B07EF
:10CFC0000C161605FFFCF601E9EFF204F1FEFEF780
:10CFD00015050B01FE0E11F2ECFE22E9F80404F235
:10CFE000F80D02022DE2FEDFFBF8F9F701F0FC017B
:10CFF000FDF70B07F802F0FB02080514110E18EEFE
:10D0000018080A0D1B0EE2FD01092C0F150405FE80
:10D0100009E901F30DFBFA16F8081E0C0BF903FCE5
:10D02000F90E160B2DFD3E08F203FEF002D7FAEFC3
:10D03000FCF51AF11801EB0B07081717FF0D070491
:10D040000911F5080F040506FCDD470EADEAF8FEF0
:10D05000F51D050216C9F23DDE1E0CFE090AF80296
:10D06000F600F9ED0306E1FAFD090EF0F60001F114
:10D07000EA04FEFAF6E8E1F3F7FCED1D12FF460CB8
:10D08000F5FCFBFD0712FB080D03F50C171000045F
:10D090000C0D19E4EB0609FD40F71715FE0112FF10
:10D0A00012F0F6181FEE16F90F0904F4060B00FB38
:10D0B00002F60C05FF1E25011816FBEF16EE0F05F4
:10D0C000E9F72306061234F31EE227EEFB07060EED
:10D0D000080BEB00E6FC0106FFFCE8F60C0D140261
:10D0E00006EBC112CEFBE90715160B070FD6A004FD
:10D0F00014FE3C18001907EB05FA10F9050D04029F
:10D1000004040D29F6EE2C1404C405FFCC02FB0325
:10D1100008090810C8FDDF12F923040F13F7E8F11E
:10D12000FBEF090CF810FEFE09020400FE03D228F2
:10D1300007F10DFDE8F3131BF6FFCEFAFE0810040D
:10D14000F3FEF9F802050418F80B07FC07EDFCFCE8
:10D1500014150FF93A15BFD502FFD9250DFC1A1C7D
:10D160000FF801F60204FBFC0301FFF5EDF50204E4
:10D1700004FFF900040AFBF0FC0CEEB536FCD3F01A
:10D1800000F60BF91BE5E10D04FDFF100811040486
:10D190000B03EA09090A0204FEFF03EFFAF204FC9A
:10D1A00008FABBC640D80527FFF51BE3F908F4F9D8
:10D1B0000D130709160B1FFC11FB0B15F6FDE8EF0D
:10D1C000FA11FCFB14141A03170A0B011804EC08DB
:10D1D000281BF5D112061014F1001AFFE9ECFC1D12
:10D1E000EB08160DFFFE1221050B1215F9FF4BDBA4
:10D1F0001A0D0A0E091010FB2AEAFBE5050D00DFE7
:10D20000100106EDE708FFFF09FC171007FD0600F7
:10D210000F0209F6D71817F60E00F90B0BD51511EA
:10D22000F20EFDF6150B12FEFB0CEDFFF40A04F2F4
:10D2300003F902FBFF040C00200AC1200F000CF3CD
:10D24000F9EA072012F0F80DFDFD1513ECF1E4E604
:10D25000FE04F1FFFA070D070A10070B1005FAF498
:10D26000FB02F60C271A130A1709EDEA040C191031
:10D27000EAFEF7FCF4E50401FA04FAF8F9F30E13F8
:10D28000241D12F8F502F2A429DFEA17FF0A0014A0
:10D290001B0F39E7F20EEA1EF2FDF6F5FB0CFC0A55
:10D2A00000FA0D01FC0CF8FE0B0C0CF03910D4F058
:10D2B000FFF1E9F50818B526F80E0503FF1210F97D
:10D2C000041914F404080006FCFAFDED0408FA073A
:10D2D00029FE14F419F70512E71119DEFE2FF313D6
:10D2E000FD070506FAF7F50405FEEB07F51F0B0C25
:10D2F000FF03010412092CF1DFFB00FE070D03EF11
:10D3000006FCF7D106F3FE09F81D0BFD0804FA0828
:10D31000FD02E8060C01F900FCFFF0EC21420314C9
:10D32000FA0D0AFC150DF3020808111305F5160B8A
:10D330001316151600F8FF07F0070A0C0611F9FE80
:10D34000010AD8EB0EED05170A13051BFC16302653
:10D3500009F7F606FBF0FEECFE031F06040300E9E6
:10D3600000FC0107F1020513C2FC1FEDD2D3F90E38
:10D37000080AEB21DC142410EDF601FA00EFF3F4B7
:10D380001813031005F6FEF7FE1DFA2A03030D0815
:10D39000E1F40EE7FDF706F102F50BE601FE00F100
:10D3A000FC1118F5110BF10F0AFE0506F9FB071029
:10D3B000F5E6FAF90912131D0306FAEC10EE1BC983
:10D3C00027E50BFFFD0C0A0304F5FEE5F803FF0556
:10D3D0000309F80A0E0FFA081007CCFE0EFA0C002B
:10D3E000E0FEFC00F0F8C1040D0C0DFE06EA02FAA6
:10D3F000F7F4F9F5110DFFF013030A100B1C1503D8
:10D40000D7C90D0AF51111FFC7FB08230CF6F90067
:10D41000F810FFF3EEF709070EEB040010011511E9
:10D420001301EE04210BF8FCD61FF4DCFCE2F9FC3E
:10D4300003F0EEF90CF6FBFE0129000200E4F41102
:10D4400008F6FE0C04200207ECEEF10114F4E629C4
:10D45000ED060F0CFAEF06FF2B18DF070A04FFEBAF
:10D46000FFFAFC01020A080F04FBFC0CFC0A18146A
:10D470001314E8F326EEEDEDFD20FC0AEAFC3BE692
:10D480000807FBFE0508F3FDE9EB0FE3180309F5B8
:10D490000E09F90CEFF612FFFAFEE202F3FAFDECC8
:10D4A000EF0C092A32C4FF10FFFD051807FEEDE757
:10D4B0001B020615FC16FF1D0614F9FC1200FD0ADE
:10D4C000FE1DF40E140B040FFEEC26111D0A16F1BE
:10D4D000EEF6F5040351241B040100000429010B9E
:10D4E00014000C14BF00E502120C00FB11220C12F8
:10D4F00025EDDCF1FEF80410FC051B030EF9E60A2D
:10D50000060D151E02F8DDEAEDE9FB2225E01E01FD
:10D510000F02F4061201F4F9120AFF11EEF507F6F4
:10D52000EE03F3FF0EFDFC050B090900100CFEFBDA
:10D53000B1EDE1F8FD0D0C0FF2F10D00F81406FE4F
:10D54000F8FF020E060520020A05FAF10806190B7B
:10D550000200EDECF9EEE11406EBDCEF100E06FE36
:10D560000805F207FFF800F407FAF318F40E1FF3AA
:10D570000E100405F80F0C0BFCECFB0508090B055D
:10D58000F5F8EC01F80DF8E50CFE18F60AF5E00ADE
:10D59000FF06EFE7F9FAF4080A030F130D0D05F67D
:10D5A000F5FAF7F82BECD2D00009FCFBEF0C3613A0
:10D5B000101B07FCE6080701EFE5E30D0717020261
:10D5C000FC0C1A1E27F0FFDF1030E1FF210A0D11BD
:10D5D0000604F8C3030BF9011307EF24F8FCFAE281
:10D5E00010260F02052201EF06F9F82B2822AECCF7
:10D5F0001604EAFC0E030705DFEB1CFE1C15200FCA
:10D60000EE07FFFCF918FF0EFD0008F5DFF3130F1E
:10D61000350F0500061CFDE516E7F5F0FB1411219A
:10D6200012F911170C17EFFF00FEF1E2DEED050213
:10D63000F1FB0203000C0217F2FEB1FE810FFAF9B2
:10D64000F10602FE190EF025EA0A03FEFB0B130099
:10D65000FFF6EEF6100505F90A03F5F505EDF2FA09
:10D66000FB18010AFBEBF7F9FB110AD25DE9FF0E8B
:10D67000F41ADD0113FC0EF7030115F10504F5FBA7
:10D68000F0E5FE10F80E0C1FF9F237F70AEF18124A
:10D690001DF2FDD3F9020201FD090209EB03F405B5
:10D6A000EDFB09070F1902FC1C061015242CF31FB3
:10D6B0001716170708F800EF1DFDEB03140410D22E
:10D6C0003418F716E912111DEDFD120D01120B159C
:10D6D000170E112A17D0F530D304070C10D52001EE
:10D6E0002501F3190BFE02F9E908EE0B07080210F9
:10D6F000F6EDF9010522130D1B071AED1CECF329B9
:10D7000007F5F62301D70A000BFBF52407F0F3FE1B
:10D71000030B0F060108FDFF0606EAF60BFC0F11CE
:10D7200014F6FB00F0F4EB0C07140E0312FBF5F9F2
:10D73000E4FDF1FAD0F3F501F403EF041B0B081A32
:10D7400027FFFCED041D1330EBFBF907E617FFD2B2
:10D7500026ECE20507250F0B0CFB13DD20DF150976
:10D76000FFFD0AE3EAFCF60BF904FECDDD03160625
:10D770000CEDF5EE0F1DF430130E0DF7F31D0FF940
:10D780000D02FDF0060205F7F007FB0409FF0EECA1
:10D79000133BF5FBF0090B17EDF60BACE807F0FABD
:10D7A000FD01C709110DEF04FF012515F91109FB52
:10D7B000FF1214FA0C0B1406CF12FEFBEEDD060E60
:10D7C0000913E1F80402F4FF020F04031AEBF80B4B
:10D7D000F5F2FFFEF6020801200A00FEDFED04AAC2
:10D7E0000F2022FC1B1D1016040F1DEA101106EE5F
:10D7F000171F08EEFB1DF0F210F6EAF506070311FD
:10D800000E051CDF0F19B5001E2B21F8E00A0D0CC8
:10D81000FC270BF7F602F4FDF7F8F60C0FEF04FD0A
:10D820000F0C16FCFDFF04F82CCE275EB9D1120BAD
:10D8300010F9EAE2FE2FFF1A00FAFAF6FB161301BE
:10D84000FC1318170CF4F4F1142CFCF916E72CCC8B
:10D85000F7D716FE02F9121CE4C7E116F8FBDA0549
:10D86000060EF512E30E1B111018040814FD0A052C
:10D87000FC05FD0304B04082122B1FFCF30CFB04DB
:10D88000C22DFE03F706040B0B19FE091BF5081C3D
:10D8900022FECFEEF814FD12F9142CFC213BC4BF7C
:10D8A0000CEBFCFF0B1DE8EF1914CEDEF002FA07BB
:10D8B0000A060DE4041D092BE9F3EBFFF00736021D
:10D8C000F41E360D0A1C1D3BF803F9EFDEF2F30CD3
:10D8D0000AF1150D0B0013F7F6EFE0F3000B180833
:10D8E000F5F9011DF00D091012B315F10512082507
:10D8F00032E5F30705FAE0FE02DD060B070107F14A
:10D9000005182602FCF70611040302F8E409363074
:10D9100016B51D01EBED1C0706E60F0BEE07080E12
:10D92000FAFA09090F0202F50F1B0505F8F60703BD
:10D93000F20621CAE4F7C5F4F21E1302C3B8CE08FA
:10D940000C06E30C0401EE0301F5FD22080B012A8D
:10D950001A090D03FFF80EF828FEF9ADDB170818B9
:10D960000E1E09F2EBE30802DB0512F700FE150AB2
:10D97000E8FF130D09170D0300050D01FBF70DEF6F
:10D98000E00604FB011A03F403300D0B1505FF0B31
:10D99000F714101103D7EF0A01FBE9F808FB06FEA4
:10D9A000FB020909F0E6FCD6FA1111151508020B65
:10D9B00008FF1EFEE008FF0004E5FA22DE1210FA5E
:10D9C000E70007E2D70B08040FFF432681079833CF
:10D9D00006DB14FDFAF8E303FDFD1C000B0B0F0939
:10D9E000F501FB01040716E40906FE161900FC13F5
:10D9F0000FF8511C11071A20140E0E0FC6E1DF1785
:10DA0000180BFEF40801E211F3E8F2FBF304F30F44
:10DA100000101EFF0A0EE1E5EE0AFE06100AEC29D0
:10DA2000143311FA3A00FC0FF606FB12250AFA1A13
:10DA30000B03FCFAF7FA22FF0404FBE406E7FFF904
:10DA400022F0E4FBF9FE1BEF0006F222020F07FDB5
:10DA500011ED072104170D0E1F0207ECFC0D201D10
:10DA600008031F2A23D9FFB908E1E71F2AE4AA0FF8
:10DA70000604F213F6F6FAFB08F807FDFC1412068A
:10DA8000FBEDF4260410FB0EE3FA0E45DF0508F665
:10DA90000405EDE009080DEB0DFEECFF1507D3F6CC
:10DAA0000FEF020FEA0A0E2B0BE1F2F605F4431E0C
:10DAB000333CB7D11F0E0AFBEE09A9DFE3FEDBD929
:10DAC000F7F7EE01FCE8EDFBFB030B0A1201FC1E6D
:10DAD000F00414231AFFE5BF4A29FEE2F50218E517
:10DAE000BDD71BEBFAFA0CF70AF4FB07ECF70D179E
:10DAF00019161206EDF50A2FFF05DA2F1B0ABA01D7
:10DB00002AEFF60321E9D6B013FDDE04FFF0FE0292
:10DB10000402111BF91A101B08EEFC1D1AF816F26C
:10DB200026F511EE402C32F7FF1C1B1DA40DFBF156
:10DB300004F3160BFBEEED130E040405F90F11149C
:10DB4000FBF81312010FD2B0FAF43316F328E3EC0A
:10DB5000180919F32721FD05110301FE201B0902F5
:10DB6000F1FAEA0A19EBF7120207030AE4F31EFEC0
:10DB70000ED6E2EFD7EF250F06092F00EF1A311F5F
:10DB8000E40215FB0C1506FB260F0BFBF9FF0E0C30
:10DB9000F6143619F23BF8F60E0FF628FCEFD6E82D
:10DBA000F9F5F4020F06FCF9E90D0CF40415120264
:10DBB0001B0F07F8EAF6E00102DEAED50C04EFE930
:10DBC0000E0CD3B2041A05F6D60506F5040EFFFDB9
:10DBD0000B15090B01EDFB03140BFCF6F81305FA0A
:10DBE0000E13DDFEE8D6FFEEE8D9D9F406251504BC
:10DBF00005EFECF0E2DDEC1710231B0E11E1F31B37
:10DC00002D160E030FFDF6D30EED23FA0D060E2290
:10DC1000B0E7210EFEEC0113FB0AEB15DC09F11253
:10DC200017FF0E2CEA06160BFC0B372D3D37DA0BCF
:10DC300010241F19FAE0F9EDEB03FD070013F6FBC2
:10DC4000F005FA23F003050512FFED11101500266B
:10DC500005F7E3F0D313F2EDF2160722E5FB130A02
:10DC600012F50BEF010FF801F713FA1F0EE504F898
:10DC7000091D1A0DED0F0CF106062218010F0216F0
:10DC8000050905180DFFE4F10203FC1AE41A0F0858
:10DC9000F609F801F5EDE12E1B1A141B06C7C10A9F
:10DCA0002216FB1215FCFFEC1C0B0DE201FF07FA1C
:10DCB000320A16FCE617100C1DFFFA1E1112FB05A6
:10DCC0000204001EB6BE06DAFB14050A3726F00869
:10DCD000F000F2F9D106DF21F507D900E9FB0012C7
:10DCE0000A0C11F9F802FEF44920FFDF0B540B195E
:10DCF00017151FB0F806111A07F8FFF8F204DF0233
:10DD000004F4FD00F6F7090FE3F2E32720F8C53726
:10DD10007F191D0F0C0CF9FC110D04FDF7FE01120B
:10DD2000E6FBDDEF0D07050BDC150E0B110505F706
:10DD3000FB0514FCD3BDC2110EF7F633F903261907
:10DD4000F41AF812EB0D130F0EFB0CFCF20CF40896
:10DD50000EEFE6000D07FDF707291EFE330F250D18
:10DD6000FA0BFB062E3CDEE7FF010B0515F305FA67
:10DD7000F80401EFF303060A05F0F2F3D7EE1B13E4
:10DD8000E6D1D6EC13040714F4EEEA0502300DEFE9
:10DD9000FF00072CFAF304EFEE0F000A0308FBF66E
:10DDA00008F726FE0B1BFC01BDDFE804F00CF91997
:10DDB0002B121D16F2E510FEF1EFFBF9062C0D0BF0
:10DDC0000811F00E05F01A2118EB06161916C2CB31
:10DDD00023FB0BF1FF05EE2FF4F32E0212FCF701EB
:10DDE00003ECFD0805140AE7051AFBFFF9081D16E8
:10DDF000F9EE032237C3F820F3300E124519E5F18E
:10DE0000FC06EDFAF7F7E1FC010103F202FD1DF952
:10DE1000ED05E5F4FF05F71901EAA0BB0B00FD1FB6
:10DE200006030F32E713212DFCF6FB05F601F8057A
:10DE3000EFF70D00FA00D6FBFE080BF8FA0C0D61A7
:10DE4000D9FB0F25DE08F601F92AF5EE0D06F1D40F
:10DE5000DAF6E10E09E7F412EFFFED1413E102FD2B
:10DE6000051210FB0013DEFBC6130012060506D7D1
:10DE7000CF06152315FC0D0506061B1506240D07F8
:10DE8000E8FCF7E9061812200E2DC3B628F711FE9C
:10DE9000E711F8FF02FE2611E60CF402FB02E4068D
:10DEA000FD3426100E011BFE0425070CEB020EF3B9
:10DEB00018F1C90504F71F1A06F1D5FE241610FE45
:10DEC000FA050FFA250D0CE9FFF4F8130C03FEF820
:10DED0001501F912130C0C00AAE1E13CFFF6EE204B
:10DEE000E2F2E60A1301FEFF0B05EBEA0E10F20B5D
:10DEF00010F5071715011723122202FDEF30E0037A
:10DF0000D4DC1C0AF9101FEDFED1EBDF100904FD73
:10DF1000F1051207FD030B050AF000FE050C02E6F1
:10DF2000F40B0CDBE127F5360500031237C9B811F5
:10DF3000FF1124FFEF00FCE2EEE705F3090817FAF2
:10DF400000EFFE12E4E9ED0DD2DC225F0BFBDE04F4
:10DF5000001F041729DEF4160C17FF10FA02E8FC64
:10DF6000F9010902FE050E1D0ED0BFED10FC371F92
:10DF70002EEAF229EB100D091A1ABB051310F4F959
:10DF8000F211F2F9F500EB03F70D0B1C10F5EEF2B0
:10DF9000F405F22BD5D5CD4D43F715030C032C2AF0
:10DFA0001C00F70705041308F0F6FBFDF0F4FE076C
:10DFB00017F8DBFAFC0AFAF5F416F3FA09E60C1C7A
:10DFC00011F00FF619023AF21E0021110BE00CE4D9
:10DFD000E9F414F612FA0A16D3ECFEF5F7FCFF0E7C
:10DFE000D9E449310BE73B13000F19F1D90E12FFA9
:10DFF000F60AF623FD021904E804090A0B060B10C1
:10E00000020BF3FF08FE28300430A3FA1214F5E4E3
:10E01000F8F0EAFC02F60BF00B19300E231DEB2092
:10E02000F00AFAF108E4040D0FFB0EFC2A32042A70
:10E03000F9FE120AFA071326DBEE14F01FF5130996
:10E04000030B1119F8160AE4210D27FC070A1DF924
:10E05000EB11D7ECAB3842E63925072C040A2C0328
:10E060000BFD06F6DFF5F102DF06F00FF1FD010909
:10E07000100C0AFBE6E6FDF1F52352DBF012F3107B
:10E0800003FA2BFDD0FBE2F7F506ECF1D6EC230EFC
:10E09000FE00FE0814050F0AFB000E101008ED30FC
:10E0A0001BF2F6D0290214280CD9FCE8CDECF706B7
:10E0B00012FDEEF0E6F3EA01F8F8F8EBF4F60304EB
:10E0C000EAE9EFF2C4E48F23FD1322EA0E070B37CF
:10E0D0000F2803FAF9F705F502FBF0F9E2F2FCFF6D
:10E0E0000B041C1D12150D09ED09E70D1B0AE6FDB9
:10E0F000091933FF2A0E2CE61AFA1919132803EB13
:10E10000F412EA0D0C14011A0B08F002140DF60AB1
:10E11000DBCD371FCE1FFAF1F0E81D2A0811D9E236
:10E120000903FEECE5EF1309CE05FAF109FB08023D
:10E1300005160F1BFF04CA1DE51F3011FD17F8D986
:10E140001F10ECF9F907091B0C0F130C13F40F0E39
:10E150000910FBECF7FF08FDFB031D1E131894B21A
:10E16000FEC7AF030CF2F405E334AE0810E02B9ABF
:10E170009EA1D71FAF20FA2A1DA4EF96E31DB9E197
:10E18000BAE78E1C9FA2A7B4F74D2E9F16DFBCCA1C
:10E19000D0AF43F82FFFC0CBF2240AA19DE8E6E6FA
:10E1A00005EA25F79D12DAF7ACE2F72AE101F2045D
:10E1B000246790CBF713E828E8F0BF0BD5B8F4D26A
:10E1C000B015ABAEB88D90DBA69BCFA23BBADF09F2
:10E1D000F27FEAE4E1D83CC253C4BBD3F5ED015968
:10E1E0002DE00BE1962C1FAE9A04E81E06AD93EBD2
:10E1F00093DE96B8972D976DC44641BFF39F300CC0
:10E200005F2CC9ADB9990427DC30F4D69897D5AC0A
:10E210009ED1A19BD28DF7ECC4E6FAB9D6FEA8C870
:10E22000B9CC0019BA2B1403F0B1E4339FD2202EDD
:10E2300026E92CFB9F1629D6DEB42BE3BAAABAB086
:10E24000973AA70294912F13B4FAE4B900F4DD5A77
:10E2500004FE103D9BE9DBBDD100EEAE15FDB1AF74
:10E26000B1AEE38DA007FAE304159B0C2E5B00C44E
:10E2700000CA9DE92CF1A921A40917FEAEF9DCB76B
:10E28000D5D6FD2964F7A20DBE03A8EE2BC89CCB02
:10E290001D2ECA1B192891F2F71295021511E15390
:10E2A000BC25DE13CBFAB91709C1258D8D95BA1996
:10E2B0001AEA8FE42B04321BA4A9F131F5DBEEC07E
:10E2C000B5D1F4B6322EA4B10317A50603072D96D7
:10E2D000FAA1D1AEA9A7E46D8EC9CBEAD1295C0819
:10E2E000E2B1DB9C08BD1113EBBA0025C0EAF0EBEC
:10E2F000E428C00D0BD12ED7A702ED8E8C20FBA3F6
:10E300009BE697F8ABC90570D31792D6E8E7AA97B2
:10E31000CBDEE23E30FEC4FE1690FABDA01DD42F27
:10E32000C1E92E1F979E2FEDF6D8BC16CB7BA8D83F
:10E33000139F271724262F1EF38DFCE11C9B94BCF2
:10E340009B2BF6EECCB5D0BD44A1D9ECAEBF6A1A7A
:10E350002ACFBC1538B8E7309E0BAEBEF12EB8C43C
:10E360000AF6A1C2B3CD0314C1B6FEE0D600031F66
:10E37000AB29D64E79E42A0421FF266C0FF8ABAE08
:10E380007DE01EC313BEE5F6F719ACF6B2DFCFEFA2
:10E39000F5A434B092D3AED2D417E5A1F9B1D1042B
:10E3A000033CC6FBA0C6BE3D90E51AF200F3AE30BA
:10E3B0002C04C5ACF60FC118F91C05B02C18C2F11D
:10E3C00020D207E036B63442B3322BF40BE309BC5B
:10E3D000052EFDEE163BF5F2BBA8C692E89FE2CAF9
:10E3E00011E4B7B90D18B3FCC3D838BBEDBBB4DC2E
:10E3F000CE10EEFAB599EBA3D1CACD1A0F14E0FEF8
:10E40000B0AF058BFAC2DBBCF42A04C999E2EFF77E
:10E41000D82C96BDEE1DF34823FFE98FC2E2C58AD2
:10E420008ECD9C2BA0301714FE14CFD10AFB2E1DCD
:10E43000912003BD1EF9C135EB0041FEFEFB16160F
:10E44000C3C806F2D6947A9FBBDAA32F28DE98CEF3
:10E45000F300E4EA8E2DF8A3BAB2D110CABF0F2799
:10E4600093BF2AC89A94ABBCDCD23694DE94A6162D
:10E47000FC188EEDF00BF1C93010F8DD67DB5F0C96
:10E480004F13FCE06CD5C1A4E119EBD99FF0BB0799
:10E49000CDE40B0DC209A6BD1029A7BAFB8EDE4A3A
:10E4A00038A4F1E8AB98172A45A41D0013A30A0F5E
:10E4B000E60E26F6280F24FC978F26DC15E8BCA66E
:10E4C000AF2C9AE6E3AFAC27B415282CCDE9900425
:10E4D0009AC4FCD30E981D90E318F5D8F019F8E50E
:10E4E00020E02BCFE4ABF4079FD8070E19EB06B062
:10E4F0009BB0B8CA90B6FC095226A406A9E4CC5D2C
:10E50000EA242D251621E21CCF02C2BB2D32A0B277
:10E51000DDB09CA64635F3B6DAFDC358CD160F1B09
:10E52000D0E7AE15181A2908730BF532D1B50AE0F9
:10E53000ABEDDEB7E81BDB8EB8EF2733A19AA8D28C
:10E54000E5BA09169F25D5E20FA298C82C520C1CDB
:10E55000E6A927E6DCE79D23BBE1CCF18DAC149C5A
:10E560008E8F02F4B6323AD5F15B01CB1B10253405
:10E57000D6E703E5B5E720D013AEC299AC4BAB1E8E
:10E58000079F3C951BB68CDD129DB725E3BCEA9A2C
:10E59000DB93BA2AA99DE400EBEBB222A5F520B3E8
:10E5A000F5F3DFB8E1B391F6CFB405BC919DE2E09D
:10E5B000952C00E3D69C4846B8AEC38F30A7ACFC80
:10E5C000CFA6DDDFC1C39B2BE3E612A719A09B9664
:10E5D0001AB0CB04F921C0F89CE70AEDDC1E9400C8
:10E5E00045E010D4FFC28FDEB21F8D21C7E4067252
:10E5F000AD1E0DEC92268E034DC1BB01FFCB281939
:10E60000E34EBFA7B1A3F9109326BE023CCFDE9E16
:10E610001BA0BE0325F91C9E2ADF24A6D8CBE3F558
:10E62000F0140A06141FDF070BE2060CF9000CF2C7
:10E630000C33060302F8FF09F1FB0727FDF9020A74
:10E640000C0D19F0DCD3FCF10306FE03320AD917D6
:10E65000011DF7FCF20BF4F0FD06F6FCF70204FED8
:10E660000101F8F8050D0314F20DCB181CC8EFFFDB
:10E670000A19F530FFDD0A0D0705FF020604FD0447
:10E6800002040CFF04080BFBF5D1F4F51018FF1081
:10E69000E5D23EFD00EA01F7170B0803FD0B0B0660
:10E6A000FCFC0204E6F2FAF9F4000900040605FD98
:10E6B000FBF60B0311D61FF807151DFC0808DD0635
:10E6C00012200107F811F704F506F4F5F40B060B18
:10E6D00019FD12FFFBF9FDE50E091E0411EE0F16E0
:10E6E000F7F6F601F110F4F7091B05F7F106040837
:10E6F00005F3050F0F0113FD060103F400FDF70EEE
:10E70000F7D0040209031012EBFFE6C9F11619FF56
:10E71000FB160A1BF7FF0707ED240A0E060211FB82
:10E72000F5FA110C090A051BFDF1D7FE13FEFEFADE
:10E7300017F2131E050BFA0CFFEDFBFAFFF6FD0AAC
:10E74000FBF40316F90B10FEFEF80302F0F30F05BD
:10E75000E616FC10F00B22EDD51BF1F606F30B17B5
:10E76000FC07041401090B0F0D06040F0406FEFF3D
:10E77000F3FB06E5C7F1130109FE03FE2034ED02A9
:10E78000FD0C0AFFF50909FE0414F3FCFD0DFF0B57
:10E7900008030404FD04F7190CD0D4D8F308070BC0
:10E7A000000A0406020409FC10F504FC030606F73F
:10E7B000F10A0FFEFE02F409050110FAF00404EC60
:10E7C00011010EF60904FD001713D9FBE80301F748
:10E7D0000112040BF5EFF9F9FEF31007FF03F80E31
:10E7E000060705FDF41ACA17FCFC0B0D1DFD0701F9
:10E7F000D816FB12F4FF09FF03FCF113FFE813E93D
:10E80000EF05FAEB220107FD030DD6E9CDE8E90596
:10E8100010FD01F7EB0D1EF1F406050D03FF0913C2
:10E82000110B1FFC07030103091303F3FCFAFB138D
:10E830000C231108FC04130C03FBE8EEF529040B70
:10E840000104FF01F30204F7F2150D00FF0E22EBA5
:10E850000407080B1302D921CAF80511EF010A18A1
:10E860001514E90ADE17FA1505070A01FC08000766
:10E8700003FFF6F9F309070A0306110BE1F4240379
:10E88000E4F60B1809FBF4FFE5020AFD0707FEFF9B
:10E8900007FC06EA08F1FB0FFB090A050803F8F577
:10E8A000F0FAFE39BCD71D0618FB00110038350FF1
:10E8B000FF000200FAFB0303F50EFC0EFA0004F859
:10E8C00002FBF9FBFF1002050DFDC1F3F30C030180
:10E8D000FF1CE911272CFA0808F106110513EA01BB
:10E8E0001CEB0101100EFFFAF605010D01F926E3FC
:10E8F00045CB2200FFFF0300E6FD0B0BEC0DFEF8FD
:10E90000F10D01020C06FA1711060F1409FFFFF5AD
:10E9100006F8E203D8F2060627FB34ED0107F4EA15
:10E920001627FA090611FFEF070603090F17020B56
:10E930001203F5FB0510FB00F900123CF62BE7165D
:10E94000000FF2F609090E1311FA0AED15F3F2079A
:10E95000FD0107FF0EFF04020FF60902F4F7E9FCC0
:10E96000DF0939BC38090BF7FD0CF2E42014040070
:10E9700018EDF1FCFE05FBFDEA0911FC1EFC03F39A
:10E9800004141B04FB07E107150616F50803090527
:10E9900013F2E3EDFCF8FB04090CF91A07161B0649
:10E9A0000C01E70DF90C0A0E10050B0002DC2FEB31
:10E9B000E507FD07F90A2AD8ED030300080A160245
:10E9C0000204241C15F201030308F90C0C06F4F8E8
:10E9D000FFFC1CF9FEE1FD0E08FEF5FE06F519210F
:10E9E000ED07070D00FE0212FA050DF00501040106
:10E9F000010807FD0400FAF7FF04B02F18F80AF326
:10EA000009FC291CF20AF5060000FD0215F4EBFFD3
:10EA1000FDFFFE000719F9080D03FC060316E204CA
:10EA20000A18F00CEDFA04FDDC101CF0FB0DFB07DE
:10EA3000F606F7FBFDF60505FB08F50D0BE7FAFCFE
:10EA4000FAFAF10AF40426810D07111003FEE8DC3E
:10EA500036FDF70D080708FF140BFAFBF5020B0A49
:10EA600005FA00FD0DFE040C0B052C170B1CF1F034
:10EA700006110704E51BED0D09010407000D080848
:10EA8000EAFC02F20E0B02F501060B140F11FDFF5A
:10EA9000D7FFEBF020DE1500FEF70BF523FCF8F7AF
:10EAA000FBF60005FE0AFA01F5ECF9FFF70AFF0292
:10EAB0000EFF04FCF202DB05DE2F131308EEFEF05E
:10EAC000F3FF00170803000505F2040903080BEA29
:10EAD000050804F8FF020D0F050502163BC5E6F612
:10EAE000F8FC120B39FEF422E22404ED04050A13AB
:10EAF00001E70709FC040501060AFF1E1D1303FEBA
:10EB000000FADDE2CBFB1213F30A0D08E0FC0AEA7F
:10EB10000A10F80E130C05FBFA050C19F6FEFA04A0
:10EB20000DEEEE000E190D06D6FF11D8321700FDBE
:10EB300008FEF71903F5E7080FFF08050218080497
:10EB400003F0FB090508FEF4DCE8251F261449AB99
:10EB5000A4FC1404FDF505061523F4D018F8DF0A0B
:10EB60000104021002FFF3F8F400FB0E010D15EF93
:10EB7000F2040902EDA910F71F0C1A0110E4F5F3D5
:10EB8000FAED1CFA0E0804F5EDF60901FF04000C7D
:10EB9000F7FE131EFFEE060B090DE4100816F4092C
:10EBA000CAFF00FCF7FC1CEEFA09EC13FD00FB08A1
:10EBB0000004051E060BFFE9FFF2FAF2ED2701142F
:10EBC000EEB3FE0E2E030D01E708110104FD251220
:10EBD00023020F0DFDF9020AFC09F40FFD081802CB
:10EBE000FB061311F20C4400E72EC9FEF700F003F8
:10EBF0000312EDD910FFED09F1030DFE0DF9DDF360
:10EC00000CFA11030308EDFE0E26060B25FE67190C
:10EC1000D82DFFF9FC00D2EB21101C07080EF3F9E8
:10EC20000304FEFD00FDF60D0804F7061213FCFDBB
:10EC30000C0EFEE9811A5D060D0AFD110611EBE9C5
:10EC400013E1E2071607010BFEFCF51AEEFF0310B5
:10EC500003FF0CF909FFF70427C5E61307EE0104CB
:10EC600000FBF4EEFA020A14FAEFF0FF07010CFEC3
:10EC70000011FF060BF2FC09FA150A0808EB3ACB63
:10EC8000E61815F6EE020E16F9ED0AF211060C0F53
:10EC90000A0816FA15F113081A0D081702F00E06E5
:10ECA000FDEDFDFB1802ED1612070F0A071C2A20C6
:10ECB000E415FEE4150DFF160711F7F4F6F30CF159
:10ECC0001609F3FDFCFF10190A011222DFC0271BF1
:10ECD000EEFD0518E3FF17D00814FBF10208110F31
:10ECE00005F2FBFF100A06FCFE02120F0EFCFE08E6
:10ECF000C3DC05182D080004040D0F07B9102017F8
:10ED00000C0C0A05FC04F6EAF30CFB030A06E40209
:10ED1000F9060DFCFDF73424E7EB04F60C1611F8A8
:10ED2000F0EE2BFC01E713F91A1200220807FFE4AA
:10ED3000FB0AFF05FB0AFC15110D0308E32A1FFB64
:10ED400010EC12FDE3F50318E81DEDF8E7FDF707F9
:10ED500010070FF50A0903FFEA02141B09EDF80377
:10ED60001303203C00CC13140D0D0602F20742EBF6
:10ED700003FD0C1002F4FC08131320E9FCF6FD0E51
:10ED80000904FEE80C0A1F041804FEF6DE0B00FA64
:10ED90000DF4E31721C600FC0A11FC0A12F6071B4A
:10EDA000F907F9FDFC2B0B0A150B0A191019FDF5D3
:10EDB0009FEC3DF6E608F802060F45F5201910080D
:10EDC000FA0F06FDF8F80F01F4F6060612F2F3F753
:10EDD000F41C0AF6B3FE6E47EC1D0ADF0B02FFFEC1
:10EDE000290D0EEA00F4EDFA070C1002FA0DF900F5
:10EDF000FEFAFF0B090204F118F9FD09CEE9C8314A
:10EE0000F5FEFA1FF50D1912F408F70A02190609A2
:10EE1000FF0A00E8FFFFF700DD0E0700FC0605050E
:10EE2000EFEA34F913000FED0509E6FE0FEB02F0EF
:10EE3000FF08C1E5FFF90FFE0B0E090B09FC16FADE
:10EE4000120DF70A04F904171C1A0BE11FE3FFE97E
:10EE5000020708FA0305020802F907FB06FF190476
:10EE60002B0D0C090BFDE9F3FAFD0803641518E3FB
:10EE7000D408F9F9F6F4FF054902D6FAF20F0B0EA1
:10EE800011FD020D160911F3FE03F7030A08F9FB41
:10EE9000020C2CBC23E6EFF2FCF20D0FE5EB0CE1CB
:10EEA00016F005ECFB0D181118FBFE04F009F80F25
:10EEB0000D02121A201613072EEA952E19060FF8C6
:10EEC0000E16FE08DAE90DFDF3FCF116FB0C04FD4D
:10EED000080402F80208FB0C0CF40B081202E949C2
:10EEE000E81122FFF7F2F1FD1613F4F2EEEFF5F759
:10EEF00005020404FF06F500F6F20B07020AF4DD32
:10EF0000000E0410102B3C9723C8F928FA0600E1E4
:10EF10001420BE23FC0DE60DF6011BEB15FB1D02B4
:10EF2000FC0B1009F517FFF804FDA14FE9F82711B4
:10EF30000DFEE20A06EEF6F03016E60603020518AC
:10EF40000A0C06EC0604040E0E0B1513FF05001840
:10EF5000445CB5F71ED80B08050CF9EC03FD01FC69
:10EF60000A261C160413190E0DF012FE0D0DF6FFE5
:10EF70000602F30008070EE5FD0AF5322605010337
:10EF8000FE1D09FDEF00EF14FE18F0FE0BEE03EF7F
:10EF90000F0BF9F5FB060A0CFDEAFB03C7100EEB9D
:10EFA000F413F109F3F3051817C6D8FAFEF3E3EDED
:10EFB000002A160EEB00F40D0D030BE21E160804DA
:10EFC0000DEDE912C2B213FC0C071717F4D82E0985
:10EFD00033B40914080415F8F00B2609FD021ADAF7
:10EFE000000B03F6330BFF050BF6D1FD16ED0A01FE
:10EFF00018070F030A23EDC2DA1E00FBFC07DFE847
:10F00000121E050602040209FFC820E0E3FA0516F5
:10F010002DF6FFFC120AF70518EAF4F1F0062E03AC
:10F0200023FF100CF6DBF70319FA0FFE060E04158A
:10F03000130C0E05E45E04FE0624202CE0E021F013
:10F0400010F104E902D7E4F3FF0F05CF060AE31736
:10F050000CF3FCF80C19EFF1FB0DE206B0D31AD853
:10F060000409F9F6370FFC04E1DF2639100C140E01
:10F07000E4FBD622F3F71AF1F908FCF820DCE5F3FB
:10F080002F2910E80B061221EEEA012B0909F6ECF4
:10F09000FAFE0EC7F1FBF100F9E9D9E80814E9F42A
:10F0A000212F26FDEEFFBCE104340D1917F3F9FD05
:10F0B0001521F0E1ED0F30C809F803F801FDF9263C
:10F0C0000E0BF6F41505110F01070AF9E0E9BDCFA3
:10F0D00009E40311FFF0C234291324E0F0F5F0F243
:10F0E00002FFFF17E8020507FE07EF0300EE03FB30
:10F0F000F80717240ACE07021BFB041B1BE3FAECDC
:10F100001D05241F2BED0103E30C0808110A0FDC79
:10F11000E40709181A0D0CCB16F2EBEE09030CF6F6
:10F1200007FAFF58D6C5F9233C09FEE70109F31396
:10F13000F6040603EE08F803263B09F50ED6F5EAB9
:10F140000CECF41104F1F11EC8E5EF05151C012CBF
:10F150000E08F605EB150C16020511FE040C19112C
:10F16000FF08FF02D0D4E21A0516000508120709AD
:10F1700011F2EB062BFBF2EEEF03031019D7DE05BD
:10F18000E9E80BF70C17090A0F0A19F0BAE3C913DB
:10F19000FCF9EDFC080B03C0FCF4E002C405F80523
:10F1A00013F6EC13FAFC15DA0709FC1201F7031544
:10F1B000241D1B161917080E0FE2FC06F01027DCA1
:10F1C0001A0FF901F701F4B0CAFEBFE804DE080324
:10F1D000120E0F1FFEF081F4E516F8FF141617FA51
:10F1E00014F126FCDCDE0DF9EFF50F0EFF131816F7
:10F1F000FBF71118120FF6F509EFFB0A00D3F51B08
:10F20000F9EED706F7FBFAF2041814D5FED2F7028E
:10F2100008201AED07DD1F1A0A00100206FFFBF096
:10F220001208E3E5F90CF8140A07F90215E71AF7D2
:10F2300001DF1AF31305FBFC1BECFEFA0102FCE7ED
:10F2400007F81F170502FC0DC21ECDE1D9EDEA0338
:10F25000F8180BF9FAFADDE006D9D00805090C0711
:10F260002A1C07071FEAF7FF0CFAEBCFFD1315E77F
:10F27000EFC40CE01906F803EEF91708EEF4200FBE
:10F2800026060508ED0DEF0E0EF405E4F905081A43
:10F290000AF4E21A221BC0D80826121AFDEB2B1C16
:10F2A000020FE2F50B10FCF612F321ECFC1C12101D
:10F2B00012DDDB0B2129E3E2EF15FDEB0818021844
:10F2C000FCF7FB020835F103F4E0FE18E0F5FFFC63
:10F2D0001BFEDCE5010A01DBECFA0E0C0F05ECD796
:10F2E0003315F3DFFDD9E42EFE0B0EEE0607F30413
:10F2F00016131B140D02F8ECF40C1210EEE4F909CD
:10F30000081AEDF8F50729D0D815D5FF0E34FFD827
:10F31000C9F80B1D19FC3DE8F7F8E4F8D4FF30F606
:10F320001F1AFFFD08130409F8FE0FF4C6F0F837A2
:10F33000FF03E0D910E9F6301604F3F14AEFFAFFC3
:10F3400019F4004906FDFD22F60E2004F6FBFCF53B
:10F350000F0B93FE0605050EE8E1FDFE1116DFF624
:10F36000F9E11B29F008200A10090C091A13F813F7
:10F370000117110F150BF3FC200213E40BFCFF0C1B
:10F38000FA2D26F8D7DB170945210FEE150F0106D8
:10F3900010FB050409FA0B0C120400170CDD1BCA44
:10F3A0000400ECB520FCF3F610ED0AE909F0EDE9F4
:10F3B000130AF61AE416141716FBF5E600050EFC00
:10F3C000EEF80FFBD2F2F303EA13F604F504080299
:10F3D000FB09D7EF27FE21F7152626DD02E2110FE4
:10F3E000F203FA052219121401F64DC801081AF0A9
:10F3F0000A37D9F90C1139F1F6DF3F1901F8FA1380
:10F40000EAFD24C6F0070EF8EF0C0F001F0F05E110
:10F41000FFEC3324E813D90CEFFBFDD604F003C353
:10F4200021ED061DFD171FF403D8101918F3180459
:10F43000080F0BE803FE4EF21AF40F20D40DF3046C
:10F440002033D4D91CE3181EF6FAF32107C3E7D5FD
:10F45000FD070CEEFB10190001EE00114D22F2EE3B
:10F4600002FFE918EF06281E07EB2FBCF8C7DA15D4
:10F4700014EFDE000410FC00F70CFF00F40801019B
:10F48000E9FEF72C0ED2E117F403F90C0618E9F4A3
:10F4900008FCF5060218F40EFCF2020B0BFE150E2A
:10F4A0001501FD11F10708F639141EEFBA640DFDC0
:10F4B00002F90B810E02FF2501F2FDFB1014FB1572
:10F4C000060F0A0A03041111E4E1221214EDCCD054
:10F4D0000626FA080519FB01F40001DC0B114101B5
:10F4E0000EF8DE1303F715E7070C020B1D060A1BC7
:10F4F0000FF6141F13DD08EC0009E3F7081223DBF5
:10F50000E206FDFB0DE7E3FBF2FBF530F80FE1044B
:10F510000008FCF7FCF4DAEF0213E60EE1C7BD26A3
:10F520000C01F4F9F6F40EF1E4001437040E0A119C
:10F53000FD1D1A14010912F92208020D1301F8F138
:10F54000E90F07D9F904F7DDF306F9DA19F304EB4B
:10F55000FDEC063808140C10F806D1F70CFE010F6C
:10F56000F7F6EBEEE6F5FE0804FE0312F421F3F5E0
:10F570000509FDEF0E1726E4E8F71F020B16F2FE51
:10F580000BFCF3EE1007F2F3F11112100F1805BA8D
:10F59000E728F40A051602FB0DFD0113F619E90030
:10F5A0001412F9EB0BF5FCFA08FD07000908080B2B
:10F5B000F5EC1618FCFDD217010AEC00FBF2D8DEC0
:10F5C000101106FF1B04ED100AF0FF1F03F9141CB5
:10F5D0000203100FF10CFF184526F0FD20F6FF0C7A
:10F5E000EBF60803E92B34291A0DDBF30E2A0CFE87
:10F5F000F9011008F90CFF1510EBFB0101EDC11723
:10F60000EAED2611F9FCF7F51D2406FD0D0204FBB9
:10F61000020DFE1018C306F409F5FB14F1F4FB0902
:10F62000111611112CEAFDF3FD100909E5EE170979
:10F63000EDFD1124F901FE08401125F9FF0507EF42
:10F64000D80A030008F8EEFF0B17C115AEF5FEFF50
:10F65000D7FE19070EEF1C05F5F1FDF8EF0D120AA4
:10F66000FBFE1405FBF3FE1504F0FEFD06010E0A79
:10F67000FEEE10F5F005070E060E0CD9DBD7E20BF7
:10F6800012FF12FE230D2612FAFDF400FF14F3E020
:10F69000F909F30AF9F44C120DDBFD3018EAFF0307
:10F6A000E413FF1708C01BE50416080202F7E10D7A
:10F6B00012E1FB190CFEF2210210030B13DC0E2ADF
:10F6C0000FE30A120619011EF61405DF1EEB0CEDFE
:10F6D0000CEE120E04D8F5EEF5EDE610FBFAF50689
:10F6E00012192CDA140BE5F9F5F711F2F8E01B0A00
:10F6F000E8092506D8F3051EF71E03FA122100FFBC
:10F7000013230BFCF5FE09EABA28E2E2FF19FB0815
:10F710000AFF06ED24C9EA10FC291A0EF8EB000FC7
:10F72000040EF8FF08090AE70F1709150C2EE11659
:10F730003AD6E6F20BFD0CF2F9FDF5EDF30A27FEE1
:10F740000DFE0C050F13F9010504110105140FF24C
:10F75000FFF100FF33F8C215DE23ADF6010CF4C74C
:10F760001CE9F124F223F0190811FC12140DF8150C
:10F77000F71B0BF613F0E8E10EF654FE0C0AEF1639
:10F78000010D0E0B00F216FA0406070EEE0CFAFD40
:10F79000E90D31FCEB260317FF1AFDDAD10909F157
:10F7A000F310F5ED24F0F2050FFB00FFBB06EE1D94
:10F7B00000349F0EFAFFFC01130EE519000DDFF077
:10F7C0000BEBF20D13F71FD52627F9E2F2FC05101B
:10F7D00010F70519EB101AFA07FA1A2630FF1EE681
:10F7E000122616EDEA07F8EEF707FCD6250D0CF306
:10F7F00032FCFD0A1D12FD0DDC0D00FB1A2C121B44
:10F80000F901041A21DB010FF5FFF413090116F8C1
:10F81000FFFBDF42102121FB0AF00FF8F5E8EE08AC
:10F820001F090FE9E6FA0411FAF9FEF00C06F905D2
:10F8300000FE0804041E2321F509ED21CF07F9017C
:10F84000F4EF06021AE5171A2D12ECEFEE260D035F
:10F85000F303FE030D000D01FD0FFA141708E5E692
:10F8600013280AF819150E03F6DF221500E819F718
:10F870001D0A0711151902FBFBEB14F50A12F5E935
:10F88000F0F5F5F2FCF6A3D8252102FBED0713F7FE
:10F89000F913E8FDFC0BE7080FE216E409DE0D1B87
:10F8A0000306EEF607F1080DFEFF8BFCFE09DFF301
:10F8B000F52107EAD8E917B7FC042F0DFBE5FB0497
:10F8C0002C1BECF709F802ECFCF400ECE8F6F1DC98
:10F8D0004DE4082C1729D9F81107114401FBED025A
:10F8E0001041FA24FB01280BF1C4EF0DF60B0404C0
:10F8F00008FB00081BF362FCE61B07030B010BFE71
:10F90000F8F413FEE8EBF503F63905FC08172AE9CD
:10F9100007F819FB030200FBFAE90A2BF418F72693
:10F920000D0808152417002DFBE8E115FDEBF70085
:10F93000FCDD06F40EF3FCF906FAFE07F2FD11F900
:10F94000020E23FB39F00202FD04131FE606E4E178
:10F95000FF12EFEDE81A1012F206F3071202F20599
:10F9600011FFF8D9E905130615EE0CD60AE802F9DD
:10F97000000EF8F33402E309FEE5FFFE0D0AF3FB87
:10F9800009011B0607131D092BE8E8FA150CE2D242
:10F9900001F6EAFF0CF0F0130AFD1102FF0CFF0B59
:10F9A0000BF8E908FBFA06F8050E0C03150202FD38
:10F9B000050003090808F02F09EFF3F10C0CD0271C
:10F9C000EBFBFA15F515FCFFE601040A01ED19063B
:10F9D0000C1811000504F811FE0467F2CE081EFD94
:10F9E000EDF8F80FF1E0351C1510D6E3E80BFA0737
:10F9F0000C050D091016FDFB1B0FFF03E8080D1881
:10FA00001E07F6EA0A0303E6061BF20C0CE51411C6
:10FA10000BE908FDE8FF05F1E7040E0E0B0620F9DF
:10FA2000EFDEE80CFD0503D303100104F218051FF7
:10FA3000FEF416F5FB03DC1CF7E2F20208F9FEEA1D
:10FA400008001519F5FBF2FF09FCFF0302F9EEE1CE
:10FA5000F80CF7E6F3EE13EADB13E0001B07F414EF
:10FA600009F80AFFF8FFF90E0709050B0BF7E60680
:10FA7000FC1C02EF2EF0F910F7FC0307F7FC32F53F
:10FA80000D18F3F6E7E30B0802F6E8030C12FC246A
:10FA900015030FFD05F2F7F10C070E1D0703FA170A
:10FAA000081808C4260609E7F9F7F1DDF90F01E2A5
:10FAB000FBFC10130BFA0FFD0EF502FEE8EF05FD3F
:10FAC000181B0AFBE70006EE1FFB15E424FD081EC9
:10FAD000F72213FF00EB0B030AFBFAFF050F0201ED
:10FAE00002080DF7FDEC3817FCFEFD061715F6E8C9
:10FAF000110CED19D807F9F70A04E0F3E9090DEF45
:10FB0000FA18FCEEF9F80F1202F909FEFF1925F8B0
:10FB1000F4F126E7EF020EF1FF0405F6FC14F905F7
:10FB2000FC0302FEFF010C08F60DF3F517071008A1
:10FB3000040ED8FA05FF0E040002FCE68129EC143D
:10FB4000E506FCF3E9F7FB1CF40D1819080F0EEBA2
:10FB5000F1FC111011F8D0012DDBDC3CF007022E76
:10FB6000F81209FDFB1FF419F11C25F4FD08F00043
:10FB700004F6F5FAFA19FDEBFFFB0519F1F5FCFCAB
:10FB8000E4FB19FD0CFCEF07D8001B1E050F06F067
:10FB9000040501020E15FE090A1414110D070F09C0
:10FBA000FAF422FBFD3B071F0EE9F709F3AB4427EC
:10FBB000F30AFB0E16EB0811FB070AFF130BFB06FB
:10FBC000061703030002F31A31F90ADF08FE13EBEC
:10FBD0000104F5FB3D091BFDFE0C101A0A07100C71
:10FBE00002EF020DFBF0FE07F8F70E2318064AFF9E
:10FBF000D410030CF301FE05FBD60C171808E0F037
:10FC0000F804F901FCFA030A06120B150AFFE4F3E3
:10FC10000D130DF60205060D10C805D700F8F917EB
:10FC2000D70104F211EDF8FCFB020FF3F9D8FA0D3D
:10FC30000515F90207E4000602FCF7E7C81DFD0BF5
:10FC4000F901EEF207D4F2150A0B02FD08070DF9CF
:10FC50000304F7050006081A1717FFFD01F801F263
:10FC60002903F914F1080BF803FBF5D2EE0816EDA1
:10FC7000FEE5FE04E5FB14FF0604F8FD0B0A02F79F
:10FC8000F813FB0FF0F1E9F50E0BE5EE0CFCEF01BC
:10FC9000F5F9F011FEF9E30E050FFAFD1F0D080E40
:10FCA00000FFFD0C02EB040E0C0A040DE7FAFAF853
:10FCB000F9FFED36EDEC1BF1F1FA0FF500122B2EEA
:10FCC000DA1A15F0120EF6F80704E01C0502EF0927
:10FCD000050FFD09131507F4F51C0306151148F669
:10FCE00029EE1BFDFCF40203110011F8F0010AFFDC
:10FCF0000608FE0AFDFAFD0200F12DF0EA0509ED05
:10FD0000F422FE0343FA080FCDF5FEE20909FBF4E5
:10FD100002F40A06FA0A00FB0F0A08F2FE22FAFDB4
:10FD2000F8F405C2DFE903F7D102EA25F5060E0271
:10FD3000F4FD07090BFFE603021D0CFF1E15090A5F
:10FD4000292200FE0915F3100AFEFC0634F006E233
:10FD5000DE290A0500F8F5FEEC00FE07F4EFEC01E1
:10FD600010F202050005150E020238E90EF9210114
:10FD7000120E08160FBA0F0BFC2EEFFEFFEBF9FA6E
:10FD80000C0BD20B010EF3140AF9F100FA04FC0D6E
:10FD90000808E006F7F521ECF30302FE17F4FE373E
:10FDA000F01407EFF7020400FE160F080E0B041202
:10FDB000FF0110080B0E21ED0E1E0FF9FB2BF30FA8
:10FDC0000CEE120AEE20F8D9FFC801E3EE1103F29F
:10FDD000F010F9F105F903051102F5F8C7DEFA375D
:10FDE000F2FFF0FEEC000F01050C1016FCFBF1F128
:10FDF0000E11F7FC0E120E00F806FBFCFCFD000DC8
:10FE00000202E6FC13E60F0605F9FB0C190DFBD602
:10FE1000F70B05FD15F4F50A03FDFE0100F8FF0CD4
:10FE20000902FBFF04080B070A1404C9071900FAAA
:10FE3000FF0D10FF1EFEF70906010E05ED06040179
:10FE4000FE0006FD010803FFFAFAF9FBFF03EFF9D4
:10FE500032FED3FD0315F70C0E01FF0505020D0060
:10FE6000F9030F040D1402080B0108FA0607050533
:10FE7000F9F9010BDE1A0D08F1FC0217F70C070661
:10FE8000F318F504F51019070EF8F706000402FB45
:10FE90000701F4FBE906F50201041504061608162D
:10FEA00002F8FD0709060AF5FC0102E60E08FFFF4D
:10FEB000000B08F800FF070F0704FBF403F6FFF43C
:10FEC000F5ED04F901FF00050707FD0DEF15120C14
:10FED00006FF08DFF8FEFF080CFD02F703FFFF0630
:10FEE000F9F5FF0C11010BE7E8211B130210F709CC
:10FEF000FD12EF0803EB090712FC0308FA100208D1
:10FF0000070407F7FAFE040FFBFC08022803810D23
:10FF1000FB05FE0E05FA0C0C0704F4FF01F9211194
:10FF2000FA00FB0308FB07EA05FAFCFFFDFB0104EE
:10FF30000804D7FF24EB020303FD000B260FF11189
:10FF40000B131304FC050302110D0CF10B04000349
:10FF5000FC0400FB0B06FB01DCCDEB2A0D0502FBCC
:10FF600000110913DE04F8FBFA060CF4FAFE05038F
:10FF7000F10301F9F5FB060001FF0D00030DECE0B4
:10FF80001A0EF90AF0F3F006FA15F605F2F8F01970
:10FF9000F5060A06030801FFEFECFF04FFF0F50089
:10FFA00006F90206F306E10609FF0600F201F9F779
:10FFB000DF021019010706F8F3040A00040800071D
:10FFC0000402FD0800F9FAFD040BDDFE371221EAF8
:10FFD000F5FA19EF02F2F5FF0900FD150AF9FC0820
:10FFE0000A0F01050100FB0705F6FF0203FEFF00F3
:10FFF000FC2AEE04F803FE09FAF7E6EAF803060223
:020000041001E9
:100000000C08FF0AF5EC032807F5F607FD0706F9CB
:10001000F8F8EC000D0EF604F0DC140A0804FCFEFF
:100020000016FAFEEB25F6081BF0F90A00010E1285
:10003000030905F60206F3F9FB050600152805037A
:10004000F410050F1E06F9FFF1F9F600FB0D0A1674
:10005000FD09F50901070308090807FEFB02FAE993
:1000600001FD1ADECA11ED1BE701FF10FDFB0604BE
:10007000EE0709F11D050001F504FFFAFFFFFC0280
:10008000FB06FFF1FAF9E702D30EEEEC19F4F7FAEA
:10009000FA16191EFD1400FD060E02FD0809FB07E5
:1000A0000DFEFB0003EE11FF0B0E1402FAF10AE342
:1000B0001416FB0507FB0A09021AEAEAF90CF3F920
:1000C0000D04FB05FE03FD10FEFF05F90A0EFE02FE
:1000D000070C04F9E91914D9020F1C0B01020DF3E6
:1000E0000516F90CFC0309030B00F70606F6FEF7EC
:1000F0000103FB00FF0A0E0BF50702399719FA00FE
:10010000F41A0AFB090906051BF916F60BEC04069E
:10011000040205F110FB01F907FFFEFB0CFD0304CF
:10012000042618E3D5F1F71CFD0302EBE8090BF6F2
:100130000FF0330C040BF200EFFD080405F5F8FA9C
:1001400008FE100CF7011A2FF5EBEF03091A08FA55
:10015000F7FDEDFE0806FB05FD01F0EDFB0EF600D8
:10016000F905010AF9FCFCF4FCFEF6FC10FAD90CC6
:10017000ED09FDF1F80A0411F907FB04F5F6F9F8A9
:1001800007FF0009FF0B03FFFFFFFFFDF906FDFB63
:10019000F8FDBFDE1ACC0319F805F90B0D14031F87
:1001A000EE0C011B04EDFEFFFB100A0A0101060123
:1001B000050DFF1013110607E0F933E302FE0C0BE7
:1001C000F806180703090205130407FE06FB0E02D2
:1001D000FD0C0C09FCF80305FDFA06FE010B1A35AF
:1001E000F4FAF9FA140616FEFDFB070E091AF9FFD8
:1001F0000C0803FFFB00F6F2F0FC090EFFFB01FF09
:10020000FAF3F202F3FFFA1DE922F1F50CFE0508FC
:1002100007FAF20A090B0F05FE06FD0905050A0D8E
:10022000F50AFDF90E03040B08FC1B0CD10417FBA7
:10023000091921F0F7E403EBFFFE0AEB0700F6FED5
:10024000EDFE060003000110FC0708010D070AFE81
:10025000FB06D9FDF500FD09F2EC001111F305FCD8
:10026000FDF514010F0BF900F503F2FDF305FDFF99
:10027000FFFFFB0404F3F41BEC24ECF5142800F35B
:100280000600F0FEFEFE00DD00190906F70F010A68
:1002900006FB0310F6FDF9FFFEF9FAFFE1FF051D6D
:1002A000F915F0E8CAE3FF0427E0EF1D050A140181
:1002B00008ECF300150BEA0A030BFF1BFD0A000C08
:1002C000080C08388DA8E81504060205EE15DD0FA8
:1002D0000238F3FD23F7EAD90B010504F0EB0C1803
:1002E0000D010D06FAF8F60B3105FDCFCAF3100823
:1002F0002012F2DBDCED36FBFEF30200FEE00C0424
:10030000FAFB01FF050FEAE9CF0A03F0F3EDD7FB93
:100310004E05D7FCF424270008FDF2C50405EF0DB7
:1003200003100123B90F31040E07010102FDF7FF8D
:10033000F6EAF8150CE822180B0D061CEB1C020D52
:10034000FAE2DD20FF1301F60D020511D80D02FFC0
:1003500013FCF605F60110DD1700F910B2B3150213
:1003600011F30A12FAF1CBF6F312F0CF090102FFF2
:100370001A0528E707FF0F1BFEF9F0D0CDDDF6F8D0
:10038000EFDE0AF71115061BEB0F07D8093F410BEB
:100390000E0DFD0A020014190347EBEDFC0EFB07DE
:1003A000FF0B13F8FC0218D5DF12E81B10230C1DFD
:1003B00029ED0FD2F1F6FD12030A0311F20CFC0B2A
:1003C000FC10FAF6F7F70006FAFDF8F91A2AA2CDA2
:1003D00004000F1101111FCA0E19A9F2FFFC251903
:1003E00000F6DFFC1BDE08070E140E10FFEE030004
:1003F00007FE002CC215CDF7F91D1207F801AEE873
:100400000009FBFAFF08FFEC131611FFF7EFFB1EC4
:100410000E06E0E3FAF0FA27E8D7811501080A2171
:1004200002151ADEED0FF9E5D50E15FD02050416CD
:10043000FF15F10101FDF8FCF9EC0DF6F81A0912AF
:10044000DED92C19FE15FAF8F214F7FFE115E6EFE4
:100450000A06203010FEE5FC02FFEAF3040D030358
:100460001AFE071807D99B0A04121C1AF9270CF761
:1004700002EAEBC803160C000EF51A2D16FAF70265
:10048000040AF8F3E3FEFFF90CECDB0AB0DFF2FD3F
:10049000FDEF07E7FB23DABBE71AF60B28DD03F7CE
:1004A0000EE4F1E307FAFDE7020509FB0DE8EDF7BD
:1004B0002F3B18061509140C000AFAFE0DF23D0F29
:1004C0000A1C0705050FFA4333FCEBE8E402F1FFD1
:1004D000F22014EB030908FBEA16E7120007F70AFB
:1004E0000B37F80AE3FA18201AFA12F4F800091781
:1004F0000EF303E705EA020A0E0702F10ADB072CF6
:10050000EC0D0122F3F934F71EE1EF1AE616FD0FA8
:100510001D09E8FBE8F705F9FA0BEA05F20CF7FE0E
:10052000FDF0108327D8F0DEE6EF01200BDEFAFAAB
:10053000F2EE01F229F80800EC1CFB26FEFC022575
:10054000F6F6ECDEE1081CEDE448BDB90007E8EB87
:10055000FA0DEEEAE1E3FA1500F415D61009C6E942
:10056000F4EF000B1AFFF40E01091F05F2E81FCE8D
:1005700012DC0AFC0BFF1C03F2DBB90F10FCD2EFFC
:1005800002F7FC101F0FEA1B060C030C0AF412ED15
:10059000EEF00B30F4F8093715EDFFF1060F0CFC07
:1005A000000BBD04FCEDFBFE0B17F51D06EAFAF788
:1005B000EF0107FB050B0E0C0A02C72A8E1B1D015B
:1005C0001E2C020A2AF91BEADDF50DCF04E5F30023
:1005D000091E2CF116F605FC04FAFB00F0FE1623AA
:1005E000FB111FD11FF313EB03F610F0B202E0135F
:1005F00020E803D40C1BF103FEE6EFF9F1FAF7F063
:1006000009EB150530101DFB0319E5FDFBFCFF0D83
:100610001DFB12250818C525F2F6EC1F001E190057
:100620000010BF030F1D040CF8FB18FC0BE6E60DD1
:100630000310F2C9DBFF1EF5140DC200D80813F633
:1006400013E50CF112EC1204070E1508F90FF7FA76
:10065000E80AE65C0D00EC0F070E001EFEFDF10A35
:10066000AC1FFB0C360BD71DC2FDE801FD02F2FEEC
:10067000FAF702F005F7FCF4DE10282BF4F204037D
:100680000FFA07DFFAD0FB0F100F1621040BEF064D
:10069000FB0BF602F410F8010A05FC02FF2202131C
:1006A000E832FFFB25EE1327FD04FC050404FB02E2
:1006B000000F08F313DD0C060707F3F903F9F9013E
:1006C000F5E7E1FE0FE5F0FF0C31FEF7ED080C1E3B
:1006D000F9980012F711171C1F0AFA140F040603E9
:1006E00010051A11000411FFFDFDE206E10B10FCDC
:1006F0000C0A36D7FDD52847EECEEAF1F50402F410
:10070000FA160A020DF11AE3FD090A09042A131D5B
:10071000F2FBBC3A1AD1E7FD17190B421702F12878
:10072000F3E302FB1AFAF10805FFEAF1ECEAFFFB3A
:100730000A0AFDED05E30E10A22D09FC03E7FBEE0E
:1007400017F326CA06FEFCD80105FB2D05350E0958
:100750001CFAF81005FDF717F5100C1AE91DF9FA47
:10076000111F04F3D5150E081AFE34E2F707E7004F
:10077000081A09030AE20C111CFD06F210F5F7DB5A
:10078000F7FEEAE21BF211080B1508FFFE06191B23
:10079000F9C916010DFF1527F70316F314FD02041E
:1007A000F003FBEF10FCFA010715C41310FA080C54
:1007B00008FB0F05EC080E070BFE0DFFEF250E05DD
:1007C0000008FA04020BF8FCFFF805E2E402215EDF
:1007D000D6DA45E5F7E321060E0D13F9F9094509C7
:1007E000FC07FDF52BFAE706120315040607EC1FBC
:1007F000182007F50140BEF9080A0CFA0CEA24F3A8
:100800001FE80AF221EF1606060A05C907EEE304FF
:10081000FA0B07090F00F6F006181D1B15CA3AF867
:100820000A0403F71B2CF816DE0026270B1D04F123
:10083000E517E820FEED0A15070FFF172F0200F954
:100840003733F9EB101010EFE5F71E072007ECE245
:100850001BF33609EBFFEDF602D409FD0E13E0F3AE
:100860000701FEF90FF8E71C23E81A071CEBF30E4B
:1008700006FEFCF2FDF12CE1FEEC1001FF0328293D
:1008800005FDF3071A04070F051105E5C8F72FF852
:10089000ED2A121DF4060113020E22F401EFF4F208
:1008A0000504FF0B1514FFF800FD0901000A0C05F3
:1008B000EFF902DDECD011FB041D1A0C1C2CE13900
:1008C000F2FB49150CE7F108132017121706141153
:1008D0001AFE0AFB0B05E3E6E80430CA0010FEEF3F
:1008E000070F0D22E5FF0F273420F4D51500FC1B60
:1008F0001412DC02020E05FF0105F8FB09FED5A566
:100900000F3B030E0D081F0BE5C6F4FE1B07180D69
:1009100006DFE70E010B2C0BF50C12FBFAF61401A7
:100920001613011DDBEF1A20090309FF030F06163A
:10093000E8DAF2C5FEF303F40F0F1A0AF60BF00F14
:100940001618F8EE0BFAF80D061B10EEEE151F0048
:10095000F5E2FD0E13FBF761DEFED22203F9030E72
:10096000F91306210AFB06F70E01070CF30CFBFF37
:1009700033F9C2030604030B0108FE0836F812E33C
:10098000280611031D0017DFBAFFF209FBF8E30484
:10099000FAEEF4310BE6D0EE1BAE08031218EF0AA4
:1009A0001ADE2F1DEDEF0BE1F506F51F0DFF120509
:1009B000F00711090BDC0204F2F1FF1B1B052A22D0
:1009C000CFF8FD02F6F600F7F208F7B51DF5FCEEDC
:1009D000F91A3004FA0CF808FB021D19010808FD89
:1009E000EDFDFE2DA137E1442C0AFC090DE5FF03C6
:1009F0000D18FFF80E4EF40020FF1B0509170F1409
:100A0000020B0AF9DDE1CD14EFD108DB7F000D0008
:100A1000F6F3F6100212E90D0ADA0905F4E9100FEF
:100A20000604051217FA090E17F3E8EE0527011A56
:100A300020051F1D14FDF1FA0F1C15FDFFEC3215EA
:100A40004C0EF6FE000B0BF710FA180500FC19FA15
:100A5000060AEA042F17DBBC431E22FCF908140720
:100A60000B11E93611431E0708EC08DDFA1B080CD0
:100A7000F7F6FB0A060706E7F90E76104AF8CD0CE2
:100A8000F1F3EF190C11F611FC02041FF8FB05F548
:100A900016050710FCFAFFEAF908F6F70901EFFC62
:100AA0000116DA530FCB12F401FDFAF2FB0602191C
:100AB000EE2F2C29F6EFF2E3F3060E12F3F8030EF5
:100AC0001411FE07FEFF1A061D1BF6ED170AF9E5C5
:100AD000EBFFF808123231D901FAFEFF22E303FEE0
:100AE00016131114121E02FC110DF1E8F10D23E78B
:100AF000D900EEEEFAE8F80D1506FA1228EDE31328
:100B0000FBF91A1F12EDFE1B0FFD170701081A0B48
:100B10000004D9C2CFCF00390BF80A0C1D092802F6
:100B200004052114D5DDFDFFFD091820081501037A
:100B30000902100602DE06FF08F901CF22D7F901EB
:100B4000191901160810FE083BFC02EEFA0C0D08FC
:100B5000210A15000505080603FD11FBFAE63EF41F
:100B60001B08E80603EEFBF61713F7F3FBFEFF0185
:100B700016FEEB150521000A1411F8011B0014FFE5
:100B8000F5E7F4D7D4FF4630E71519F4110618F845
:100B90001D14FBF81A0E06D6F7FE12FFE0111A1A02
:100BA000FB0A060718F6EF02F50315082418F8F9F2
:100BB0000AEAC9201B360B08F1ED1B0B26FDFBF5DD
:100BC0000501F3F00FFB030A070903E907140DE21F
:100BD000131614F6FB1E03E60D1FFBE7F8FBE2E01D
:100BE0000A1A38F2E4DF1F00F1050D0809FC0B0CAE
:100BF0000B0A0F1DF0EF0B3D260A1D1804F8FB1D14
:100C000006FEFFFD02ED2413FB2F09FB19E6000A87
:100C10000FFD15031D0DFEF205181FFBA0C8E9E826
:100C2000EA07EC1716FA1A11FBD7140CE10B1CF4A7
:100C300026230402250916031606010F160D04FCCF
:100C4000F3FE1FF704DADEFAFDFFFB10DDE82FFCF0
:100C50001013CAD920F9EC16F9EBE00035080405A9
:100C60001B15080F0C0313EE35E0E52BF3B716FD4B
:100C7000EF130890F2260002FEBE0CF508211E0BB1
:100C80000E07280A190B0E053F2D080219E84E22FF
:100C9000C7E6FC001137DF0D16C8001E1B0506FF56
:100CA000F3FE0000CD2127F6071001032B13E7E127
:100CB0000A090324E1D817DE07FCD926FC1A2510FF
:100CC00009F8FCEE0123FB1908EBFA14161338E3BC
:100CD000000D06FFED0613F5EA084D013ABD41157A
:100CE0002813FF10FC2EDC0D06F7D9C91A1109FED6
:100CF000010323E502FBE76020110B2A07FC03E157
:100D0000102918E70D07D5262413073B35F80107EE
:100D1000F702361C03010EFC0A041C1702092A0301
:100D2000FB06E8F7FFF9F2C8EBEAED01ED37FAF65A
:100D30001CC113DD1CD9E430F8EEF50CF2220900D9
:100D4000F6051F1B1615FEFA161CE6F7D8100BF752
:100D5000042EFEE0152DECD1BBEDE0160E1A22CAD2
:100D60001404EC0A1BE3FFF3F6081909090109252D
:100D7000EC0510D1C3D1FD0AFB03EEFF0CB70C2527
:100D8000F624F5D4CCECF309101405D80DEFF011CE
:100D90002E0ABCCD19020CF7F1D9C1C2E00EEE0F3C
:100DA000EA2057FDED2403EFDA0BF0FAF7F6F4042E
:100DB000E1F4D0040532F617FAF7FD18E615FFB195
:100DC000EB2F1B2922FEEDF931E31BE1FA0AF80CA7
:100DD000B2E3F91A13E7D8E2070BDDF20112E3F2EE
:100DE000FE11FA27F0E5B6F7CAF813F2F116FD186E
:100DF000481F0D1AD204E3E515FA3BFA061106F571
:100E0000344B11100A0D11FDFDE928050ABD1AEE3B
:100E100024151FC1163EBB1A32191FE72101140DFC
:100E2000F106011409F71102FFFD071C260DF8ED6C
:100E3000F524F60E03F8EDEFDB14FF286E00EBF758
:100E4000E90C020225EFF230151110F6F71E2AF612
:100E5000F6EC07F6FF129BF0C8B70860E3C8FD1276
:100E6000ACCF48FF3916D71AF50B2EF42603F3E35F
:100E70001515F9FF122C44190D10FFDA1EDE0D1F97
:100E800000FF25091E2F2FDC0F02033024FA0B0D63
:100E9000F9142C160B17F1E6FEF4EA04061B1630C3
:100EA00035140911E00DDD1DF8D209ED0B81DAF0E2
:100EB000E71805273300F6F70C061C1904DEE52CAD
:100EC0000A09F4F0DF21EBD8143D1DD255F6220EAD
:100ED00007E81BE8D9D630FE00F526051406F8E72A
:100EE00010F1FF1DED2CF6FB100E04F7FBD052366F
:100EF00062052B24E9EE1BDE11EDE803F7DADBFFD8
:100F0000FE03F90114F6E4181004D7FA130B0607D0
:100F1000EBF5C112FF0FEDB176B332EFF802FC2111
:100F200099F0F5F3131814FFFA05E62421F6EDDF26
:100F3000042817C3EEE5DFDD0C06DF4FF719A4F236
:100F40001D0724EB2004F0E6E919FE021BE415045A
:100F5000E71A0B0809F6F8313D0902041A19FFFED9
:100F600048151B352F00F32DF6FD3B39CCF810F456
:100F700022FA4DFEF700FF1A0B18E40B0C32D6E7ED
:100F8000E9FC010B052BDDC4F3FB160421250F281A
:100F900059FB2118EF21EA0EEA0BF4E90B32051593
:100FA00008F704ECD718010513211B1EC3201F31BD
:100FB000F2290F230D05E0E8BCFE0E15ED1F0FF71B
:100FC000D3F130FBF4F119E9F7FAF61108FD0F2817
:100FD000E30EFD313219E5E52327180F31FA1CDD48
:100FE000F41DF2F725FCD1FDD701FD0AD7F8040660
:100FF000F8F2F422FCDA0CF0100891EF1CF517F06F
:10100000FED02FCC201F1602F4E3F9EEFAF8BFF55C
:1010100004F6F2FD1005130AD4F912000C112CE3AA
:10102000FA2401DDFEFC0117E7DDE129EE241312AD
:10103000F801EBEC180C1510F0ECE7F4E7D702EB35
:101040001D1535FE10F81405EC07FEE1F1FE1447FE
:10105000CBF7242CEFED27070CFCE81DFF14F4FC64
:101060001B0EF6FC0A02F904071A392F050A03E0E1
:10107000FBDB4EF832CB243001092D050BED11E2DC
:10108000FD17093F0DFB0D211E0E03F8EF0D191F73
:10109000D1FDCF19F010FC0319F53B1503EF08360D
:1010A000F7EEFBEA0BEAEC19082E10EAF220F7F350
:1010B00015060829010EB0219E1C20DD0A30170BF1
:1010C0002EDBE108111221FA19DC09060B340A257E
:1010D0000703070A20FEF50AF80613020702FA0DB5
:1010E000FE1232F5C4E3D6ED0D25DA2C0F3501FAE8
:1010F000EDDB071821FC07D7FC0712EECFF1F10456
:10110000FDE91DFD2910D500100908F9F4F6F4DAFF
:10111000FDF924041C0900080300220BDE0BE9FE84
:10112000F00AEF0800EC240E47F346DC81F1010CD5
:10113000F1F800DDF9D1FD24FA0B1304F0FA0203F3
:101140000408F8FCF9CA0F1DE30D09EEF202F637A8
:10115000CD02C90DF3ED0502F72C0C10FD08C507F3
:10116000EB031F0E25DEF2E7FEEB0D21FE060EF768
:101170000217050A15E0242B000C1504FEE9DB1705
:10118000D6E50AFFFC11FBEBF3070D181412120948
:1011900001F9FF0D0B04F11A07C9F0031E0CF41935
:1011A0000C100BF5F3DF34E507FA06F31509FF0819
:1011B000FCFCF50803FBFA0BFA0A042D19E5F5FB14
:1011C000120B0902030E06FD0BFC00CBDCF108023A
:1011D000201BE1D4EDF7EE0401F1FC0CF2F6D8E4AB
:1011E00009F9F30C1CE3BCED313132FD15E5FAF0E1
:1011F000CE2E0D020AEDF31816F60AFE08FB090DB5
:10120000E2E8FE06FC0E00FFE8F8FFFBD90B2336F0
:10121000CBC10B211D18E8CF1FFDFC14FBF00DE323
:10122000110AF302050C0605FDEA0B08FB13F9FA97
:101230001010EA0834F2D4F1000001FED51B18E2C8
:1012400013061F00EB1A0909FF1111F2FCF90EEF4A
:10125000E00C18130D060E23BE3A12F91A000AEF1D
:101260000DE2B3C8013005E6DD051D24FB030904CA
:10127000F4EBFA01EDF11CFFFCE3FF08202C220D3A
:10128000F820E8F603EFF920F6F80010D612F3F88C
:10129000010137F419E6E4FA0D040A0C010E0F11EE
:1012A00015FE0416EB160BF52D070B18FECEFD1BD5
:1012B000E605E2141011201CE605EC040BF9F6FE1D
:1012C0001FF4FB26F7F4CDEFFF05C8EFFF18041E4F
:1012D0000308EDF20EC91EF1F7FC1B0A04FDF8002D
:1012E000141EED21F4FCD7030AFBF4EBFAFFF4ED36
:1012F0003CFF1E02081D02FEF10C27F0CCD419F5AC
:101300000F110402E9FCF2052B0F01F10FFEDB16B1
:10131000FFEAE2DCFC08F1E628D8E0D02C2101D677
:10132000F831E20BDF110C221FF6FB06F3050EFC71
:10133000F5FD07000BEEED0F03FE11FCF2EA09F0DC
:101340002ED8CFFB0AE6B93B0EF8DE10E912041BDB
:10135000FEFF0E090E1A050708FCF1090C070B0920
:10136000E724F62A1B02B9EAF71F0608ED41FEFD45
:10137000011DE1F021EA010CED130CF3FDDE01FD8E
:10138000151B14E51601E20A3AECFDDA2C09F907FF
:1013900012F00FE5F4E5FF05F7EC100310162D2C05
:1013A000EC08EA02FFFA0BEDF1252111FEEC13FF28
:1013B000E71FCCFBFF00F5FD1803FFE00DE7E50399
:1013C000130617FD02F91E04F103D9F3EF090E22EB
:1013D000081B280C04DF0FF7F90AF1FC0EF8E4D91A
:1013E000EB0A1AF6FDECEAF10A1207120210EEEF10
:1013F000ECF70EFA0EDF00330BE6FBFA2223F3F7CD
:101400000307EB14E8F23DE8F11511EB04F60104D3
:101410000CFFF8F1FAFEF8F6091501061EF7032491
:101420000BF8E729D806EA070601E71CDDF50BFEF5
:1014300013D406FC0108E60FFF17F80E0A02041A7F
:1014400006ED0211EE09BB1B01F941DBF5EC30FFA3
:10145000EB0EE83C05F7CEEF1D05E600E400F302D5
:1014600019EFFDE2EB1403F3050502FEB7EED622F9
:1014700013EA07F8130ED72A1119F8EFD8FDECE993
:101480001EF508191F0E1BE7EBF7EF0D09221505D6
:10149000F6E506E316F2DA091DFA05EFDD280AEC97
:1014A000131AE50AFE0F17F911EDF501ECF50B1112
:1014B0000AEEE9FC07F81C03FF0AC1FD241503E648
:1014C0000A0FE21B23D3F502F312101105100601D7
:1014D000C40AF80123100C01E8FC10130206E4E032
:1014E00014F526FAF6FEF6F91CF825EE0B36F7F998
:1014F0001E0A130DF71D030FFFECFDF20434140454
:1015000003FCFF09E8E63D43F4F1FF0308FF0CC5C7
:10151000D1DFFA00150B02090604050917F3D9DC1F
:10152000FF100700F8E0F615FA0AF9F0E9ED1512D8
:10153000F60CDB05CAB51CF3000BC6FA1105030D4A
:101540000200FF1CE3FA0DF2FBEFFDF602FA0DF5C7
:10155000B8E3FFF20AF302F000EDE217E7FBFD1437
:1015600003E00AFFF80BF9FE1612E6F7FA000E0385
:101570000F04EF0EFBF5E0ED4AF8060BEC00F51753
:10158000EE1A4CFCF30904F4FCE6EC030F0AEEF54A
:1015900002E2F8251407F8060904E1DACEB8853727
:1015A00015E8E33803E0A1389B2320399AD8FE38A8
:1015B0008C52FC38011006399DD8C4380689823710
:1015C000DC7C2039E884C138A086FD3818CA83370E
:1015D000B14D0A395CEBBC3884FF2D3916D4AA38DA
:1015E0005AB11039A6640B395A7FD63849E8E33826
:1015F000A884813739992D39F3CFE43863A51039A0
:101600003AF6F73837D31D3915B64A39A33FFA38B9
:101610000131F038A267CA389F081039A60CBABB4E
:10162000D40D533CA1E5F53C8F3F943D5D2A71BC40
:10163000475B693BD117673CEA73773C1C6B5ABC2C
:101640006CBB13BC48B4313DA149CCB9682E313CC8
:10165000857D3B3C1C646A3D31F2C5387F65873C23
:10166000EC79753D9D20DD3C420F0F3DD754953CF4
:1016700062530ABD95B5183DD857913B02F70B3D13
:1016800075AB373D6281263C23B6D73AF969EB3C0E
:1016900068EF353DD0E5143D911FAA3C0024F44885
:1016A000833B633E3C59833E5DB2373E17D2483E92
:1016B00018FC563E7C1E573E0A38713E0024F44802
:1016C00054AA773E74A56A3E2646813E0024F4481B
:1016D000E177613E5DC8723E1255643E3F934E3ED7
:1016E0008ED75E3E83C6583EF0713B3EF90E693E92
:1016F0000024F448E636633E85A5853E6F65443E8A
:10170000156E3D3EEB91643E1C9F563E5D8D7C3ECA
:1017100005A85C3E2A834F3E8D88763E00000080FF
:10172000939DF2BECE60FABEE54BAEBE7B2CF2BE00
:10173000A5CF10BFAADBE8BE3D9D41BF00000080E1
:10174000F7B9E3BE25235FBF8F592ABF0000008091
:1017500092B61FBF442358BFBCAFC3BED80038BF2A
:10176000FDE066BFB93724BF1F6516BFE26E12BF2A
:1017700000000080519E47BF731877BF9379E2BE87
:101780004FA41ABF1DEB25BF054EFFBE2416DEBEBB
:10179000529E8FBFB78831BFF5FDC3BE62BECD3547
:1017A0008153DF6540C17F3379B4E5C318FD7F37CE
:1017B000DBB2DBABCD0F5B63BF672355378781B2ED
:1017C0007F1B5ED77EB048E8964FA908D5CE81B67C
:1017D00046F77F6705D25029B8413E7FCAE7ED0D35
:1017E000CBBE2CD35D00853B7D98993B1629863B6B
:1017F000C3DD353B7CFD313B627D2B3B62020E3B02
:10180000447AAD3BDFBE1B40C63F0FC0F616E13F3A
:10181000E6BB2B404373B23F62A818C0D53224BF49
:10182000C4D9813E81E30AE542C1A84AE4E2EBBFA4
:10183000F80295C7E31CEB12410015DF819840398F
:10184000111FFF2461CA0E3A382FD5DCD0D866F8B4
:1018500031C9C2C50754CEEC3D390F2B2709B095CD
:10186000D80CE53B31FBBDD9E5F4EF7FEFCB8BCC5A
:10187000F8E21218B3133D54BD04E78B85AA90E833
:10188000EA1837563703FF5F0710DA09DF589BB1B4
:10189000E2D709E0E6E210CB123429B9FA0045019B
:1018A0000F0CD2F0EF0405F1F9234E2000810B1E3E
:1018B000AD2EEACAECB6F1262625DAB22A1EE214CB
:1018C000DC353602DC0C0900F1FBB7D3DA162CD973
:1018D000FE251FB90D09CDED353188DEEDE60FC8C7
:1018E0000C81BA100518D2FFB3B6BE02E5034ADA7E
:1018F000CA01DB1FCBF421E62C30FDDEE2CED2B7ED
:10190000F7F5FFF2E5D98125F227E4F0C0E20EB544
:101910000E2E3505EFCCE3DBFFDB1F03E508151CBE
:1019200028C7E1C1D2A12AF6BBBCB73EF9E5FD0646
:10193000F0C5051FD9CD0F25481F10F198CF59BC10
:1019400023FEB694FEC88EE321101A31133B5E3E8F
:1019500006E128CDEC3BFC00BFA0D117C8D02CF18C
:1019600040032213C516A881A98FB49BDF0301236E
:1019700013B303FEA428CCFAAB1FFD361500F0A864
:10198000341EFFC4D2EB0090EA0A1206A49E81E640
:101990002725EA1402C7032041052735F7BE51F871
:1019A0003BCA23ECE711E0DDE0F403B3433130320E
:1019B000C30A20AEE3E1040A22E5F73C5A3B0DFFDF
:1019C00020A03227F2DDD924A7B2BBBBEDCED89F31
:1019D0000DEDE11FF03F3AF6ECF5DF169781FDECD7
:1019E000D2DB0CD8D0BBF720FFECEEC135FA087F74
:1019F0002AA0DFD7DF10E323E527F31007D8EDF5A2
:101A00003108DFCCB4B1E2E00EF5C0DA140D2EF0EF
:101A1000E9D10D043C1002D2F918FE34F2BFE1EE18
:101A20002D08E7194530FA7F3AFF0F215ADC50F0B4
:101A300085F22626DAECE68DF015314B534A443117
:101A40002EFF4307F7221217F92D47E0F7DED6BC29
:101A5000DBB381C7FBCD23111111DD7FF5D4D03469
:101A6000B1B8EECE1234FA21C638D1B1FDF145DA63
:101A7000C9B1FCE1A427E316BCC81EE73842CBE697
:101A80000AB12EF5EBBCF1EABFECCCC21FEA42185A
:101A9000C5C60807EF144041E8812B3256D2DEF963
:101AA000C7591DCD5F2F089335201CC4DDDF4B7156
:101AB000F8A81F1F23EA2BACA6C5061F87463725AB
:101AC0003925735F29B7F82F3BF9BFD3C0D07815FC
:101AD0007FF9D411D11EDADDE93546E7B28FC69E13
:101AE000D924F4DBCCE8B9E51BDA950A1428340DC7
:101AF0002BEAE5E31C47322ACDF71D23D2F5ECCAC9
:101B0000FF030F3650432DE96629063407D3B5EAA3
:101B1000C6EE3C40D7B4E10142A9F33D25B9B6E693
:101B2000DF9281BEE7388ED497D8D1FCBDB2A5B77D
:101B300016E0D743D636DFD21F21D8F502CCE2F328
:101B4000E0CB8189D3F21E2A40C4013422FB215309
:101B50000D35F6BDDF27B60AB80404CC15BEDC0788
:101B6000A41FE50AEFE40D4C31E307EEFBE1B814E6
:101B700001E7CE0E2E1320E8E113810B11EF12F9CD
:101B8000A1362F1A469596C1C20C51E1F33CDEEA0C
:101B90001E1ED0B609E096B856482DFC1B0825C37A
:101BA000AFD4D5C08588C63B82729F3B9E9FFC3BCD
:101BB000790B9E3B2595FB3BEF2A3A3B52CEB73B38
:101BC0001D5C1A3C58EC303C0B1B9F3BBD15E43BA5
:101BD00011C0593B76860F3C3032F53B1BF9DC3B9C
:101BE0006CDBB83B580B33416038D741B9056041D5
:101BF00039A5044239040B4239309F4157E7DC4193
:101C00000DC124426B420B42CAA94AC1DB52244295
:101C1000363E6BC19A2598412BB64F4239A8B14147
:101C20000E4CCF41EDF1B539D902E417F8F013FCB1
:101C3000EF4028053AD52F450C36DD2B1BD619E78A
:101C4000FAF9F40521062E81F80CECDD3807222E76
:101C5000E400F506E0322160184CF6EE10F40908B5
:101C60002F15EA0EF7D1CAFCF546AEFCFA08EFB420
:101C700015F51ED79E36A8010013211943370AF423
:101C800036E3F2E1BB3F3820D51F35F7E0CCEBFB64
:101C90000013FA02E023202C4A23D1F78125DA41F0
:101CA000F2CF15DEE123242AC10AA1E3D9172E2998
:101CB000C8239EE90453EA12B72215E609D2F60AB0
:101CC00006FE9B19F5A1E92B54FB06FDDE1936B67D
:101CD000DA07A42EF6BA12FC3910EEE8F61BCDD6C0
:101CE000D6400632CEDDDC714227493AA8D00B3D02
:101CF000FFCCF01022604E20F881E726E1C32D3C96
:101D0000A4D97B552EF6D3DDFEBAB8F6250A48C70E
:101D1000CAA21D7839F84AEC24D7FDD0F605E7A110
:101D200019DCF60DB2183DE7160CDA0D05F35F1954
:101D3000FD1081CA232F7B1FAD1330DE25109FC6F7
:101D4000C8E005D3FDEBDBC932F251FCCB02F9FB55
:101D500021E20AFFDB2026ACCE104B2AD7C7C8FBF6
:101D60001E19FDB8F81426CAD624F08EB542E83004
:101D7000EA1BB9C113C6CFD6A524E92B3EDA071456
:101D8000E2208CEB27D41AC315203BD3D821411B6A
:101D9000A5150B0F282AF0223A3DE90D26D7F8F9B0
:101DA000F60A7F42202DF9F80E27FA221E07201D81
:101DB000003B14DD0300F71DB3BDFD3A10D4C8C1CC
:101DC000B5C7EA86B60F18FDD1ADB7A8BB0F02DBC9
:101DD00013F21BF20F48037F4A4F31CFF32142CF5A
:101DE000F0ABFECE43201C84DC0A210DCEE81D1191
:101DF0000AF004272BC3DAC34D2D4120FCE91F4B09
:101E0000D6B8D522FCDA04DB27EAB909F02207CCE0
:101E1000EED9D7B8F6F44620BEF21F01ECE132F657
:101E2000F1ED90E20A1BE6685D3820FB0E183BD806
:101E3000FE38C9FE4410CBD2061EE5175C031B1BFF
:101E4000D5D834F6C7326A4427F4D88AD70B0A812A
:101E5000DCD3D90F0B42CCBFC4E40CCFCC313A4E0B
:101E6000B7F2CF2245318FE8FE81FD291FEE6334A2
:101E700014083DB51B4C289C196534133346C3DF49
:101E8000E31545EDF800E16321170A2816F908D497
:101E9000FF042E1DFC64BFA2BA250641D8DE55C73B
:101EA000FC4DFEAF020CE1EFEF22DA49FF431F2B9E
:101EB000D1C8D51E0C04F2FCF9CF033328C8DB06C9
:101EC000E2FF7FF0E2DECEF4422BBAF603F1EDE959
:101ED000FE1CE709E4FF133CB317F2E82D25D2F608
:101EE0005BF6E101FEEDCF31BC0754F0DEEC07D22A
:101EF000054A05C12B06FCD8210B19381BDEFFDA79
:101F0000EF1EFDDDDBF90C12180319E8F0A13AE829
:101F100000ED811EE8E72E3A1D1A1CEC31F004E4B6
:101F2000C912F10D02DB0049CC96E9E2FA374612FC
:101F300019F6E2EDFCE2FC1A14E0FB381CAFD9F50F
:101F40004011123FF73FD620F7E938E64537A7FDA5
:101F50008D25020A28350A28E881189DC22A3B1FD0
:101F6000F511D6FCFBEED3E0520B13065E1FAFC596
:101F7000F02CFEF31DDA1CD7175DCBD9F42832D72D
:101F80002F1FC73B13D0251FEA3EF3EA25FA32E89C
:101F90002609F101B732ECF218191EC0F72ED9CB81
:101FA000D51017EFC732ED09077F22F30DACF94EBC
:101FB000D9E3300A0014D712B81CDB3D0D3AA24D0C
:101FC0000ABD231BE5CAF5F48D0E9DF9E5EEA7F4D5
:101FD000AF02B5DA3941E0D0D9EC3021E6D4C0A166
:101FE00011FD92DAF320F3149B336A37293C83BF47
:101FF0000613DE2B3031B7084A4AD2EE1C5CFDE5F1
:10200000C0031AEF96BA15BA43683D3448ACE14EA6
:10201000DB332325EDE47F781147D0B7123338F74F
:1020200001E40CCFF2CEFF9E11CEA34700CFF1F218
:102030001AEFFE3BF6FE5A2505344BD6CF32D3F4C9
:10204000180DA7C3B44F7E31E70129BF3F48F824DC
:10205000CDF6171D131F4026CDBE2905EC26E44002
:102060003E26EAFAFA49FC239C000CFF17F7090206
:1020700081FCEF0057FFBF084613F5190A01E83B42
:1020800022FAFC12E5D012CAFE1B46022F041FC121
:10209000D9EEF9E6C204F7CE11EABC1C3CA443CE4B
:1020A000F94497B1932CBD7B2A2441BEDED72B1E69
:1020B00028562FE63E32E802F2352019DCECEDEC32
:1020C00031BE4CE1D5773472D4FC34EC1ABBEB94BE
:1020D0008115F7F5B8FBF7C4E31422DA0A194AEBC5
:1020E0004FE7C61B692B14393A7FFD3C1613C32AF0
:1020F000B5C91F2F50DD138322ED0ECF0F63D521FD
:1021000006F8D3BF0BFBE23CDFCBF719DEED234132
:1021100046F81614E1020890B6F482EAF33F1CBBBD
:102120000ECAEEE3290ADACD813F4491F924130265
:10213000CFDE982023CFCEEA126DE81D023C571E59
:1021400050D435CC1B180C31D9D5D71DE9002A4DF8
:102150000020424DF71BDC0011D6D2E12141B8E945
:10216000EF34FD2D4B3AE8B2E875C91F2BC13B286F
:102170001809E3DF05471C141DDF00FC09F906FB05
:10218000E009E50628CC81EB20E6F9E4E20C49D62B
:10219000D2BCDE2832C3F82014222EF0C2E3F1DFD5
:1021A000ECFACFF5FC161603FFFACB0E09EC07F894
:1021B0001112582CE317C2FD2E1FDAFFE8F9F2EBDB
:1021C00010482A21452A41FEE7E612F4DE2D9F4DF4
:1021D000401E419900ECFEDE97258C152EB4EF9938
:1021E000AAB669DB2D04FCDF13F9C4E4E512B5FFE0
:1021F0003BC6D28AF63CBDE0ABE821FFF215BC1C21
:10220000FED511622A7EED163BC45DEBCCC1DB7FAF
:10221000FF19F2260E1028EFFAE03A3FEACCE7CF9A
:10222000BC35F3A9860AEAC3F21618C499DE14F184
:102230000BE2E10B6BE9057F531E46B1DDF507BAF2
:102240001EC7FCFC42F2D6DCC69CF601DCEEF51E95
:10225000C3E056B5F147EA520A2702921FD51CC2C5
:10226000182EED107530E4BB02F008FB3521491C37
:1022700019B6990DEE8FE635E00686CA7227E2326E
:10228000DFE2FAE9A931CFDB27FC4B40F93206F255
:10229000AD3F04F4E61881C90AF20C3ACEDD3331C1
:1022A0001CDB2C50EB9D2D315A341142FDD7E45BE1
:1022B00021B0504E0FDD02ED19CAFE570BFDF5D5CA
:1022C000F5E218E01BEB21A7F78115431A26081148
:1022D0000EE817CF0D20EEEA2B4523CE179DD6C46E
:1022E000132B05EACF373915DF1F3A01DA00280929
:1022F0006449C1032505AE080E272F24E4EDF5013E
:102300002C4A2CC1183CE7C2F5811CDA13E91EC720
:102310001EC9DB1BE2C5C9D2CFF1C558E81B0BE3D0
:10232000ED12D43F20C7CAE9E0F813B4EE48A4CEBA
:102330003726E1BE260429CAFFF51E1BF2F2CDE0C6
:102340001500F6013604F83D71E5424747E11BBA36
:102350001F69EF05F810DEE0F4F43CBDE621B5A2FC
:1023600008C1057FCF0EDAE7F0D700FE113E3B260D
:10237000FF3CE7DAB7BCABCC0F0518BF370CEB1747
:1023800012081F1C02D2F1E344F409CE35F2B8D38F
:1023900047112FE7E7D33CDA28F2CE3BE6DC04C452
:1023A0004DC222E80911E381CDE1301CFB3521D378
:1023B000302307F9100DE0F79CFA0A2D0A1F0D1EB5
:1023C000E4D0440115EDABAFDEF9DCC43ECEC4D0A1
:1023D00028DBF22B09A7C61F331602D4DF2BF8DB4C
:1023E0004313D0FB0CFBF30AB703F920E8C5F5EB68
:1023F0004F27DBC7396BE2C9080E40EADF114D2CCD
:102400001602BF4F221D02F1810E02E812BCCF213D
:102410000CEC1C3C3D0F10B2F9D5CC3717EDFCF09D
:10242000E2A3F410D01FCB1BE114C61D3EFBE63324
:10243000EEBF004D3A6611C93F45F50AE8EDFBF3E2
:10244000290F030835CCE2CA1B0B70F31135B2D447
:102450005097154DFD261528E36B04F328C0282C52
:10246000F3B681DEC8565C900D23C318781216D7D8
:1024700088F40410B3FED64216999CD1D67C4ED671
:102480000DE824D8F1C418A33D42690D1107EF05EA
:102490002DC77026F2002A4F29372EA9DE0F4F0BC9
:1024A00008EF332EA7B2FBAA39E8A8249F5B527924
:1024B000E8F89EBCD8CEF748DC0CF22BF243F15280
:1024C000BE6E4C24D63C1ADFC9E00131C5F8B20615
:1024D000C9EE08E0DCDC475A3648D0C31B0DD2CA2F
:1024E000B203417FFF28EDCBDC2D20A818662D1903
:1024F000B868AF40EBB0ECF4E7A6B036050C0B14AF
:10250000F9F11C777BDAF5B26FEAD7E5A9E2BD7F76
:1025100032CDF81F151914FF1857E7FD480CAE39D6
:1025200038F29E27FE39AE7B0FFD976F0ACE14CE90
:102530006A459B1B38E3D439E613EF2EF8BEEEBE96
:10254000DE982F44D206D4C27FDAEAD0E1363D0DC0
:10255000980639140E2017481D17B2E12DC709E956
:10256000E74FEFB702FDE8EF5AC3F24DEB4BB4BFB4
:10257000CBDB2D21CB18F7205A59399C0DC7F91404
:10258000DFD3C53A451FE8A0B3CC07C8B54500DE88
:1025900021AFBC3BD8151B005A1B841CEA334D28C5
:1025A000171488EA5618129D001623BA18ED8135C3
:1025B0005943F6DEED340577FC12EE26F8040ECC16
:1025C0002B26F3F90DBDE0182D2DA81EFCFAD89D81
:1025D00021D4BBB917D489F6F7AB1FB4E0F3D433D9
:1025E000960CE0CABADAF2E102ADD922FD15171D48
:1025F00009FACAD4134434CA5E2316D87FF60B1DD9
:102600003BF10AF99A274FD5220D37BCE6120FC5C8
:102610006CF21A01E092BFD20041190D0CA52328DB
:102620001A1225CB78BDFC3B47F2C63B3EB39E3B1E
:102630006C30D03B47C7D53BE023F83BA3BEC43B3F
:102640003D28D93B899E0A3C224CEF3B13D10F3CDD
:10265000AA54CF3BD075923BBDB3D43B80EDAD3B8C
:10266000BD7FAD3B3128C73B32A00A3CDC2CC23BCE
:102670006B19E43B9B8CAA3B3B2C113C790B013C36
:1026800046E50D3CF3E5013C0E680A3CF8F4A53B39
:10269000794AA93BAA9BC43B5F48D63BA4B5E93B1A
:1026A000674DD33B35FBA6C16B5DAB40CB50D5C06E
:1026B0004356B44163BC69C1B61A14428EA89B400C
:1026C0003817E3C128E9364172612CC03DC0DBC137
:1026D000A5C754421FDFA4C1E39945C2E2CEA8407A
:1026E000DEC90AC0F312D5C169C01D41C103C7418B
:1026F000F98C0842AE23A7C1638EC0C179C0B54131
:10270000A62B1242AA9E3D422578E4C188D935C144
:10271000A39F89C1C1E2C4C10F73F7402FF589415E
:102720009CADD541542030303030306D73202020A6
:102730002020202000000000533030303030202096
:10274000636C732030302020004963686950696EE3
:02275000670020
:102754006CD9FE6F01000000E023FF6F0100000050
:0C2764007027011000000020020000009F
:082770000100000000800000E0
:020000042000DA
:103B000000000000000000000000000000000000B5
:103B100000000000000000000000000000000000A5
:103B20000000000000000000000000000000000095
:103B30000000000000000000000000000000000085
:103B40000000000000000000000000000000000075
:103B50000000000000000000000000000000000065
:103B60000000000000000000000000000000000055
:103B70000000000000000000000000000000000045
:103B80000000000000000000000000000000000035
:103B90000000000000000000000000000000000025
:103BA0000000000000000000000000000000000015
:103BB0000000000000000000000000000000000005
:103BC00000000000000000000000000000000000F5
:103BD00000000000000000000000000000000000E5
:103BE00000000000000000000000000000000000D5
:103BF00000000000000000000000000000000000C5
:103C000000000000000000000000000000000000B4
:103C100000000000000000000000000000000000A4
:103C20000000000000000000000000000000000094
:103C30000000000000000000000000000000000084
:103C40000000000000000000000000000000000074
:103C50000000000000000000000000000000000064
:103C60000000000000000000000000000000000054
:103C70000000000000000000000000000000000044
:103C80000000000000000000000000000000000034
:103C90000000000000000000000000000000000024
:103CA0000000000000000000000000000000000014
:103CB0000000000000000000000000000000000004
:103CC00000000000000000000000000000000000F4
:103CD00000000000000000000000000000000000E4
:103CE00000000000000000000000000000000000D4
:103CF00000000000000000000000000000000000C4
:103D000000000000000000000000000000000000B3
:103D100000000000000000000000000000000000A3
:103D20000000000000000000000000000000000093
:103D30000000000000000000000000000000000083
:103D40000000000000000000000000000000000073
:103D50000000000000000000000000000000000063
:103D60000000000000000000000000000000000053
:103D70000000000000000000000000000000000043
:103D80000000000000000000000000000000000033
:103D90000000000000000000000000000000000023
:103DA0000000000000000000000000000000000013
:103DB0000000000000000000000000000000000003
:103DC00000000000000000000000000000000000F3
:103DD00000000000000000000000000000000000E3
:103DE00000000000000000000000000000000000D3
:103DF00000000000000000000000000000000000C3
:103E000000000000000000000000000000000000B2
:103E100000000000000000000000000000000000A2
:103E20000000000000000000000000000000000092
:103E30000000000000000000000000000000000082
:103E40000000000000000000000000000000000072
:103E50000000000000000000000000000000000062
:103E60000000000000000000000000000000000052
:103E70000000000000000000000000000000000042
:103E80000000000000000000000000000000000032
:103E90000000000000000000000000000000000022
:103EA0000000000000000000000000000000000012
:103EB0000000000000000000000000000000000002
:103EC00000000000000000000000000000000000F2
:103ED00000000000000000000000000000000000E2
:103EE00000000000000000000000000000000000D2
:103EF00000000000000000000000000000000000C2
:103F000000000000000000000000000000000000B1
:103F100000000000000000000000000000000000A1
:103F20000000000000000000000000000000000091
:103F30000000000000000000000000000000000081
:103F40000000000000000000000000000000000071
:103F50000000000000000000000000000000000061
:103F60000000000000000000000000000000000051
:103F70000000000000000000000000000000000041
:103F80000000000000000000000000000000000031
:103F90000000000000000000000000000000000021
:103FA0000000000000000000000000000000000011
:103FB0000000000000000000000000000000000001
:103FC00000000000000000000000000000000000F1
:103FD00000000000000000000000000000000000E1
:103FE00000000000000000000000000000000000D1
:103FF00000000000000000000000000000000000C1
:04000003000014F5F0
:00000001FF
